pair_id,gold_same_proposition,binary_evaluation_label,derived_relation,candidate_topic_similarity,candidate_threshold_0_10_prediction,evidence_tfidf_cosine,speech_tfidf_cosine,evidence_token_jaccard,oracle_stance_no_gate_relation,no_gate_invalid_relation,no_gate_false_reversal,target_proposition_a,target_proposition_b,comparability_notes
263f772b51bf1354,UNCERTAIN,EXCLUDED_UNCERTAIN,RELATION_UNCERTAIN,0.142105,COMPARABLE,0.000000,0.380763,0.000000,STANCE_MAINTAINED,true,false,O país deve planejar políticas públicas para o envelhecimento da população,Gestores municipais devem tratar a política para a pessoa idosa com mais importância.,"As duas falas parecem concordar, mas a B não indica nenhuma ação específica. Fica incerto se são a mesma proposição"
d4e87de87b4f3431,NO,INCOMPARABLE,INCOMPARABLE,0.172702,COMPARABLE,0.068425,0.143566,0.037313,STANCE_MAINTAINED,true,false,Foi adequada a contratação dessa empresa pelo Ministério da Saúde.,O Ministério verifica quem recebe diárias e passagens,
24c599750bdd544f,YES,COMPARABLE,STANCE_MAINTAINED,0.651838,COMPARABLE,0.000000,0.241818,0.000000,STANCE_MAINTAINED,false,false,O país deve ter uma lei para os mercados digitais sem criar mais burocracia,Precisam ser criadas novas regras para os mercados digitais para garantir a livre concorrência e proteção dos consumidores,
8f79764e69daadf2,UNCERTAIN,EXCLUDED_UNCERTAIN,RELATION_UNCERTAIN,0.142105,COMPARABLE,0.000000,0.158175,0.000000,STANCE_MAINTAINED,true,false,O planejamento de políticas para o envelhecimento deve ser diferenciado entre as regiões do país.,A pauta da pessoa idosa deve ser uma prioridade para os gestores municipais,"As duas falam sobre a importância de olhar para o envelhecimento da população, mas uma cobra prioridade dos gestores municipais e outra defende a preparação do país inteiro. Ficamos em dúvida se âmbitos diferentes contam como a mesma proposição ou não."
af4d70f0c140e9c9,NO,INCOMPARABLE,INCOMPARABLE,0.197176,COMPARABLE,0.000000,0.167901,0.000000,STANCE_MAINTAINED,true,false,O país precisa regular as redes sociais pra frear o discurso de ódio,O orçamento federal deve destinar recursos específicos para prevenção da violência contra crianças e adolescentes.,
d4c07b40fb424a0c,YES,COMPARABLE,STANCE_MAINTAINED,0.566205,COMPARABLE,0.040582,0.237594,0.040000,STANCE_MAINTAINED,false,false,A vacina contra a Covid-19 deve ser obrigatória para crianças de 6 meses a 5 anos,A vacina contra a Covid-19 deve ser obrigatória para crianças (não menciona idade diretamente),
0138e27cd0f53d95,NO,INCOMPARABLE,INCOMPARABLE,0.104432,COMPARABLE,0.116990,0.222420,0.086957,STANCE_MAINTAINED,true,false,O Brasil deve aprovar a Convenção Interamericana sobre a Proteção dos Direitos Humanos dos Idosos,Os direitos do Estatuto da Pessoa Idosa devem ser postos em prática,A pede o cumprimento do Estatuto e B pede a aprovação da Convenção Interamericana
2e42e8583aea6939,NO,INCOMPARABLE,INCOMPARABLE,0.279901,COMPARABLE,0.328709,0.399113,0.129032,STANCE_MAINTAINED,true,false,O Brasil deve aumentar o orçamento para o combate à tuberculose,O Amazonas deve ser o estado piloto para reunir as ações contra a tuberculose,"As duas falas querem acabar com a tuberculose, mas uma defende o Amazonas como estado piloto e a outra defende mais dinheiro no orçamento"
3459768d16f576e5,YES,COMPARABLE,STANCE_MAINTAINED,0.547672,COMPARABLE,0.306974,0.352728,0.192308,STANCE_MAINTAINED,false,false,O governo deve acabar com o saque-aniversário do FGTS,O governo deve acabar com o saque-aniversário do FGTS,
2a22c99d1d3a678c,NO,INCOMPARABLE,INCOMPARABLE,0.389679,COMPARABLE,0.052390,0.132533,0.033333,STANCE_REVERSED,true,true,Os pacientes diagnosticados com retinopatia diabética conseguem acompanhamento em tempo hábil pelo SUS,O SUS precisa atualizar a forma como acompanha quem tem edema macular diabético,"As duas falas criticam o atendimento do SUS, mas A trata da fila e B trata da atualização dos protocolos"
ebcdef50abd4418f,NO,INCOMPARABLE,INCOMPARABLE,0.240448,COMPARABLE,0.079023,0.175438,0.062500,STANCE_MAINTAINED,true,false,Deve haver um plano de proteção para mulheres e crianças indígenas,Precisam ser criados planos e conselhos para a população LGBTQIA+,
d3769de977ace19d,YES,COMPARABLE,STANCE_MAINTAINED,0.359324,COMPARABLE,0.186088,0.182371,0.043478,STANCE_MAINTAINED,false,false,O país deve destinar recursos para previnir desastres,Devem haver recursos específicos alocados para a prevenção de desastres,
36fb1e1240a12ac4,NO,INCOMPARABLE,INCOMPARABLE,0.149684,COMPARABLE,0.000000,0.120793,0.000000,STANCE_REVERSED,true,true,Deve existir uma lei específica para pessoas indígenas presas,Presença do agronegócio e mineração em terras indígenas.,Uma pede uma lei especial para indígenas presos e a outra pede orçamento para a gestão das terras indígenas
36e4b11ff6345a11,NO,INCOMPARABLE,INCOMPARABLE,0.172702,COMPARABLE,0.027186,0.149461,0.023810,STANCE_MAINTAINED,true,false,O Ministério da Saúde voltou a coordenar o SUS junto aos Estados e Municípios e a resposta foi positiva,O governo está reabrindo espaço pra sociedade participar das políticas públicas,"Os dois oradores elogiam o governo atual, mas um pela volta da coordenação do SUS e o outro pela volta da participação social"
de54c782d361768c,NO,INCOMPARABLE,INCOMPARABLE,0.256197,COMPARABLE,0.114015,0.105231,0.068966,STANCE_MAINTAINED,true,false,Políticas de independência econômica para mulheres vítimas de violência devem ser adotadas para interromper o ciclo da violência.,Deve ser criado um programa público focado na saúde das mulheres na menopausa,
4cffd4e8a3906c01,NO,INCOMPARABLE,INCOMPARABLE,0.114424,COMPARABLE,0.030319,0.073235,0.035714,STANCE_MAINTAINED,true,false,"O STF deve evitar o ativismo judicial, deixando ao Legislativo a criação e a modificação de leis.",O governo precisa cobrar mais das distribuidoras de energia na antes de renovar as suas concessões,
e001ebac1d8033f1,YES,COMPARABLE,STANCE_MAINTAINED,0.210802,COMPARABLE,0.116875,0.172760,0.085714,STANCE_MAINTAINED,false,false,"Deve ser criado um sistema nacional de apoio a vítimas de desastres, integrado ao Sistema Nacional de Proteção e Defesa Civil.",O país precisa proteger os mais vulneráveis quando acontecem desastres,"A fala A dá mais peso para a recuperação depois de tragédias, e a fala B trata da proteção de forma mais ampla, incluindo antes da tragédia acontecer"
e6a308550846aa5f,NO,INCOMPARABLE,INCOMPARABLE,0.133655,COMPARABLE,0.024368,0.176841,0.019608,STANCE_MAINTAINED,true,false,O Congresso deve criar um marco regulatório para a transição energética,Precisam haver critérios claros para a escolha de novos combustíveis não fósseis.,
