pair_id,side,source_record_id,source_actor_index,source_opinion_index,prior_pair_id,prior_side,reuse_status,event_id,event_source,event_type,event_description,event_start,event_date,actor_marker_name,speech_text,speech_start,speech_end,evidence_text,evidence_start,evidence_end,summary_support_reviewed,review_note
62551a12ba0d40a1,earlier,149,0,0,8f79764e69daadf2,a,EXACT_MANIFESTATION_PREVIOUSLY_VALIDATED,70202,https://dadosabertos.camara.leg.br/api/v2/eventos/70202,Audiência Pública,"Audiência Pública sobre "" O planejamento do Estado brasileiro frente às mudanças demográficas em curso: desafios e projeções"" com os seguintes convidados: 

1)  ALEXANDRE SILVA (Confirmado)  -  Secretário Nacional dos Direitos da Pessoa Idosa do Ministério dos Direitos Humanos e Cidadania; 

2)  DANYEL IORIO DE LIMA (Confirmado)-  Diretor Subsitituto de Programas Sociais, Áreas Transversais, Multissetoriais e Participação Social do Ministério do Planejamento e Orçamento; 

3)  MARIEL ANGELI LOPES (Confirmada) - Supervisora do Escritório Regional do Distrito Federal do Departamento Intersindical de Estadísticas e Estudos Socioeconômicos - DIEESE; 

4)  MATHEUS GUERRA COTTA (Confirmado)  - Secretário de Relações de Trabalho, Mobilização e Inserção Profissional da  Federação Nacional dos Arquitetos e Urbanistas - FNA; 

5)  ANDRÉA DOS SANTOS (Confirmada)  -   Presidente da Federação Nacional dos Arquitetos e Urbanistas (FNA); 

6) VLADIMIR MILTON POMAR (Confirmado)  -  Geógrafo e Mestre em  Estado, Governo e Políticas Públicas (Flacso); 

7)  IZABEL GUIMARÃES MARRI (Confirmada)  -  Gerente de Estudos e ANálises da Dinâmica Demográica da Coordenação de População e Indicadores Sociais da Diretoria de Pesquisas do Instituto Brasileiro de Geografia e Estatística - IBGE; 

8) CRISTIANE DOS SANTOS MOUTINHO (Confirmada) - Coordenadora de População e Indicadores Sociais da Diretoria de Pesquisas do Instituto Brasileiro de Geografia e Estatística - IBGE.


(REQ 38/2023 CIDOSO, do deputado Alexandre Lindenmeyer)",2023-10-18T14:43:25,2023-10-18,Alexandre Lindenmeyer,"Inicialmente, boa tarde a todos e a todas.

Declaro aberta esta reunião de audiência pública da Comissão de Defesa dos Direitos da Pessoa Idosa.

Esta reunião foi convocada para debater o planejamento do Estado brasileiro frente às mudanças demográficas, em atendimento ao Requerimento nº 38, de 2023, de minha autoria.

Comunico a todos que o tempo previsto para a exposição de cada convidado será de 10 minutos e que será lançada, pela Secretaria, a presença do Parlamentar que, por plataforma de videoconferência, usar da palavra nesta audiência pública.

Tenho a satisfação de apresentar nossos convidados. De imediato, já vou chamar para compor nossa Mesa aqueles que não estiverem presentes de forma virtual.

Quero convidar o Sr. Alexandre da Silva, Secretário Nacional dos Direitos da Pessoa Idosa, do Ministério dos Direitos Humanos e da Cidadania, para fazer parte da nossa Mesa — é uma satisfação tê-lo conosco. Convido o Sr. Danyel Iório de Lima, Diretor Substituto do Departamento de Proteção Social Especial e Coordenador-Geral de Áreas Transversais, Multissetoriais e Participação Social, do Ministério do Planejamento e Orçamento. Seja muito bem-vindo! Fique à vontade.

Com relação ao Supervisor do Escritório Regional do Distrito Federal do Departamento Intersindical de Estatística e Estudos Socioeconômicos — DIEESE, nós recebemos, há pouco, uma justificativa para a inviabilidade de presença.

Está também conosco o Sr. Matheus Guerra Cotta, Secretário de Relações de Trabalho, Mobilização e Inserção Profissional da Federação Nacional dos Arquitetos e Urbanistas — FNA.

Tenha a bondade de participar da Mesa conosco, Matheus.

Em vista da composição da Mesa, faremos o seguinte: depois das falas dos que aqui me acompanham, nós faremos uma segunda Mesa. A Andréa dos Santos e o Vladimir Milton Pomar estão presentes de forma virtual. Depois, falará a Sra. Izabel Guimarães Marri, Gerente de Estudos e Análises da Dinâmica Demográfica da Coordenação de População e Indicadores Sociais da Diretoria de Pesquisas do Instituto Brasileiro de Geografia e Estatística — IBGE. É uma satisfação tê-la conosco. Temos, igualmente, a Sra. Cristiane dos Santos Moutinho, Coordenadora de População e Indicadores Sociais da Diretoria de Pesquisas do Instituto Brasileiro de Geografia e Estatística — IBGE.

Estão apresentados os convidados.

Antes de conceder a palavra ao primeiro expositor, quero fazer referência à importância do tema que vamos discutir. Nós comemoramos, há pouco, 20 anos do Estatuto do Idoso no nosso País. Sabemos que tivemos significativas evoluções a partir da vigência desta legislação, fruto de muita mobilização e de conquistas na defesa dos direitos das pessoas idosas.Mas, ao mesmo tempo, sabemos que, mesmo com essa legislação, ainda existe muito a ser efetivado.

Além disso, há alguns dados que nos preocupam, que nos chamam a atenção e que demandam a necessidade de que o Estado brasileiro, no curto, médio e longo prazo, possa estar preparado para uma outra realidade em relação à questão demográfica. A natalidade tem diminuído cada vez mais. O topo da pirâmide tem aumentado. O número de pessoas idosas tem crescido em relação ao das pessoas mais jovens. Há a questão contributiva pela massa de trabalhadores no período de atividade. E se projeta que, talvez, já em 2060, nós tenhamos, para cada pessoa com mais de 60 anos, 1,6 pessoas na faixa de 14 a 59 anos.

Isso nos coloca diante de alguns grandes desafios. A ideia é, em debates como o que nós estaremos travando aqui, nós darmos passos importantes para a construção das políticas que nos permitirão, a partir da sua efetividade, chegar a essa futura realidade, respeitando e dando qualidade de vida à nossa gente.

Mais uma vez, eu quero dizer que é uma satisfação ter todos e todas aqui conosco.

E, de imediato, eu passo a palavra ao nosso amigo Alexandre da Silva, Secretário Nacional dos Direitos da Pessoa Idosa, do Ministério dos Direitos Humanos e da Cidadania.

Trabalhamos com o tempo máximo de 10 minutos, mas, se houver necessidade, nós prorrogamos o prazo.

Tem a palavra o Sr. Alexandre da Silva.

",57,4171,"Além disso, há alguns dados que nos preocupam, que nos chamam a atenção e que demandam a necessidade de que o Estado brasileiro, no curto, médio e longo prazo, possa estar preparado para uma outra realidade em relação à questão demográfica.",2861,3101,true,Central LDS manifestation checked against the quoted text in an explicitly named speaker turn.
9a442461500dc62e,earlier,195,3,0,24c599750bdd544f,a,EXACT_MANIFESTATION_PREVIOUSLY_VALIDATED,68976,https://dadosabertos.camara.leg.br/api/v2/eventos/68976,Audiência Pública,"Requerimento nº 7/2023
Iniciativa: Deputada Any Ortiz

Convidados:


1) ASSIMAKIS KOMNINOS   
Advogado especialista em Mercados e Serviços Digitais
 Esritório de Advocacia White & Case LLP
(Confirmado)

2) GIORGIO MONTI   
Professor de Direito da Concorrência
Universidade de Direito Tilburg
(Confirmado)

3) JORGE PADILLA
Diretor da Compass Lexecon Europa e Membro do Comitê Executivo Global da Compass Lexecon com sede em Madri
Compass Lexecon
(Confirmado)

4) KRISZTIAN KATONA
Vice-Presidente de Concorrência Global e Política Regulatória
Computer and Communications Industry Association (CCIA)
(Confirmado)

5) LARS KJOLBYE   
Sócio Gerente
Escritório de advocacia Latham & Watkins

6) NICOLAS PETIT
Professor em Direito da Concorrência no Departamento de Direito
 Instituto Universitário Europeu

7) OKE ODUDU
Professor de Direito da Concorrência e Codiretor do Centro de Estudos Jurídicos Europeus
Universidade de Cambridge

8) PABLO IBÁÑEZ COLOMO   
Professor de Direito da Concorrência e Regulação dos Mercados de Rede
Universidade de Economia e Ciência Política de Londres - LSE",2023-08-10T10:06:21,2023-08-10,Any Ortiz,"Declaro aberta a reunião de audiência pública da Comissão de Desenvolvimento Econômico da Câmara dos Deputados, que tem como objetivo debater as experiências internacionais no desenvolvimento e regulamentação dos mercados digitais, matéria do Projeto de Lei nº 2.768, de 2022.

A realização desta reunião decorre da aprovação do Requerimento nº 7, de 2023, de minha iniciativa, subscrito pelo Deputado Florentino Neto.

Informo que a audiência está sendo transmitida pela página da Câmara dos Deputados e pelo Youtube, no canal oficial da Câmara dos Deputados.

Para participar da audiência pública, foi convidado o Sr. Assimakis Komninos, advogado especialista em Mercados e Serviços Digitais, sócio do escritório de Bruxelas da White & Case LLP, um dos especialistas reconhecidos na Lei de Mercados Digitais da União Europeia e atuou em casos marcantes perante os tribunais da União Europeia, incluindo o Google Shopping, Google Android, Eureka Google, Amazon Buy Box, Microsoft, etc. É membro do Comitê Executivo do Centro de Direito da Competição Global do College of Europe, e também atua como consultor não governamental da Comissão Europeia na Rede de Concorrência Internacional.

Eu vou ler o currículo de cada um dos nossos convidados assim que forem sendo chamados para se manifestarem aqui na nossa audiência pública.

Regras de condução da reunião.

Antes de passar às exposições, desejo informar as regras de condução dos trabalhos desta audiência pública.

O convidado deverá limitar-se ao tema em debate e disporá de 15 minutos para a exposição, não podendo ser aparteado. Após as exposições, serão abertos os debates. Os Deputados interessados em interpelar os palestrantes deverão inscrever-se previamente e poderão fazê-lo estritamente sobre o assunto da exposição pelo prazo de 3 minutos, tendo o interpelado igual tempo para responder.

Então, agradeço a participação e disponibilidade de todos.

Eu gostaria, neste momento, de tecer algumas considerações sobre o tema e os motivos da realização dessas nossas audiências públicas.

Em março de 2023, eu fui designada Relatora do Projeto de Lei nº 2.768, de 2022, de autoria do Deputado João Maia, o qual dispõe sobre a organização, o funcionamento e a operação das plataformas digitais que oferecem serviços ao público brasileiro, e dá outras providências.

Encerrado o prazo regimental em 18 de abril, não foi apresentada nenhuma emenda ao projeto de lei. E, no dia 11 de maio, nós protocolamos aqui na Comissão de Desenvolvimento Econômico quatro requerimentos para a realização de audiências públicas para tratar dos seguintes temas: as experiências internacionais no desenvolvimento e regulamentação dos mercados digitais, que é a pauta desta primeira audiência pública; competência de regulação e os mercados digitais; competitividade e concorrência nos mercados digitais; e empreendedorismo nos mercados digitais.

A era digital tem transformado diversos aspectos da sociedade, trazendo consigo novas oportunidades e desafios.O desenvolvimento e a regulamentação dos mercados digitais são questões fundamentais que impactam diretamente a economia, a inovação e a competitividade do nosso País. Diante desse cenário, torna-se imprescindível que a Câmara dos Deputados promova este amplo debate e aprofundado sobre o tema, buscando o aprendizado e a cooperação internacional.

Esta audiência pública tem como objetivo analisar as experiências internacionais no desenvolvimento e regulamentação dos mercados digitais, buscando compreender os avanços, obstáculos e lições aprendidas em outros países. O intuito é proporcionar aos Parlamentares brasileiros uma visão abrangente e atualizada, permitindo a criação de um marco eficiente e inovador que promova o crescimento econômico e a proteção dos direitos dos consumidores e também dos empreendedores.

Para enriquecer essa solicitação à esta ilustre Comissão Permanente, sugere-se o nome de convidados especialistas em competitividade, representantes e professores de renomadas universidades internacionais. Esses profissionais possuem vasta experiência e conhecimento na construção do arcabouço legal para políticas digitais, especialmente no contexto europeu, o que contribuirá significativamente para a discussão.

A realização dessa audiência pública será uma oportunidade única para ouvir as visões desses especialistas, bem como para debater as melhores práticas internacionais de regulamentação de mercados digitais. Com isso, espera-se que possamos iniciar um movimento de vanguarda no Parlamento brasileiro, de forma que as boas e más lições aprendidas em outras partes do mundo sejam usadas com sabedoria na construção da legislação brasileira.

Nós estamos aqui tendo uma grande oportunidade de poder enriquecer cada vez mais o nosso debate, aprendendo com o que já foi construído em outros países e a experiência que eles têm.

Considerando o fato de que os mercados digitais têm se expandido de forma exponencial nas últimas décadas, com serviços de tecnologia e informação se tornando cada vez mais presentes na vida cotidiana das pessoas e das empresas. Esse crescimento exige uma legislação adequada para garantir a proteção dos consumidores e a concorrência justa, além de estimular a inovação e o desenvolvimento econômico, obviamente, não burocratizando cada vez mais. Discussão essa, que já se faz presente em parte da vida corriqueira nesta Casa, a exemplo do nosso PL 2.768.

E para enriquecer essa audiência, sugerimos os nomes de convidados especialistas em competitividade, representantes e professores de renomadas universidades internacionais, como já disse antes. Esses profissionais possuem vasta experiência e conhecimento na construção dessas legislações para políticas digitais, especialmente no contexto europeu, o que contribuirá significativamente para a discussão.

Então, gostaria de começar aqui chamando o nosso primeiro convidado, o Sr. Assimakis Komninos, que dispõe de 15 minutos, como eu disse anteriormente.

",53,6030,"Nós estamos aqui tendo uma grande oportunidade de poder enriquecer cada vez mais o nosso debate, aprendendo com o que já foi construído em outros países e a experiência que eles têm.",4733,4915,true,Central LDS manifestation checked against the quoted text in an explicitly named speaker turn.
982501e57fbbcdcc,later,107,3,2,d3769de977ace19d,b,EXACT_MANIFESTATION_PREVIOUSLY_VALIDATED,72342,https://dadosabertos.camara.leg.br/api/v2/eventos/72342,Audiência Pública e Deliberação,"Tema: Debate com os Coordenadores Estaduais das Defesas Civis,sobre as medidas de prevenção de desastres e calamidades públicas e auxílio às vítimas.

Convidados:

PEDRO HENRIQUE CORREA TEIXEIRA, Gestor de Políticas Públicas do Estado do Acre; (CONFIRMADO)

Tenente Coronel QOBM/Adm. MOISÉS PEREIRA DE MELO, Coordenador Estadual de Proteção e Defesa Civil de Alagoas; (CONFIRMADO)

Cel. BM FRANCISCO FERREIRA MÁXIMO FILHO, Secretário-Executivo da Defesa Civil do Amazonas; (A CONFIRMAR)

Cel. BM AUREO BUZZATO, Coordenador Estadual de Proteção e Defesa Civil do Espírito Santo; (A CONFIRMAR)

MJ MARLISSON SOARES CUNHA, Coordenador Estadual de Proteção e Defesa Civil do Maranhão; (CONFIRMADO))

Cel. PM CARLOS FREDERICO OTONI GARCIA, Coordenador Estadual de Proteção e Defesa Civil de Minas Gerais; (CONFIRMADO)

Cel. BM FERNANDO RAIMUNDO SCHÜNIG, Coordenador Estadual de Proteção e Defesa Civil do Paraná; (CONFIRMADO)

Coronel LUCIANO CHAVES BOEIRA, Coordenador Estadual de Proteção e Defesa Civil do Rio Grande do Sul; (CONFIRMADO)

Cel. BM MÁRCIO ROMANO CORRÊA CUSTÓDIO, Subsecretário Estadual de Proteção e Defesa Civil do Rio de Janeiro; (CONFIRMADO)

SÓSTHENES  MACÊDO, Diretor-Geral da Defesa Civil de Salvador e Presidente do Fórum Nacional dos Secretários e Dirigentes da Defesa Civil das Capitais e Grandes Cidades - FNDC (CONFIRMADO);

Cel. BM FABIANO DE SOUZA, Secretário Estadual de Proteção e Defesa Civil de Santa Catarina; (CONFIRMADO)

Cel. PM HENGUEL RICARDO PEREIRA, Coordenador Estadual de Proteção e Defesa Civil de São Paulo. (CONFIRMADO)

(Requerimento nº 19/2023, do Dep. Gilson Daniel)",2024-04-10T14:54:31,2024-04-10,Gilson Daniel,"Nosso agradecimento ao Sosthenes Macêdo, Diretor-Geral da Defesa Civil de Salvador e também Presidente do Fórum Nacional dos Secretários e Dirigentes da Defesa Civil das Capitais e Grandes Cidades.

Sua fala muito forte mostra a necessidade de investimentos nos Estados e, de forma especial, nos Municípios, porque a vida acontece nos Municípios. Então, é lá que as pessoas precisam dessa atenção do poder público.

Nós também seguimos na pauta municipalista. Sabemos que muitos Municípios têm deficiência técnica, não têm equipamentos. A Defesa Civil, às vezes, atua com apenas um profissional. Uma das pautas de que nós falamos sempre é a necessidade de haver uma carreira para a Defesa Civil, principalmente nos Municípios. Muda o Prefeito, muda o coordenador de Defesa Civil. Às vezes, o coordenador de Defesa Civil é o motorista do Prefeito, que está lá só para dizer que há alguém no cargo e atua, às vezes, naquela correria, no período de crise.

Eu agradeço muito ao Sosthenes pela sua apresentação.

Ele falou de recursos. Desde que eu assumi o meu mandato, tenho feito dessa pauta uma prioridade. Eu trabalhei fortemente pelo financiamento, para colocar recursos no Fundo de Calamidade Pública, que foi criado em 1969, mas nunca foi abastecido de recursos. Em 1969, o legislador já havia percebido a necessidade de recursos para prevenção, para pronta resposta. É necessário um recurso que não seja por medida provisória. Nós só temos esses recursos — é o caso do Paraná, de Santa Catarina, do Rio, de São Paulo, do meu Espírito Santo — no período de crise. Isso é feito por medida provisória. Não existe previsão orçamentária.

O Governo Federal gastou em torno de 2 bilhões de reais por ano, em média, em pronta resposta. No orçamento, há 250 milhões de reais. Vive-se o ano todo com medida provisória. Isso é absurdo. Já se sabe que vai gastar no mínimo 2 bilhões de reais em pronta resposta. Para prevenção, no Orçamento do ano passado, havia 25 mil reais na rubrica orçamentária. Isso tem cabimento? Abriu-se a rubrica orçamentária e só havia o funcional programático para se dizer que existia o funcional, para não ter que fazer um crédito especial quando fosse colocar recurso lá, e não colocou recurso.

Então, espero que esse debate...

",110760,113016,"Eu trabalhei fortemente pelo financiamento, para colocar recursos no Fundo de Calamidade Pública, que foi criado em 1969, mas nunca foi abastecido de recursos.",111867,112026,true,Central LDS manifestation checked against the quoted text in an explicitly named speaker turn.
06f6bf71ce0746e2,later,113,1,0,d3769de977ace19d,a,EXACT_MANIFESTATION_PREVIOUSLY_VALIDATED,72137,https://dadosabertos.camara.leg.br/api/v2/eventos/72137,Audiência Pública,"Tema: Apresentação das ações do Ministério sobre prevenção e auxílio a desastres e calamidades naturais.

Convidados:

VERA CAMPELO, Coordenadora da Secretaria Nacional de Assistência Social do Ministério do Desenvolvimento e Assistência Social, Família e Combate à Fome; (CONFIRMADA)

PEDRO HENRIQUE LOPES BATISTA, Diretor Substituto da Secretaria Nacional de Periferias do Ministério das Cidades. (CONFIRMADO)

(Requerimentos nºs 7 e 10/2023, do Dep. Gilson Daniel)",2024-03-20T14:46:07,2024-03-20,Gilson Daniel,"Agradeço ao Deputado Federal Leo Prates, que preside esse trabalho da nossa Comissão e nos orienta a organizar audiências como essa, em função de trabalharmos, ao final, um relatório que consiga proporcionar um arcabouço de prevenção de desastres e de calamidade pública no nosso País.

Essa é uma pauta que nós temos trabalhado constantemente nesta Casa, que tem sido chamada à discussão e, quase sempre, para pronta resposta, ou seja, após o acontecimento dos desastres.

Foi sob a Presidência do Deputado Arthur Lira e do Deputado Leo Prates que se iniciou toda a discussão nesta Comissão para que pudéssemos discutir a prevenção.

O País necessita de recursos financeiros, precisa organizar fontes de recursos específicas para a prevenção de desastres. Ao longo dos anos, temos recebido, na Câmara dos Deputados, medidas provisórias que somente chegam aqui após o acontecimento dos desastres, depois que se perdem vidas, depois que se perde patrimônio.

Então, a nossa intenção é que possamos dialogar de tal forma que consigamos levar aos Estados, principalmente aos Estados que têm sofrido constantemente com os desastres ambientais, recursos que garantam a segurança das famílias que moram em áreas de risco, que garantam a retirada dessas famílias.

O Ministério das Cidades e o Ministério da Integração estão com essa pauta. Essa fonte de recurso, esse orçamento está no Ministério. Então, a intenção da audiência pública de hoje, com a presença da Sra. Vera Campelo, do Sr. Pedro Henrique, é para que possamos saber o que o Ministério está fazendo em relação a essa pauta, o que há de projeto.

Nós sabemos que há uma informação de investimentos por intermédio do PAC, mas a Comissão precisa tomar conhecimento até para ver qual o trabalho que precisa ser feito nesta Casa, para alocar mais recursos para a prevenção de desastres.

Eu fui autor de um projeto de lei que foi aprovado aqui na Câmara dos Deputados, aprovado também de forma unânime no Senado Federal e sancionado pelo Presidente Lula, que tem por objetivo colocar fontes de recursos no Fundo Nacional para Calamidades Públicas. O fundo foi criado em 1969 e não existia, até então, nenhuma fonte de recursos destinada a ele, que está na integração. Então, nós conseguimos aprovar esse projeto, que colocou duas fontes de recursos no Fundo Nacional para Calamidades Públicas.

E nós conseguimos, no Plenário da Câmara dos Deputados, com o apoio dos Deputados da Casa, fazer uma alteração na Lei de Apostas, colocando 50% dos recursos das apostas não reclamadas em 90 dias no Fundo de Calamidade Pública. Então, o fundo hoje tem três fontes de recursos. A partir daí, o Ministério da Integração pode normatizar o recebimento desses recursos, pode-se organizar o fundo e pode haver recursos não só para a pronta resposta, mas também para avançar no trabalho de prevenção, que é a nossa principal tarefa nesta Comissão a essa discussão.

Quero passar a palavra aos expositores. Agradeço por suas presenças.

Agradeço também ao Ministro por ter nos respondido e mandado dois profissionais para nos orientar em relação àquilo que o Ministério está executando nessa pauta.

Passarei a palavra agora, por 20 minutos, para a Sra. Vera Campelo, Coordenadora da Secretaria Nacional de Assistência Social, que iniciará as exposições. Registro o nosso agradecimento à Vera por estar aqui para falar um pouco também das políticas que o Ministério tem decorrentes daquilo que nós estamos discutindo nesta Comissão.

Tem a palavra a Sra. Vera Campelo.

",3861,7371,"O País necessita de recursos financeiros, precisa organizar fontes de recursos específicas para a prevenção de desastres.",4496,4617,true,Central LDS manifestation checked against the quoted text in an explicitly named speaker turn.
3f649c16713f4c6f,later,154,0,0,de54c782d361768c,b,EXACT_MANIFESTATION_PREVIOUSLY_VALIDATED,70151,https://dadosabertos.camara.leg.br/api/v2/eventos/70151,Audiência Pública,"CARMEN FORO, Secretaria Nacional de Articulação Institucional, Ações Temáticas e Participação Política - SENATP, do Ministério das Mulheres; (Confirmada)


DEBORA SIQUEIRA BELTRAMMI,  Assessora Técnica do Ministério da Saúde; (Confirmada);

ADRIANA FERREIRA, Fundadora da Associação Menopausa Feliz; (Confirmada)

Dra. ANA PRISCILA SOGGIA, Endocrinologista pela USP, especialista em saúde feminina, climatério; (Confirmada)

Dra. SÔNIA UMBELINO, Especialista em Clínica Médica RQE n.2018  e Coordenadora Regional do grupo Longevidade Saudável da Universidade Paulista-SP; Mestre em biotecnologia no desenvolvimento de hormônios homólogos transdérmicos para tratamento da menopausa - UNP; (Confirmada) e 

Dr. JAIME KULAK JÚNIOR, Secretário Adjunto da Associação Brasileira de Climatério - Sobrac e membro da Comissão Nacional Especializada em Climatério da FEBRASGO. (Confirmado)



Requerimento nº 76/2023, da deputada Lêda Borges",2023-10-05T10:33:58,2023-10-05,Lêda Borges,"Declaro aberta a presente reunião de audiência pública da Comissão de Defesa dos Direitos da Mulher para debater os impactos do climatério e menopausa na saúde da mulher.

Gostaríamos de registrar, com pesar, o falecimento do Dr. Diego Ralf Bomfim, irmão da Deputada Sâmia Bomfim, membro deste colegiado. Há indícios de execução de três médicos ortopedistas de São Paulo, que foram ao Rio de Janeiro para uma conferência em ortopedia. Eles foram brutalmente assassinados, na madrugada, em um quiosque na Barra da Tijuca.

Deputada Sâmia Bomfim, nossa colega, nossa aguerrida colega, que teve essa notícia muito triste nesta noite, do falecimento do seu irmão, receba o nosso abraço.(A oradora se emociona.)

Não levaram nada dos médicos, nem os celulares. Desceram, atiraram, no mínimo, 20 vezes, adentraram no carro e foram embora.

Esta audiência é resultado da aprovação do Requerimento nº 76, de 2023, da Comissão da Mulher, de minha autoria. Sou a Relatora do Projeto de Lei nº 5.602, de 2019, que trata do tema. Apresentei parecer favorável ao projeto e seus apensados, na forma do substitutivo, que cria o Programa de Atenção a Mulheres na Menopausa e Climatério.

No entanto, ainda não coloquei o projeto em pauta para votação para atender solicitação da sociedade civil aqui presente, que pediu a realização de um debate com a finalidade de contribuir para o aperfeiçoamento da matéria. É necessário debater a promoção da saúde da mulher para esse ciclo da vida, buscando criar políticas públicas efetivas que melhorem a qualidade de vida dessas mulheres.

Na fase da vida caracterizada pelo período de transição da fase reprodutiva para a não reprodutiva, a mulher é acometida por grandes alterações hormonais, que resultam em sintomas físicos, vasomotores, com modificações morfológicas, urogenitais, ósseas, psicológicas e sociais, que acabam por comprometer sua qualidade de vida. A fase tem início por volta dos 40 anos de idade, perdurando até o final da vida da mulher, podendo também ocorrer precocemente.

Segundo a Organização Mundial de Saúde, com o aumento da expectativa de vida da mulher para 81 anos, ela passará cerca de um terço da sua vida nessa fase.

Conforme dados do IBGE 2022, houve uma inversão da pirâmide etária brasileira que justifica um olhar mais criterioso sobre a saúde das mais de 40 milhões de mulheres entre 35 anos e 65 anos no Brasil.

A ciência, a tecnologia e o mundo evoluíram sobre esse tema e acreditamos ser necessário discutir sobre as várias formas de tratamentos e medicações de promoção da saúde feminina existentes para esse período da vida. Esse período precisa deixar de ser visto como um tabu e passar a ser compreendido como determinante para uma longevidade saudável.

Acredito que esta audiência pública possa contribuir para o aprofundamento da discussão e do aprimoramento das políticas públicas em prol do amparo à saúde da mulher no climatério e na menopausa.

Cumprimento os nossos convidados que participam presencial e virtualmente, os Srs. Parlamentares e o público presente ou por meio do canal do Youtube da Câmara dos Deputados.

Neste momento, convido para compor a Mesa a Sra. Carmen Foro, Secretária Nacional de Articulação Institucional, Ações Temáticas e Participação Política do Ministério das Mulheres; a Sra. Debora Siqueira Ramos, Assessora Técnica da Coordenação de Atenção à Saúde da Mulher do Ministério da Saúde; a Sra. Adriana Ferreira, Fundadora da Associação Menopausa Feliz, bacharel em Direito e colaboradora das políticas públicas. Sejam muito bem-vindas a esta Comissão.

Participando virtualmente, tenho a satisfação de apresentar a Dra. Ana Priscila Soggia, endocrinologista pela USP, especialista em saúde feminina, climatério e menopausa e membro da Sociedade Brasileira de Endocrinologia e Metabologia; a Dra. Sonia Umbelino, especialista em clínica médica, Professora de pós-graduação master em Fisiologia Hormonal Humana e Coordenadora Regional do Grupo Longevidade Saudável da Universidade Paulista de São Paulo e Mestre em Biotecnologia no Desenvolvimento de Hormônios Homólogos Transdérmicos para Tratamento da Menopausa pela Universidade Potiguar; o Dr. Jaime Kulak Junior, Secretário-Adjunto da Associação Brasileira de Climatério e membro da Comissão Nacional Especializada em Climatério da Federação Brasileira das Associações de Ginecologia e Obstetrícia,Professor Adjunto do Departamento de Tocoginecologia da Universidade Federal do Paraná, Doutor em Ginecologia pela Faculdade de Medicina de Ribeirão Preto, da Universidade de São Paulo, e pela Yale University; a Dra. Pérola Grinberg Plapler, Diretora da Divisão de Medicina Física do Instituto de Ortopedia e Traumatologia do Hospital das Clínicas da Faculdade de Medicina da Universidade de São Paulo e Vice-Presidente da Associação Brasileira de Medicina Física e Reabilitação; fisiatra, Mestre e Doutora em Medicina pela USP e responsável pelo Ambulatório de Osteoporose e Prevenção de Fraturas da USP(Palmas).

Esclareço às Sras. e aos Srs. Parlamentares, aos expositores e aos convidados presentes que esta audiência pública está sendo transmitida pela Internet, no canal do Youtube da Câmara Federal.

Comunico a todas e a todos que o tempo previsto para a exposição de cada palestrante será de 8 minutos.

Após a apresentação dos expositores, passaremos ao debate.

Às Deputadas e Deputados inscritos será concedido o tempo de 3 minutos. Para responder a cada interpelação, cada palestrante disporá de igual tempo.

Convidamos, inicialmente, para fazer a sua exposição, a Sra. Carmen Foro.(Pausa.)

Invertendo a ordem da exposição, a critério das próprias expositoras, convidamos a Sra. Debora Siqueira Ramos Beltrammi, Assessora Técnica da Coordenação de Atenção à Saúde da Mulher, para a sua exposição.

De antemão, agradeço-lhe a presença.

",50,5865,"É necessário debater a promoção da saúde da mulher para esse ciclo da vida, buscando criar políticas públicas efetivas que melhorem a qualidade de vida dessas mulheres.",1446,1614,true,Central LDS manifestation checked against the quoted text in an explicitly named speaker turn.
a9bdcddb335a5a07,earlier,203,4,0,de54c782d361768c,a,EXACT_MANIFESTATION_PREVIOUSLY_VALIDATED,68974,https://dadosabertos.camara.leg.br/api/v2/eventos/68974,Audiência Pública,"ISADORA BRANDÃO ARAÚJO DA SILVA | Secretária Nacional de Promoção e Defesa dos Direitos Humanos do Ministério dos Direitos Humanos e da Cidadania 
FLÁVIO DINO DE CASTRO E COSTA | Ministro de Estado de Justiça e Segurança Pública
LUCIANO PEREIRA DA SILVA | Coordenador-Geral de Monitoramento e Avaliação do Ministério da Igualdade Racial (confirmado)
APARECIDA GONÇALVES | Ministra de Estado da Mulher
LETÍCIA GODINHO | pesquisadora da Fundação João Pinheiro (confirmada)
WILMA DOS REIS  | Representante da Marcha Mundial de Mulheres (confirmada)
CARMELA ZIGONI | 
Instituto de Estudos Socioeconômicos- Inesc  (confirmada)
MAZÉ MORAIS - Marcha das Margaridas",2023-08-02T15:01:17,2023-08-02,LÊDA BORGES,"É um prazer participar desta audiência pública conjunta, tanto da Comissão de Direitos Humanos, Minorias e Igualdade Racial, não é, Denise, quanto da nossa Comissão. É um prazer também estar participando desta audiência sob a Presidência da Deputada Ana Pimentel, que busca com o seu mandato avançar nas políticas públicas de direitos humanos, de igualdade de direitos e em defesa das mulheres e das minorias.

Então, é um prazer estar com V.Exa. aqui, Deputada Ana Pimentel, ladeando-a, e ter V.Exa. como Presidente.

Quero, em nome da Denise e da Deputada Ana Pimentel, cumprimentar todas as debatedoras, todas as convidadas desta audiência pública conjunta.

A experiência no Executivo nos mostra que a legislação coíbe o fato e apena o fato já ocorrido. Então, é muito importante nós estarmos nesta audiência com representantes do Poder Executivo Federal, porque nós sabemos que a execução dessas políticas públicas passa verdadeiramente pelo Executivo, seja municipal, seja estadual, seja federal.

Eu, como ex-Secretária de Estado da Mulher do Estado de Goiás, sei como essa rede de proteção precisa voltar a atuar e ser ampliada, e vou testemunhar como alguém que é do Judiciário. Assim que o Brasil instalou os juizados cível e criminal, eu fui coordenadora das audiências de conciliação, e era totalmente contra.Graças a Deus, hoje elas não existem mais, porque eu me sentia extremamente agredida, como advogada, como servidora do Judiciário, ter que fazer a mulher voltar para casa, retirar a denúncia que ela fez na delegacia. Quando tinha que fazer isso, eu ficava doente, pelo meu mister de servidora do Judiciário. Graças a Deus, nós ultrapassamos já esse momento do Judiciário.

Como ex-Prefeita do Executivo Municipal, ex-Secretária de Estado de Goiás, ex-Deputada Estadual e agora Deputada Federal, eu não creio apenas na legislação. Eu creio na rede de proteção.

Não me digam os gestores que nós temos que ter delegacias apenas em cidades de porte médio e de porte maior. Nós temos que ter DEAMs em todas as cidades brasileiras. Nós temos que ter Núcleos Especializados de Atendimento, que são NEANS ou CEAMs, com a equipe multidisciplinar em todas as cidades brasileiras.

Nós precisamos avançar no ciclo da violência para que ele seja interrompido, principalmente na independência econômica, porque essa é mais palpável para nós, Denise. É muito difícil você ter um crime subjetivo. A intervenção da lei, a intervenção da pena é por crime objetivo:.""Olha, eu matei porque quis roubar a bolsa"". ""Eu agredi para pegar o celular.""Agora, o crime contra as mulheres é um crime subjetivo.""Eu não mato por algum motivo, eu mato porque é uma mulher, eu mato porque tenho ciúme.""Então, são todos os motivos subjetivos.

E aí a intervenção do Estado e a intervenção do Congresso com a legislação é fundamental, porque a letra fria da lei, no caso do feminicídio, na minha visão, e da agressão cíclica, esconde os reais motivos, porque eles são extremamente subjetivos. Envolve sentimento, envolve dependência emocional e psicológica, que são os mais perigosos, porque são silenciosos. Mas, na minha visão, se começamos a quebrar o ciclo da violência com a independência econômica dessa mulher, nós já estaremos contribuindo objetivamente.

Então, eu sou favorável, por exemplo, ao projeto. Até vi que o Governo Federal, Denise, vai aprová-lo. Vai também apresentar, como o que nós já temos em Goiás, que é o Aluguel Social. Independente se a mulher tem uma casa para morar ou não, naquele momento, a casa não é dela. Nunca é dela, é sempre do agressor. Então, o Aluguel Social é necessário para as vítimas de violência. Ela tem que sair de casa e ser imediatamente inserida no mercado de trabalho.

Eu creio muito no MEI, na nossa legislação, que hoje não deu para passar, para as mulheres empreendedoras, para a capacitação e para uma renda que elas precisam ter. E acolher os filhos. Nós não podemos deixar os filhos para trás, porque a mulher não sai. Ela tem que ir com os filhos. Então, deve ter outro projeto em delegacias, na minha visão, com brinquedoteca, bem como nas casas de passagem, que agora é a Casa da Mulher Brasileira. E eu estou muito feliz que o Governo Federal vai construir mais 46. Elas são necessárias, inclusive se tivéssemos casas pequenininhas em todos os Municípios brasileiros.

Então, essa experiência que trazemos de todos os Poderes, dos Três Poderes, me faz ver que, por certo tempo, a Lei Maria da Penha coibiu, porque foi justamente quando eu trabalhei sua implementação no Judiciário. Coibiu. A partir do momento em que ela deixou de coibir, o Congresso precisou vir com uma pena muito maior, com o agravamento, que é o feminicídio, que deixou também de ser uma qualificadora de qualquer homicídio, mas é uma lei específica, que foi outra vitória desta Casa. É específica.""Ah, não sei, vamos deixar lá para frente, vamos colocar só como homicídio.""Não, desde o começo. É mulher? Feminicídio, é uma lei específica.

Então, aqui no Congresso, temos avançado muito. A Comissão tem dado retorno para as demandas da sociedade brasileira em termos de legislação. Mas vemos que, lá na ponta, isso não está acontecendo, por isso esse grande aumento do feminicídio no Brasil.

Eu gostaria de concluir, Deputada Ana Pimentel, nossa Presidente desta audiência. Eu acho muito grave que a lei específica do feminicídio, dura, veio e trouxe um agravante que nós não podemos deixar de considerar nas políticas públicas de implementação, que são os órfãos. Então, hoje o homem não só mata, ele mata e se suicida, porque sabe da gravidade do ato que cometeu. E ele sabe que a lei virá duramente sobre si. E há mais outro agravante social. Hoje, está tão sério que ele está matando o filho para massacrar a mulher, quando ele não mata a mulher. Então, são mais de 500 mil órfãos hoje no Brasil. Não podemos deixar de olhar por esses órfãos também — o Congresso, as políticas públicas. Esse é um problema humano que nós temos. Nós vivemos hoje problemas humanos, não problemas objetivos mais, são humanos, de relacionamentos, de obsessão, de querer o fim, a destruição.

Quanto à educação, nós precisamos que as crianças respeitem uns aos outros. Então, para mim, é uma rede de proteção que pega o Ministério do Flávio Dino, o nosso Ministério das Mulheres, o Ministério da Educação, o Ministério da Saúde, todos nessa interatividade para que possamos avançar, porque está assustador. Essas são as minhas palavras: é assustador o que vivemos hoje de violência contra as mulheres e os idosos.Nós nem estamos tendo tempo de olhar por eles, às vezes, porque é tanta questão da mulher, das crianças, do estupro no País. Até falei ontem com a Laura, não encontrei a Ana, mas sou contra a pena de ir diluindo... Como é que se fala?

",47507,54263,"Mas, na minha visão, se começamos a quebrar o ciclo da violência com a independência econômica dessa mulher, nós já estaremos contribuindo objetivamente.",50603,50756,true,Central LDS manifestation checked against the quoted text in an explicitly named speaker turn.
3d382d16e23d6fe6,earlier,188,1,2,3d382d16e23d6fe6,a,EXACT_MANIFESTATION_PREVIOUSLY_VALIDATED,69277,https://dadosabertos.camara.leg.br/api/v2/eventos/69277,Audiência Pública,"Participantes convidados (as):


REPRESENTANTE
Ministério das Mulheres

LUANA BONONE
Coordenadora Geral de Popularização da Ciência e Tecnologia do Ministério da Ciência, Tecnologia e Inovação (Confirmada)

MERCEDES BUSTAMANTE
Presidente da Coordenação de Aperfeiçoamento de Pessoal de Nível Superior - Capes (Confirmada)

CRISTIANA BRITO 
Secretária Regional da Sociedade Brasileira para o Progresso da Ciência - SBPC (Confirmada)

ISABELA FERNANDES ANDRADE
Reitora da Universidade Federal de Pelotas e representante da Associação Nacional dos Dirigentes das Instituições Federais de Ensino Superior - ANDIFES (Confirmada)

ANA PRISCILA
Vice-presidente da Associação Nacional dos Pós-Graduandos - ANPG (Confirmada)

VINÍCIUS SOARES
Presidente da Associação Nacional dos Pós-Graduandos - ANPG (Confirmado)

LETICIA DE OLIVEIRA 
Representante da Parent in Science (Confirmada)

DALILA ANDRADE OLIVEIRA
Diretora de Cooperação Institucional, Internacional e Inovação (DCOI) do Conselho Nacional de Desenvolvimento Científico e Tecnológico - CNPq (Confirmada)

DIAMA BHADRA VALE
Professora da UNICAMP e representante do Observatório do Conhecimento (Confirmada)


Requerimentos 10 e 56/2023-CMULHER e requerimento 6/2023-CCTI, de autoria da deputada Ana Pimentel",2023-08-24T10:30:02,2023-08-24,MERCEDES BUSTAMANTE,"Bom dia a todos e a todas. Eu agradeço novamente o convite. Obrigada também pela deferência, por poder falar primeiro. Eu gostaria de, se me permitem, compartilhar alguns eslaides.

Eu gostaria de fazer uma apresentação, aqui, breve — vou tentar me ater ao tempo de 8 minutos —, sobre a participação das mulheres no Sistema Nacional de Pós-Graduação.

Eu gostaria inicialmente de contextualizar a situação das mulheres, quando nós falamos de educação e ciência na América Latina, fazendo um breve relato.

Eu acho que o primeiro ponto importante a ser destacado é aquilo que é conhecido como a feminização da pobreza. Se nós considerarmos dados de 2019, por região, para cada 100 homens em lares pobres, nós tínhamos aproximadamente 113 mulheres. Essa diferença aparece também quando nós consideramos as questões de renda própria. Cerca de 29% das mulheres, na média regional, não tinham renda própria, contra aproximadamente 10% dos homens.

Essas diferenças também aparecem quando nós falamos de trabalho não remunerado. Nós temos aí uma diferença de 16% a 56% daquelas mulheres sem renda própria, em que o trabalho não remunerado excede, em relação àquelas que têm renda própria. E também as horas destinadas ao trabalho não remunerado, entre homens e mulheres, é mais do que o dobro para as mulheres, na maioria dos casos. Então, em média, as mulheres dedicam o triplo do tempo ao trabalho doméstico e de cuidados não remunerados, quando comparadas aos homens.

Acho que também é importante, nessa discussão da participação das mulheres na ciência, que nós façamos esse recorte mais amplo da situação das mulheres não só no Brasil, mas também por região.

Eu trago agora alguns dados da CAPES sobre a participação de docentes e pós-doutoras no Sistema Nacional de Pós-Graduação.

Aqui nós temos um dado importante, que é a distribuição de docentes por sexo e por grandes áreas do conhecimento, avaliadas pela CAPES. As barras em verde são docentes do sexo masculino, e as barras em cor terra são do sexo feminino.

Nós observamos que somente em duas grandes áreas do conhecimento — saúde e linguística, letras e artes — há uma participação maior de mulheres do que de homens. De um modo geral, no quadro dos docentes das universidades brasileiras, há um predomínio de professores do sexo masculino.

A participação feminina como docente nas grandes áreas do conhecimento, nas universidades brasileiras, também precisa ser olhada pelos recortes regionais, por grandes áreas, mas também por Unidades da Federação. São muitos dados.

Eu destaco aqui alguns pontos em vermelho nessa tabela. Estamos analisando o Colégio das Ciências da Vida, em que nós temos, nas áreas de agrárias, biológicas e ciências da saúde, na última linha, o percentual nacional de representação de mulheres como docentes nessas grandes áreas.

Os pontos em vermelho que eu destaco nessa tabela são aquelas Unidades da Federação que estão abaixo da média nacional. Nós percebemos uma concentração, por exemplo, nos Estados do Norte do País — Acre, Roraima —, e também em parte dos Estados do Nordeste, como Alagoas e Paraíba, onde há uma representação feminina nessas áreas de conhecimento abaixo da média nacional.

Nós temos um quadro também semelhante quando nós olhamos o Colégio das Humanidades, novamente por Unidades da Federação, em que nós observamos algumas Unidades da Federação — e novamente de Estados da Região Norte e da Região Nordeste — nas quais a participação feminina é menor do que a média nacional.

Esse quadro agrava-se quando nós consideramos o Colégio das Ciências Exatas, Tecnológicas e Multidisciplinar, em que nós ampliamos o número de Unidades da Federação nas quais a representação feminina, no caso de docentes das instituições, é menor do que a média nacional.

Aqui, nessa figura, destaco também a participação das docentes por grau e por modalidade de programa de pós-graduação, em 2021.Nessa tabela, nas duas primeiras linhas, destaco a representação feminina de docentes nos programas de doutorado acadêmico e de doutorado profissional. Novamente, nós observamos que, apesar de a média nacional da participação de docentes mulheres, na pós-graduação, ser em torno de 42%, contra 58% dos homens, nós temos uma participação feminina menor naqueles níveis de formação de pós-graduação de doutorado acadêmico e profissional. Esse é um outro aspecto que me preocupa. Naqueles Estados nos quais nós já vemos uma média menor do que a média nacional, as mulheres estão menos envolvidas como docentes nos níveis mais altos de formação dentro da pós-graduação.

Há outro aspecto que quero destacar aqui bastante preocupante e que se agrava. Na verdade, quando nós começamos a coletar essas informações no âmbito da CAPES, eu pedi que isso fosse separado por faixa etária, porque a minha impressão inicial era de que essas diferenças de gênero seriam mais acentuadas nas gerações mais antigas no âmbito da carreira docente.

Aqui nós podemos observar, no eixo vertical, a distribuição da faixa etária dos docentes nas universidades brasileiras envolvidos no Sistema Nacional de Pós-Graduação,stricto sensu, de 20 a 24 anos até 70 ou mais. Precisamente nas faixas mais jovens da ascensão na carreira universitária, ali em torno de 30 a 40 anos, nós percebemos que há uma participação feminina menor.

Esse quadro é preocupante. Apesar de as mulheres terem uma participação maior como discentes na pós-graduação — eu vou mostrar esses dados daqui a pouco —, as universidades têm contratado menos mulheres para substituição das vagas dentro do quadro das docentes. Então, há uma defasagem, porque as mulheres já são a maioria entre os titulados no doutorado desde 2003, segundo dados do CGEE, mas as universidades têm contratado menos mulheres através do concurso público. Isso já nos coloca, talvez, a demanda de políticas públicas que abordem essa situação.

Nós temos aqui também a distribuição de mulheres como bolsistas de pós-doutorado por grande área. O que nós percebemos novamente é que, além de nós hoje titularmos no Brasil mais mulheres como doutoras e mestres, nós temos uma participação maior também das mulheres nas bolsas de pós-doutorado. Isso é o que acentua ainda mais o quadro de desigualdade no processo de contratação das universidades. Se nós hoje formamos mais mestres, mais doutoras e temos mais mulheres em nível de pós-doutorado, por que o número de mulheres no quadro docente das universidades vem diminuindo? Então, acho que esse é um problema que precisa ser considerado.

Existem outras camadas de exclusão que são importantes também de serem consideradas. Infelizmente, nós não temos dados mais atualizados. Essa é uma outra questão que precisa ser abordada, que é a participação em termos de raça e etnia. Considerando dados de 2015, já com uma certa defasagem, nós tínhamos apenas 7% de mulheres negras com bolsa de produtividade CNPq, e as indígenas representavam menos de 1%. Então, novamente, há necessidade de políticas públicas que tragam a redução dessas desigualdades.

Passo agora a olhar aqui, muito rapidamente, as discentes como ingressantes no Sistema Nacional de Pós-Graduação. No caso, nós estamos considerando o Brasil de 2015 a 2021. O que vocês podem observar nesse gráfico, por gênero, no qual as mulheres são representadas nessas barras de cor rosa e os homens na barra de cor azul, éque desde 2015, como colocado, nós já temos um número maior de ingressantes de mulheres no Sistema Nacional de Pós-Graduação.Mas as desigualdades permanecem quando nós consideramos, por exemplo, a questão da remuneração dos titulados no âmbito da pós-graduação. Agora, nós estamos comparando doutores titulados no Brasil, homens e mulheres, os empregos formais para esses doutores e a remuneração mensal. Então, mesmo com as mulheres representando maior quantitativo em termos de titulação de doutorado, nós temos uma menor absorção delas no emprego formal. Além disso, elas têm uma remuneração menor.

Isso pode estar associado a dois fatores: a menor participação das mulheres em cargos gerenciais e de liderança, aquilo que nós chamamos do telhado de vidro; ou a maior participação das mulheres em áreas e ocupações que representam uma menor média de remuneração. Nós temos outra desigualdade importante. Formamos mais doutoras. Elas estão mais empregadas em empregos formais, mas recebem uma remuneração mensal menor.

Outro recorte importante quando nós analisamos a participação de mulheres no Sistema Nacional de Pós-Graduação é a diferença nas áreas do conhecimento. Aí, consideramos o STEM, sigla em Inglês para Ciências e Engenharia, é a parte que nós chamamos no Brasil das Ciências Exatas e da Terra e Engenharias. E nós observamos, neste gráfico, a proporção, na linha laranja, do que era a distribuição em 1996 e em 2017. E chamo a atenção para um crescimento no âmbito das Engenharias de cerca de 8% da participação feminina em termos de mestres nessas áreas, mas há um retrocesso, uma redução da participação de mestres mulheres na área de Ciências Exatas e da Terra. E esse quadro aparece novamente aqui quando nós consideramos a formação em nível de doutorado. Então, nós também observamos para a área de Ciências Exatas e da Terra uma regressão do número de mulheres participando dos programas de doutorado.

Por fim, a última camada a ser apresentada aqui são as bolsistas no exterior. Aqui, novamente o quadro se repete. Quando nós consideramos hoje as bolsistas no exterior, no âmbito do Sistema Nacional de Pós-Graduação, com dados de 2019, as mulheres já representam 55% das bolsistas no exterior em nível de pós-graduação.

Então, só reforçando a primeira mensagem. Eu acho que o importante nesse conjunto de eslaides é considerar a situação das mulheres no âmbito regional nesse processo de feminização da pobreza e as dificuldades com relação às mulheres sem renda própria e tempo dedicado ao trabalho não remunerado. No âmbito do Sistema Nacional de Pós-Graduação, há uma maior participação das mulheres em termos de mestres, doutoras e pós-doutorandas. Mas essa maior participação não tem se refletido numa maior contratação dessas mulheres no âmbito das universidades.

A última camada talvez que eu gostaria de comentar é a participação das mulheres em cargos e funções na própria CAPES. Hoje nós temos, quando consideramos cargos e funções de gestão e de administração e cargos de confiança, que as mulheres representam 54% das funções e cargos no âmbito da CAPES, em relação a 46% dos homens. Isso mostra também uma participação feminina importante nos cargos de gestão dessa Coordenação que é tão importante para a formação de recursos humanos no País.

Deixo aqui, já encerrando o meu tempo, a minha fala, algumas questões centrais, entre todas essas que nós colocamos. Hoje, formamos mais mulheres com os níveis mais altos de titulação do País, mas por que elas continuam sendo pouco absorvidas nas universidades? E, no âmbito geral, por que as doutoras tituladas recebem uma menor remuneração que os homens, de uma forma geral, no emprego formal?Por fim, como é que nós podemos democratizar sobretudo as carreiras de tecnologia, de Ciências Exatas e da Terra e também promover uma educação global inclusiva, que traga mais equidade de gênero?Algumas questões importantes para a democratização são: combater a injustiça socioeconômica colocada aqui, mas também a étnico-racial, que se revela e se reflete nessa elevada desigualdade; investir na construção pedagógica de instrumentos de gênero para as áreas do conhecimento onde nós temos menor participação das mulheres, com infraestrutura também nas escolas públicas; desmistificar também que algumas carreiras têm recortes mais masculinos e outras, mais femininos; implementar políticas e mecanismos também contra a misoginia, o racismo e a xenofobia em todos os espaços de aprendizado e da produção científica, combatendo os estereótipos, os obstáculos à prorrogação e à promoção no âmbito da carreira, a distribuição desigual do trabalho não remunerado e dos cuidados domésticos, que é um aspecto social mais amplo e importante, o assédio sexual, que é um dos aspectos também que afasta muito as mulheres da carreira, e outras violências de gênero, os casos de desigualdade salarial e também a sub-representação da multiplicidade do gênero, da raça e da etnia. Todos esses aspectos também contribuem para muitos dos obstáculos à liderança profissional e à tomada de decisão.Então, é muito importante trabalhar na remoção desses obstáculos para que mais mulheres possam, então, ocupar posições de liderança e terem acesso à tomada de decisão.

Com isso, eu encerro aqui e fico também à disposição para perguntas e esclarecimentos, agradecendo novamente por este espaço nessa convergência tão importante da Comissão de Defesa dos Direitos da Mulher e também da Comissão de Ciência, Tecnologia e Inovação.

Muito obrigada.(Palmas.)

",6065,18920,"Novamente, nós observamos que, apesar de a média nacional da participação de docentes mulheres, na pós-graduação, ser em torno de 42%, contra 58% dos homens, nós temos uma participação feminina menor naqueles níveis de formação de pós-graduação de doutorado acadêmico e profissional.",10114,10397,true,Central LDS manifestation checked against the quoted text in an explicitly named speaker turn.
3d382d16e23d6fe6,later,168,2,2,3d382d16e23d6fe6,b,EXACT_MANIFESTATION_PREVIOUSLY_VALIDATED,69761,https://dadosabertos.camara.leg.br/api/v2/eventos/69761,Audiência Pública,"REQ nº 96/23, de autoria da Deputada Alice Portugal (PCdoB - BA), subscrito pelos deputados Chico Alencar, Dandara, Lídice da Mata e Soraya Santos. 

Convidados:

VINÍCIUS SOARES - presença confirmada
Presidente da Associação Nacional de Pós-Graduandos - ANPG

JACKSON RAYMUNDO - presença confirmada
Coordenador-Geral de articulação institucional - SESU/MEC

MERCEDES BUSTAMANTE - presença confirmada
Presidente da Coordenação de Aperfeiçoamento de Pessoal de Nível Superior - CAPES

RICARDO GALVÃO - presença confirmada
Presidente do Conselho Nacional de Desenvolvimento Científico e Tecnológico (CNPq)",2023-09-14T09:18:02,2023-09-14,MERCEDES BUSTAMANTE,"Bom dia a todas as pessoas aqui presentes. Bom dia, Deputada Alice.

Muito obrigada pelo convite para esta audiência com um tema tão caro para o País, em especial para a CAPES.

Cumprimento todos os Deputados que nos acompanham de forma remota e os meus colegas da Mesa, parceiros nessa discussão sobre a pesquisa, a ciência e a formação de alto nível no Brasil.

Eu trouxe alguns eslaides, para nós acompanharmos a discussão. Vou complementar algumas das questões já colocadas pelo Vinícius.(Pausa.)

Eu vou ficar de pé. Como a Deputada Alice bem reconheceu, professora não fala sentada, fala em pé.(Risos.)

A ideia aqui é apresentar um quadro muito rápido da situação da pós-graduação e do pós-graduando no Brasil, complementando, como eu disse, muito das informações trazidas pelo Vinícius.

Vou fazer um breve relato da pós-graduaçãostricto sensuno Brasil. Eu sempre acho importante resgatar o contexto histórico. Esta é uma linha do tempo da pós-graduação brasileira, desde a criação das nossas primeiras universidades. É quando a CAPES começa a entrar nessa história, na segunda metade do século passado. A CAPES é de 1951, ano muito próximo da data de criação do CNPq. Foi um momento muito rico do País, em que se buscava a industrialização. Surge o CNPq, surge a CAPES, surge o BNDES. Nós vemos uma série de grandes estruturas que estavam ali para fomentar o desenvolvimento do País.

Essa estruturação da CAPES permite, entre 1951 e 1970, a institucionalização da pós-graduação. Vinícius citou aqui o Parecer Sucupira, do Conselheiro do CNE Newton Sucupira, que estrutura o Sistema Nacional de Pós-Graduação. É importante destacar que a pós-graduação teve um papel central para a modernização das nossas universidades. Foi a formação dos nossos docentes, do nosso quadro de professores, por meio da pós-graduação, do mestrado, do doutorado e, posteriormente, do pós-doutorado, que permitiu a modernização das universidades. Deixaram de ser centros reprodutores de conhecimento e passaram a ser centros geradores de conhecimento, por meio da formação e da incorporação de pesquisadores dentro dos seus quadros.

A CAPES teve um papel importante depois, na institucionalização do sistema de avaliação. Toda política pública precisa de um processo de avaliação, de monitoramento, e a CAPES tem o importante papel de garantir, na avaliação da pós-graduação, a qualidade dos processos formadores dos nossos jovens pesquisadores. Nas últimas 2 décadas, nós vimos consolidando esse processo de avaliação, que está associado ao processo de fomento da pós-graduação. É muito importante trazer a avaliação da política pública e, ao mesmo tempo, a avaliação das ações de fomento.

Esta é a dimensão do nosso Sistema Nacional de Pós-Graduação. Vou me deter em 2021.Foram mais de 4 mil e 500 programas de pós-graduação; quase 7 mil cursos — esse número vai subir, porque cerca de 300 cursos devem entrar no sistema no próximo ano, divididos entre mestrados, doutorados, acadêmicos e profissionais —; quase 113 mil ingressantes; e aproximadamente 80 mil titulados no período. Isso mostra a dimensão do sistema. Apesar disso, ainda precisa se expandir. Vamos discutir um pouquinho isso também.

Este quadro mostra o crescimento da pós-graduação brasileira entre 2004 e 2017 em relação ao mundo. Vemos aqui Estados Unidos, China, Alemanha, Reino Unido e Rússia. O Brasil teve um incremento de 172%, o que parece um número grande. É, sim, um incremento significativo se nós considerarmos que é uma pós-graduação relativamente recente — nós estamos falando dos últimos 60 anos —, mas lembro que nós estamos num patamar bem abaixo do dos demais países. Esta é a curva do Brasil, com um incremento significativo no período, mas o País ainda está em um patamar bem mais baixo que o dos demais países.

Outro dado importante do Brasil em relação ao resto do mundo é a sua formação em nível de pós-graduação — a formação de mestres e doutores por 100 mil habitantes. Essa comparação do Brasil com os demais países, incluindo os da OCDE, engloba os anos entre 2005 e 2017. Nós nos mexemos muito pouco em termos da formação de mestres por 100 mil habitantes e continuamos abaixo de vários outros países. O mesmo acontece com o doutorado. Tivemos um avanço nesse período de tempo, mas, como já demonstrado na figura anterior, precisamos avançar muito mais em relação a outros países desenvolvidos.

Este gráfico mostra o Brasil como um todo e revela um dos grandes desafios do nosso processo formativo. A linha preta tracejada é a média do Brasil, e o que nós vemos aqui nas diferentes cores são as Regiões do País. Nós percebemos que em duas delas, Sudeste e Sul, nós formamos um número de doutores por 100 mil habitantes maior do que a média nacional, mas no Centro-Oeste, no Nordeste e sobretudo no Norte, esse número ainda está abaixo da média nacional. Então, o País tem um desafio como um todo de subir o seu número de formados por 100 mil habitantes em comparação aos países desenvolvidos, mas tem ainda que lidar com uma expressiva assimetria regional nesses processos de formação.

Como efeito da pandemia, nós vemos uma redução da titulação no mestrado acadêmico. Não vemos ainda um sinal de recuperação. Então, isso provavelmente está muito associado ao fato de o mestrado levar 2 anos, já que talvez as pessoas tenham postergado a entrada no curso. No caso do doutorado, nós vemos também uma redução do período da pandemia, mas começamos a observar agora uma retomada da titulação. Provavelmente, seja mais um atraso na titulação e menos uma redução na entrada. No mestrado profissional e no doutorado profissional, isso foi menos aparente. Além das nossas questões estruturais, precisamos lidar com a necessidade de uma pós-graduação um pouco mais resiliente a esses choques globais, como foi o caso da pandemia.

Quais são os desafios a serem superados? Nossa preocupação hoje é discutir acesso, permanência e conclusão na pós-graduação, que é exatamente a pauta hoje. Qual é a situação dos nossos ingressantes e dos nossos egressos, os nossos pós-graduantes?

Nós temos feito o levantamento dos principais problemas. O primeiro ponto a destacar é o percentual mais baixo de mestres e de doutores em relação ao dos países da OCDE. Nós ainda temos desigualdades regionais significativas, não apenas regionais, mas também sociais, étnico-raciais, linguísticas e de gênero no acesso, na permanência e na conclusão da pós-graduaçãostricto sensu. Nosso Programa Nacional de Pós-Graduação é permeado por desigualdades sociais muito agudas, desigualdades econômicas e regionais no País como um todo. Falta reconhecimento dos direitos previdenciários para os pós-graduandos, o que está associado à própria atratividade da pós-graduação.

Vários aspectos estão associados a isso. Os processos seletivos de entrada nos cursos de mestrado e de doutorado realmente impactam os grupos mais vulneráveis. Nós precisamos repensar estes processos seletivos. Há oferta assimétrica de programas de alta qualidade, baixa fixação de doutores fora das metrópoles no Brasil, concessão insuficiente e valor defasado das bolsas de estudo.

É muito interessante observar que, até alguns anos, nós ofertávamos bolsa para cerca de 40% dos pós-graduandos no País e hoje nós ofertamos somente para um terço dos pós-graduandos. São aproximadamente 300 mil pós-graduandos. Nós conseguimos colocar 100 mil bolsas dentro do sistema. Isso significa que o percentual de pós-graduandos que estão sendo atendidos por bolsas vem diminuindo, em função de toda a crise de financiamento que nós sofremos na ciência e na educação.

Nós observamos, ademais, uma evasão de maiores proporções nas engenharias, nas ciências exatas e da terra, o que é um problema para o País como um todo. Observamos, também, a dificuldade das instituições de lidarem com questões específicas dos discentes, como a maternidade. Eu aproveitei a oportunidade e já passei para a Deputada Alice uma proposta, que a CAPES elaborou, juntamente com o CNPq, de medida provisória para estender a licença, que não seria mais uma licença-maternidade, mas, sim, uma licença parental. Esta proposta, no entanto, terá que ser encampada como projeto de lei. Já peço à Deputada Alice que adote nosso projeto, pois eu acho que vai dar um benefício muito grande para toda a comunidade de pós-graduandos. Há outras questões específicas ligadas aos discentes: adoecimento, assédio, entre outras que já foram colocadas aqui.

Neste eslaide, temos um pouco da concentração regional de programas de alta qualidade, que são os programas 5, 6 e 7. Nós percebemos uma enorme assimetria regional. Quando nós dizemos que o sistema precisa se expandir, estamos dizendo que ele precisa se expandir em que direção? Ele precisa se interiorizar, e fazê-lo com qualidade, e atender, sobretudo, as regiões que hoje formam menos doutores por 100 mil habitantes: a Região Norte, a Região Nordeste e a Região Centro-Oeste. Hoje o sistema não demanda mais um crescimento espontâneo: demanda um crescimento induzido, que venha a suprir exatamente estas desigualdades.

É preciso olhar a questão dos egressos, da empregabilidade e da aproximação com o setor produtivo não acadêmico — estes são aspectos importantes. Hoje há a clareza de que nós não podemos produzir apenas mestres e doutores para a própria Academia. É importante que esta formação também permeie todos os outros setores da economia brasileira. É necessária a absorção de doutores, a proporção e a velocidade da titulação, bem como a oferta de programas de mestrado e de doutorado que tenham aderência ao mundo do trabalho além da Academia. Ademais, é preciso trabalhar com o setor industrial brasileiro, que tem pouca tradição, na verdade, no emprego de mão de obra altamente qualificada.

Tudo isso fica claro nesta figura, que mostra a empregabilidade dos nossos egressos por setores da economia. A cor azul-clara representa os doutores; a cor roxa, os mestres. Nós percebemos que é o setor educacional aquele que ainda emprega mais doutores no Brasil.Diante disso, nós precisamos ampliar a incorporação de doutores em outros setores: administração pública, saúde, outras atividades científicas e técnicas, indústrias de transformação, setor em que percebemos uma absorção muito baixa, entre outras atividades da economia.

Quais são as estratégias em curso e em planejamento para lidarmos com alguns destes desafios? A primeira é a retomada do Programa Nacional de Pós-Doutorado. As bolsas de pós-doutorado têm papel fundamental na permanência do recém-graduado. O doutor demora em torno de 5 anos para entrar no mercado de trabalho, para ser incorporado, e a bolsa de pós-doutorado faz este mecanismo de transição. Este foi o programa que sofreu mais fortemente com a redução de oferta de bolsas nos últimos anos.

A ideia, portanto, é retomar o Programa Nacional de Pós-Doutorado, nosso PNPD, e iniciar, ainda neste ano, a oferta dos cursos 5, 6 e 7. Há, também, a articulação com o CNPq para que a CAPES volte a prover bolsas de pós-doutorado para os INCTs, de modo a estimular a permanência de bolsistas de pós-doutorado. A partir dos próximos anos, seriam incorporados os demais programas de pós-graduação.

Outro aspecto importante foi o reajuste do valor das bolsas. Ainda que esse reajuste não tenha coberto toda a perda de valor das bolsas, ele foi uma etapa importante no reconhecimento — nós estávamos, havia 10 anos, sem reajuste — de que a bolsa efetivamente não cobria as necessidades mais básicas. Com isso, este reajuste representou sobretudo para as categorias de valores mais baixos de bolsa um aumento de algo em torno de 40%. Além do reajuste das bolsas, nós já começamos a trabalhar na modernização dos normativos.

Nós estávamos havia 10 anos sem reajuste, como eu disse, e algumas portarias não acompanhavam a modificação do perfil do nosso pós-graduando, nem a modificação da nossa sociedade como um todo. Diante disso, tem sido muito boa a parceria com o CNPq, porque vários normativos são conjuntos ou correlatos, bem como o trabalho de iniciar a modernizar esses normativos. O primeiro deles foi o desimpedimento de acúmulo de bolsas com atividade remunerada e a autorização para a complementação financeira de bolsas em áreas estratégicas.

Outro aspecto é a viabilização do acesso a segmentos vulneráveis e sub-representados. Não se trata de lidar apenas com a distribuição assimétrica, mas com a distribuição assimétrica em face dos segmentos sociais, raciais, etc.

Por fim, o aspecto mais importante, algo que já mencionaram aqui e que eu acho que nos une nesta discussão: o apoio ao reconhecimento dos direitos previdenciários dos pós-graduados. A Procuradoria Federal da CAPES tem conversado com a Associação Nacional de Pós-Graduandos — ANPG e com as procuradorias de outros Ministérios, para conseguir estabelecer o que seria uma norma para a garantia dos direitos previdenciários para os pós-graduandos. A normatização da licença parental, uma proposta de PL, agora já está na mão da Deputada Alice. Ela vai contar com todo o apoio da CAPES para conseguirmos colocar isso de pé.

É sempre importante destacar a democratização no acesso ao conhecimento. Eu acho que uma das ferramentas mais importantes é o Portal de Periódicos, um investimento enorme que o País faz. São cerca de 500 milhões de reais ao ano para o pagamento dos periódicos, o que hoje permite acesso a qualquer instituição do País que tenha um programa de pós-graduação. Nós estamos nos deparando com uma realidade que vai se modificando no mundo da ciência, o chamado ""acesso aberto"". Nós dizemos que ele é aberto, mas não é livre, já que tem que ser pago por alguém.Nós vamos precisar disso para incorporar estas modificações do mundo da ciência dentro da realidade dos nossos programas de pós-graduação.Acho que já estou me encaminhando para o fim.

No que diz respeito à qualidade da pós-graduação, eu digo que é preciso olhar sobretudo para os programas 3 e 4, ou seja, o que podemos fazer para melhorar estes programas.

A CAPES vem investindo num aspecto importante, ou seja, na gestão e na governança da informação, com o lançamento do Programa de Governança Colaborativa de Informações da Pós-Graduação — GOPG, que esperamos torne mais transparente, mais claro e menos oneroso o processo de inserção, pelos programas, das informações sobre seus funcionamentos dentro da plataforma da CAPES.

É preciso evoluir na sistemática de coleta de informações da CAPES porque, a partir do momento em que for possível integrar estas informações e tê-las certificadas, nós poderemos ter um acompanhamento mais claro das políticas públicas. A propósito, Prof. Galvão, eu fico muito feliz por ver a CAPES e o CNPq novamente conversarem sobre a integração dos seus sistemas de informação.

Vou passar para o próximo eslaide porque nós já falamos um pouquinho sobre fomento. Eu aproveito para fazer meu comercial aqui, um momento de discussão do novo Plano Nacional de Pós-Graduação — PNPG, que vai cobrir o período de 2024 a 2028. Nós estamos precisamente neste momento.

Nós fizemos uma parte inicial, em que uma comissão assessora levantou e organizou uma série de subsídios para o plano, mas, neste momento, estamos no processo de consulta aos Estados, com oficinas estaduais em todas as unidades da Federação. A ANPG tem conseguido participar de algumas, talvez não de todas, mas este tem sido um momento de escuta muito rico, porque a CAPES olha o País como um todo, mas quem chega à ponta são as instituições estaduais. Depois, nós vamos entrar num processo de consulta pública, em que é importante a participação da comunidade como um todo para a elaboração final do plano.

Este eslaide nos dá uma ideia do pé em que nós estamos hoje no processo de consulta. Os Estados em azul são todos aqueles em que nós já realizamos a consulta pública. Os que estão em amarelo são aqueles onde a consulta pública está acontecendo hoje. Os que estão em verde são aqueles que nós vamos planejar já para a próxima semana.

Este processo tem sido muito rico, na medida em que envolve não apenas a Academia, mas também o setor empresarial, a sociedade civil, de modo a colocarmos a formação de recursos humanos realmente a serviço do País.

Com isso, eu encerro minha apresentação.

Agradeço, novamente, a oportunidade de compartilhar com vocês este momento.

Obrigada.(Palmas.)

",20597,36929,"Foram mais de 4 mil e 500 programas de pós-graduação; quase 7 mil cursos — esse número vai subir, porque cerca de 300 cursos devem entrar no sistema no próximo ano, divididos entre mestrados, doutorados, acadêmicos e profissionais —; quase 113 mil ingressantes; e aproximadamente 80 mil titulados no período.",23360,23668,true,Central LDS manifestation checked against the quoted text in an explicitly named speaker turn.
