pair_id,model,relation_raw,relation_valid,relation_normalized,malformed_output,malformed_fields,reasoning
0138e27cd0f53d95,Qwen/Qwen2.5-72B-Instruct,STANCE_MAINTAINED,True,STANCE_MAINTAINED,False,[],"Ambas as manifestações demonstram um apoio claro e ativo às políticas e direitos dos idosos, com ênfase na importância da aprovação de convenções e na celebração de avanços legislativos."
24c599750bdd544f,Qwen/Qwen2.5-72B-Instruct,STANCE_MAINTAINED,True,STANCE_MAINTAINED,False,[],"Ambas as manifestações demonstram um apoio claro à discussão e regulamentação dos mercados digitais, enfatizando a importância do debate e da cooperação internacional para a criação de políticas eficientes."
263f772b51bf1354,Qwen/Qwen2.5-72B-Instruct,STANCE_MAINTAINED,True,STANCE_MAINTAINED,False,[],"Ambas as manifestações abordam a importância do envelhecimento saudável e ativo, destacando a necessidade de políticas públicas que garantam direitos e melhor qualidade de vida para as pessoas idosas. A posição favorável à discussão e implementação de ações para o envelhecimento é mantida em ambos os eventos."
2a22c99d1d3a678c,Qwen/Qwen2.5-72B-Instruct,INCOMPARABLE,True,INCOMPARABLE,False,[],"As duas manifestações tratam de temas relacionados à saúde ocular e ao SUS, mas abordam proposições específicas diferentes: a primeira fala sobre a retinopatia diabética e as filas de espera, enquanto a segunda fala sobre o edema macular diabético e a necessidade de atualização dos protocolos de tratamento."
2e42e8583aea6939,Qwen/Qwen2.5-72B-Instruct,STANCE_MAINTAINED,True,STANCE_MAINTAINED,False,[],Ambas as manifestações demonstram um compromisso claro com a luta contra a tuberculose e a busca por aumentar o orçamento e implementar estratégias para erradicar a doença até 2030.
3459768d16f576e5,Qwen/Qwen2.5-72B-Instruct,STANCE_MAINTAINED,True,STANCE_MAINTAINED,False,[],"Ambas as manifestações defendem a manutenção do saque-aniversário do FGTS, argumentando sua importância para os trabalhadores e a economia."
36e4b11ff6345a11,Qwen/Qwen2.5-72B-Instruct,INCOMPARABLE,True,INCOMPARABLE,False,[],"As duas manifestações tratam de temas diferentes: a primeira fala sobre a reconstrução do SUS e ações específicas do Ministério da Saúde, enquanto a segunda aborda a reconstrução dos direitos humanos e a participação social, incluindo a Conferência Nacional de Assistência Social e o programa Viver sem Limite."
36fb1e1240a12ac4,Qwen/Qwen2.5-72B-Instruct,INCOMPARABLE,True,INCOMPARABLE,False,[],"As duas manifestações tratam de temas diferentes e não respondem à mesma proposição específica. A primeira fala sobre a criminalização de lideranças indígenas e a proposta de uma lei prisional específica para indígenas, enquanto a segunda fala sobre a Política Nacional de Gestão Territorial e Ambiental das Terras Indígenas (PNGATI) e a necessidade de alocar recursos orçamentários para sua implementação."
4cffd4e8a3906c01,Qwen/Qwen2.5-72B-Instruct,INCOMPARABLE,True,INCOMPARABLE,False,[],"As duas manifestações tratam de temas diferentes: a primeira aborda o ativismo judicial e a invasão de competências do Poder Judiciário, enquanto a segunda trata da fiscalização e renovação das concessões de distribuidoras de energia elétrica."
8f79764e69daadf2,Qwen/Qwen2.5-72B-Instruct,STANCE_MAINTAINED,True,STANCE_MAINTAINED,False,[],"Ambas as manifestações demonstram um compromisso com a discussão e a implementação de políticas para a pessoa idosa, destacando a importância do tema e a necessidade de ações concretas do Estado."
af4d70f0c140e9c9,Qwen/Qwen2.5-72B-Instruct,INCOMPARABLE,True,INCOMPARABLE,False,[],"As duas manifestações abordam temas relacionados à violência, mas respondem a proposições específicas diferentes: a primeira trata da segurança escolar e medidas contra a violência em escolas, enquanto a segunda trata da inclusão de emendas na LDO para combater a violência contra crianças e adolescentes."
d3769de977ace19d,Qwen/Qwen2.5-72B-Instruct,STANCE_MAINTAINED,True,STANCE_MAINTAINED,False,[],Ambas as manifestações demonstram um apoio claro à prevenção de desastres naturais e à necessidade de recursos específicos para essa finalidade. O ator mantém uma posição consistente em favor da criação e fortalecimento de mecanismos de prevenção e resposta a desastres.
d4c07b40fb424a0c,Qwen/Qwen2.5-72B-Instruct,STANCE_MAINTAINED,True,STANCE_MAINTAINED,False,[],"Ambas as manifestações expressam oposição à obrigatoriedade da vacinação contra a COVID-19 em crianças, embora a segunda manifestação seja mais focada em questionar a vacina em geral e a obrigatoriedade, enquanto a primeira é mais direta na oposição à obrigatoriedade."
d4e87de87b4f3431,Qwen/Qwen2.5-72B-Instruct,INCOMPARABLE,True,INCOMPARABLE,False,[],"As duas manifestações tratam de temas diferentes e respondem a proposições específicas distintas, uma sobre a compra de insulina pelo SUS e a outra sobre denúncias envolvendo o custeio de viagem de uma pessoa condenada por crimes."
de54c782d361768c,Qwen/Qwen2.5-72B-Instruct,INCOMPARABLE,True,INCOMPARABLE,False,[],"As duas manifestações tratam de temas diferentes: a primeira aborda a violência contra as mulheres e políticas de proteção, enquanto a segunda foca nas políticas públicas para mulheres no climatério e menopausa."
e001ebac1d8033f1,Qwen/Qwen2.5-72B-Instruct,STANCE_MAINTAINED,True,STANCE_MAINTAINED,False,[],"Ambas as manifestações demonstram um compromisso com a criação de um arcabouço legal e de medidas de proteção e auxílio às vítimas de desastres naturais, enfatizando a importância da proteção aos mais vulneráveis."
e6a308550846aa5f,Qwen/Qwen2.5-72B-Instruct,INCOMPARABLE,True,INCOMPARABLE,False,[],"As duas manifestações tratam de temas relacionados à transição energética e combustíveis alternativos, mas respondem a proposições específicas diferentes: a primeira fala sobre a transição energética e o hidrogênio verde, enquanto a segunda se concentra no biometano e sua implementação na matriz energética brasileira."
ebcdef50abd4418f,Qwen/Qwen2.5-72B-Instruct,INCOMPARABLE,True,INCOMPARABLE,False,[],"As duas manifestações tratam de temas diferentes: a primeira fala sobre políticas públicas de proteção às mulheres e crianças indígenas, enquanto a segunda aborda dificuldades na implantação de políticas públicas para a população LGBTQIA+. Ambas apresentam posições determináveis, mas não respondem à mesma proposição específica."
0138e27cd0f53d95,meta-llama/Llama-3.3-70B-Instruct-Turbo,INCOMPARABLE,True,INCOMPARABLE,False,[],"As duas manifestações têm posição determinável, mas não respondem à mesma proposição específica, pois a Manifestação A trata da ratificação da Convenção Interamericana sobre a Proteção dos Direitos Humanos dos Idosos e a Manifestação B trata da consolidação de políticas públicas para idosos no contexto dos 20 anos do Estatuto do Idoso."
24c599750bdd544f,meta-llama/Llama-3.3-70B-Instruct-Turbo,STANCE_MAINTAINED,True,STANCE_MAINTAINED,False,[],"Ambas as manifestações defendem a importância da regulamentação dos mercados digitais e a necessidade de um debate aprofundado sobre o tema, com o objetivo de promover a competitividade, a inovação e a proteção dos consumidores e empreendedores."
263f772b51bf1354,meta-llama/Llama-3.3-70B-Instruct-Turbo,STANCE_MAINTAINED,True,STANCE_MAINTAINED,False,[],"Ambas as manifestações defendem a importância de políticas e ações para o envelhecimento saudável e a proteção dos direitos das pessoas idosas, com foco em desafios como a violência, a exclusão social e a necessidade de cuidado compartilhado."
2a22c99d1d3a678c,meta-llama/Llama-3.3-70B-Instruct-Turbo,INCOMPARABLE,True,INCOMPARABLE,False,[],"As duas manifestações têm posição determinável, mas não respondem à mesma proposição específica, pois a primeira manifestação trata da retinopatia diabética e a segunda do edema macular diabético, condições oculares relacionadas ao diabetes, mas distintas."
2e42e8583aea6939,meta-llama/Llama-3.3-70B-Instruct-Turbo,STANCE_MAINTAINED,True,STANCE_MAINTAINED,False,[],Ambas as manifestações defendem a ampliação do orçamento para combater a tuberculose no Brasil e apresentam propostas concretas para erradicar a doença até 2030.
3459768d16f576e5,meta-llama/Llama-3.3-70B-Instruct-Turbo,STANCE_MAINTAINED,True,STANCE_MAINTAINED,False,[],"Ambas as manifestações defendem a manutenção do saque-aniversário do FGTS, argumentando que é uma importante fonte de recursos para os trabalhadores e que sua extinção seria cruel e prejudicial à economia."
36e4b11ff6345a11,meta-llama/Llama-3.3-70B-Instruct-Turbo,INCOMPARABLE,True,INCOMPARABLE,False,[],"As manifestações tratam de temas diferentes, um sobre a autossuficiência na produção de insumos para a saúde e o outro sobre denúncias envolvendo o custeio de viagem e questões relacionadas aos direitos humanos, não permitindo uma comparação direta."
36fb1e1240a12ac4,meta-llama/Llama-3.3-70B-Instruct-Turbo,INCOMPARABLE,True,INCOMPARABLE,False,[],"As duas manifestações tratam de temas relacionados aos povos indígenas, mas abordam proposições específicas diferentes, como a criação de uma lei prisional específica para indígenas na primeira manifestação e a aprovação do Projeto de Lei 4347/21 para tornar permanente a Política Nacional de Gestão Territorial e Ambiental das Terras Indígenas na segunda manifestação."
4cffd4e8a3906c01,meta-llama/Llama-3.3-70B-Instruct-Turbo,INCOMPARABLE,True,INCOMPARABLE,False,[],"As duas manifestações tratam de temas diferentes, um sobre ativismo judicial e o outro sobre renovação de concessões de energia elétrica, não permitindo uma comparação direta entre as posições do ator."
8f79764e69daadf2,meta-llama/Llama-3.3-70B-Instruct-Turbo,INCOMPARABLE,True,INCOMPARABLE,False,[],"As duas manifestações têm posição determinável, mas não respondem à mesma proposição específica, pois a primeira manifestação discute a necessidade de reestruturação do Estado para atender ao envelhecimento da população brasileira, enquanto a segunda manifestação aborda a prioridade para a agenda do envelhecimento saudável no G20."
af4d70f0c140e9c9,meta-llama/Llama-3.3-70B-Instruct-Turbo,INCOMPARABLE,True,INCOMPARABLE,False,[],"As duas manifestações tratam de temas relacionados à violência contra crianças e adolescentes, mas abordam aspectos diferentes, como segurança nas escolas e orçamento para proteção da infância e adolescência, não permitindo uma comparação direta."
d3769de977ace19d,meta-llama/Llama-3.3-70B-Instruct-Turbo,STANCE_MAINTAINED,True,STANCE_MAINTAINED,False,[],"Ambas as manifestações defendem a necessidade de investimentos em prevenção de desastres e calamidades naturais, além de criticarem a falta de recursos orçamentários para essa finalidade."
d4c07b40fb424a0c,meta-llama/Llama-3.3-70B-Instruct-Turbo,STANCE_MAINTAINED,True,STANCE_MAINTAINED,False,[],"Ambas as manifestações expressam oposição à obrigatoriedade da vacinação contra Covid-19 em crianças, defendendo a liberdade de escolha das famílias e questionando a segurança e eficácia da vacina."
d4e87de87b4f3431,meta-llama/Llama-3.3-70B-Instruct-Turbo,INCOMPARABLE,True,INCOMPARABLE,False,[],"As duas manifestações tratam de temas diferentes, um sobre a compra de insulina e vacinas e outro sobre denúncias envolvendo o custeio de viagem e questões relacionadas aos direitos humanos."
de54c782d361768c,meta-llama/Llama-3.3-70B-Instruct-Turbo,INCOMPARABLE,True,INCOMPARABLE,False,[],"As duas manifestações tratam de temas diferentes, um sobre violência contra mulheres e o outro sobre políticas públicas para mulheres no climatério e menopausa, não permitindo uma comparação direta."
e001ebac1d8033f1,meta-llama/Llama-3.3-70B-Instruct-Turbo,STANCE_MAINTAINED,True,STANCE_MAINTAINED,False,[],"Ambas as manifestações defendem a criação de um arcabouço legal para proteger vítimas de desastres, especialmente os vulneráveis, e destacam a importância da participação do Ministério do Desenvolvimento Social."
e6a308550846aa5f,meta-llama/Llama-3.3-70B-Instruct-Turbo,INCOMPARABLE,True,INCOMPARABLE,False,[],"As duas manifestações tratam de temas relacionados à energia e ao meio ambiente, mas não respondem à mesma proposição específica, pois a primeira manifestação discute a transição energética e o uso de combustíveis alternativos, enquanto a segunda manifestação se concentra no uso do biometano na matriz energética brasileira."
ebcdef50abd4418f,meta-llama/Llama-3.3-70B-Instruct-Turbo,INCOMPARABLE,True,INCOMPARABLE,False,[],"As duas manifestações têm posição determinável, mas não respondem à mesma proposição específica, uma trata de políticas públicas de proteção às mulheres e crianças indígenas e a outra sobre dificuldades na implantação de políticas públicas para a população LGBTQIA+."
