hearing_id,actor_index,actor_id,actor_type,period,party,party_source,deputado_id,governism,bloc
1,0,michael shellenberger,CIVIL_SOCIETY_OR_OTHER,LULA,,,,,
1,1,glenn greenwald,CIVIL_SOCIETY_OR_OTHER,LULA,,,,,
1,2,marcel van hattem,DEPUTY,LULA,NOVO,ROLLCALL_DATED,156190,0.2434,OPPOSITION
1,3,arlindo chinaglia,DEPUTY,LULA,PT,ROLLCALL_DATED,73433,0.9856,GOVERNMENT
1,4,filipe barros,DEPUTY,LULA,PL,ROLLCALL_DATED,204411,0.3029,OPPOSITION
1,5,florentino neto,DEPUTY,LULA,PT,ROLLCALL_DATED,220700,0.9923,GOVERNMENT
1,6,eli vieira junior,CIVIL_SOCIETY_OR_OTHER,LULA,,,,,
1,7,david agape,CIVIL_SOCIETY_OR_OTHER,LULA,,,,,
2,0,alexandre silveira,FEDERAL_EXECUTIVE,LULA,,,,,
2,1,rodrigo de castro,DEPUTY,LULA,UNIAO,ROLLCALL_DATED,141531,0.8869,PIVOT
2,2,luiz carlos ciocchi,CIVIL_SOCIETY_OR_OTHER,LULA,,,,,
3,0,luiz marinho,FEDERAL_EXECUTIVE,LULA,,,,,
3,1,capitao alberto neto,DEPUTY,LULA,PL,ROLLCALL_DATED,204572,0.2854,OPPOSITION
4,0,carlos manuel baigorri,CIVIL_SOCIETY_OR_OTHER,LULA,,,,,
4,1,amaro neto,DEPUTY,LULA,REPUBLICANOS,ROLLCALL_DATED,204356,0.8372,GOVERNMENT
5,0,andreia siqueira,DEPUTY,LULA,MDB,ROLLCALL_DATED,220676,0.9006,GOVERNMENT
5,1,amom mandel,DEPUTY,LULA,CIDADANIA,ROLLCALL_DATED,220715,0.6979,PIVOT
5,2,fernando cotta,CIVIL_SOCIETY_OR_OTHER,LULA,,,,,
5,3,francisco dourado,CIVIL_SOCIETY_OR_OTHER,LULA,,,,,
5,4,viviani guimaraes,CIVIL_SOCIETY_OR_OTHER,LULA,,,,,
5,5,roselene alves,FEDERAL_EXECUTIVE,LULA,,,,,
5,6,maria do carmo ribeiro,CIVIL_SOCIETY_OR_OTHER,LULA,,,,,
5,7,erika kokay,DEPUTY,LULA,PT,ROLLCALL_DATED,160575,0.9467,GOVERNMENT
5,8,aline costa,CIVIL_SOCIETY_OR_OTHER,LULA,,,,,
6,0,ramiro madureira,CIVIL_SOCIETY_OR_OTHER,LULA,,,,,
6,1,aureo ribeiro,DEPUTY,LULA,SOLIDARIEDADE,ROLLCALL_DATED,160512,0.8291,GOVERNMENT
6,2,tania madureira,CIVIL_SOCIETY_OR_OTHER,LULA,,,,,
6,3,ricardo silva,DEPUTY,LULA,PSD,ROLLCALL_DATED,213274,0.8074,GOVERNMENT
6,4,caio vianna,DEPUTY,LULA,PSD,ROLLCALL_DATED,143942,0.9327,GOVERNMENT
6,5,alfredo gaspar,DEPUTY,LULA,UNIAO,ROLLCALL_DATED,220576,0.2973,PIVOT
6,6,max oliveira,CIVIL_SOCIETY_OR_OTHER,LULA,,,,,
7,0,danilo forte,CIVIL_SOCIETY_OR_OTHER,LULA,,,,,
7,1,aguinaldo ribeiro,DEPUTY,LULA,PP,ROLLCALL_DATED,160527,0.9019,GOVERNMENT
7,2,pedro lupion,DEPUTY,LULA,PP,ROLLCALL_DATED,204395,0.4266,GOVERNMENT
7,3,arnaldo jardim,DEPUTY,LULA,CIDADANIA,ROLLCALL_DATED,141391,0.8426,PIVOT
7,4,joaquim passarinho,DEPUTY,LULA,PL,ROLLCALL_DATED,178910,0.356,OPPOSITION
7,5,domingos savio,CIVIL_SOCIETY_OR_OTHER,LULA,,,,,
7,6,nilto tatto,DEPUTY,LULA,PT,ROLLCALL_DATED,178986,0.977,GOVERNMENT
8,0,otavio damaso,CIVIL_SOCIETY_OR_OTHER,LULA,,,,,
8,1,aureo ribeiro,DEPUTY,LULA,SOLIDARIEDADE,ROLLCALL_DATED,160512,0.8291,GOVERNMENT
8,2,thiago bueno,CIVIL_SOCIETY_OR_OTHER,LULA,,,,,
8,3,alexandre dos santos,CIVIL_SOCIETY_OR_OTHER,LULA,,,,,
9,0,monize marques,CIVIL_SOCIETY_OR_OTHER,LULA,,,,,
9,1,kenio lima,CIVIL_SOCIETY_OR_OTHER,LULA,,,,,
9,2,pinheirinho,DEPUTY,LULA,PP,ROLLCALL_DATED,204524,0.8159,GOVERNMENT
10,0,carlos augusto simoes,FEDERAL_EXECUTIVE,LULA,,,,,
10,1,capitao alberto neto,DEPUTY,LULA,PL,ROLLCALL_DATED,204572,0.2854,OPPOSITION
10,2,renato correia,CIVIL_SOCIETY_OR_OTHER,LULA,,,,,
10,3,henrique lian,CIVIL_SOCIETY_OR_OTHER,LULA,,,,,
10,4,clovis scherer,CIVIL_SOCIETY_OR_OTHER,LULA,,,,,
11,0,jose almir cirilo,SUBNATIONAL_OR_OTHER_STATE,LULA,,,,,
11,1,carlos nobre,CIVIL_SOCIETY_OR_OTHER,LULA,,,,,
11,2,paulo pedro de carvalho,CIVIL_SOCIETY_OR_OTHER,LULA,,,,,
11,3,fernando mineiro,DEPUTY,LULA,PT,ROLLCALL_DATED,204445,0.9816,GOVERNMENT
11,4,regina alvala,CIVIL_SOCIETY_OR_OTHER,LULA,,,,,
12,0,anna paula feminella,FEDERAL_EXECUTIVE,LULA,,,,,
12,1,pagu rodrigues,CIVIL_SOCIETY_OR_OTHER,LULA,,,,,
12,2,arthur de almeida medeiros,CIVIL_SOCIETY_OR_OTHER,LULA,,,,,
13,0,junior divino fideles,CIVIL_SOCIETY_OR_OTHER,LULA,,,,,
13,1,ricardo rabelo,CIVIL_SOCIETY_OR_OTHER,LULA,,,,,
13,2,helder salomao,DEPUTY,LULA,PT,ROLLCALL_DATED,178873,0.9774,GOVERNMENT
13,3,pedro aihara,DEPUTY,LULA,PATRIOTA,ROLLCALL_DATED,220630,0.7694,GOVERNMENT
13,4,padre joao,DEPUTY,LULA,PT,ROLLCALL_DATED,160556,0.9841,GOVERNMENT
13,5,thais vilas boas,CIVIL_SOCIETY_OR_OTHER,LULA,,,,,
13,6,carlos bruno da silva,CIVIL_SOCIETY_OR_OTHER,LULA,,,,,
13,7,isabella simoes,CIVIL_SOCIETY_OR_OTHER,LULA,,,,,
13,8,rogerio correia,DEPUTY,LULA,PT,ROLLCALL_DATED,204480,0.9792,GOVERNMENT
13,9,thiago alves,CIVIL_SOCIETY_OR_OTHER,LULA,,,,,
13,10,vitor saback,FEDERAL_EXECUTIVE,LULA,,,,,
14,0,diego alves,CIVIL_SOCIETY_OR_OTHER,LULA,,,,,
14,1,cassio araujo,CIVIL_SOCIETY_OR_OTHER,LULA,,,,,
14,2,alexandre sampaio,CIVIL_SOCIETY_OR_OTHER,LULA,,,,,
14,3,roberta bomfim,CIVIL_SOCIETY_OR_OTHER,LULA,,,,,
14,4,dilson ferreira,CIVIL_SOCIETY_OR_OTHER,LULA,,,,,
14,5,ricardo oliveira,CIVIL_SOCIETY_OR_OTHER,LULA,,,,,
14,6,ivan valente,DEPUTY,LULA,PSOL,ROLLCALL_DATED,73531,0.8021,GOVERNMENT
14,7,professora luciene cavalcante,DEPUTY,LULA,PSOL,ROLLCALL_DATED,221338,0.8161,GOVERNMENT
14,8,duda salabert,DEPUTY,LULA,PDT,ROLLCALL_DATED,220623,0.8754,GOVERNMENT
15,0,eder gatti,CIVIL_SOCIETY_OR_OTHER,LULA,,,,,
15,1,francisco cardoso,CIVIL_SOCIETY_OR_OTHER,LULA,,,,,
15,2,bia kicis,DEPUTY,LULA,PL,ROLLCALL_DATED,204374,0.2618,OPPOSITION
15,3,jorge solla,DEPUTY,LULA,PT,ROLLCALL_DATED,178857,0.9784,GOVERNMENT
16,0,silvio almeida,FEDERAL_EXECUTIVE,LULA,,,,,
16,1,adriana ventura,DEPUTY,LULA,NOVO,ROLLCALL_DATED,204528,0.2581,OPPOSITION
16,2,eduardo bolsonaro,DEPUTY,LULA,PL,ROLLCALL_DATED,92346,0.2395,OPPOSITION
16,3,kim kataguiri,DEPUTY,LULA,UNIAO,ROLLCALL_DATED,204536,0.2667,PIVOT
16,4,marcos pollon,DEPUTY,LULA,PL,ROLLCALL_DATED,220547,0.2073,OPPOSITION
16,5,chico alencar,DEPUTY,LULA,PSOL,ROLLCALL_DATED,74171,0.8359,GOVERNMENT
16,6,pedro aihara,DEPUTY,LULA,PATRIOTA,ROLLCALL_DATED,220630,0.7694,GOVERNMENT
16,7,jorge solla,DEPUTY,LULA,PT,ROLLCALL_DATED,178857,0.9784,GOVERNMENT
17,0,rodrigo saraiva,CIVIL_SOCIETY_OR_OTHER,LULA,,,,,
17,1,pedro estevam,CIVIL_SOCIETY_OR_OTHER,LULA,,,,,
17,2,lafayette de andrada,DEPUTY,LULA,REPUBLICANOS,ROLLCALL_DATED,98057,0.6776,GOVERNMENT
17,3,alencar santana,DEPUTY,LULA,PT,ROLLCALL_DATED,204501,0.9737,GOVERNMENT
18,0,mercedes maria da cunha bustamante,CIVIL_SOCIETY_OR_OTHER,LULA,,,,,
18,1,rogerio correia,DEPUTY,LULA,PT,ROLLCALL_DATED,204480,0.9792,GOVERNMENT
18,2,mariana breim,CIVIL_SOCIETY_OR_OTHER,LULA,,,,,
18,3,dandara,DEPUTY,LULA,PT,ROLLCALL_DATED,220629,0.9769,GOVERNMENT
19,0,jilmar tatto,DEPUTY,LULA,PT,ROLLCALL_DATED,141456,0.9702,GOVERNMENT
19,1,juninho do pneu,DEPUTY,LULA,UNIAO,ROLLCALL_DATED,204457,0.871,PIVOT
19,2,leticia cardoso,FEDERAL_EXECUTIVE,LULA,,,,,
19,3,victor pavarino,CIVIL_SOCIETY_OR_OTHER,LULA,,,,,
19,4,carlos henrique carvalho,CIVIL_SOCIETY_OR_OTHER,LULA,,,,,
20,0,maira pankararu,CIVIL_SOCIETY_OR_OTHER,LULA,,,,,
20,1,celia xakriaba,DEPUTY,LULA,PSOL,ROLLCALL_DATED,206018,0.8269,GOVERNMENT
20,2,adriana ramos,CIVIL_SOCIETY_OR_OTHER,LULA,,,,,
20,3,roberta amanajas,CIVIL_SOCIETY_OR_OTHER,LULA,,,,,
20,4,joaquim paulo de lima kaxinawa,CIVIL_SOCIETY_OR_OTHER,LULA,,,,,
21,0,juvandia moreira,CIVIL_SOCIETY_OR_OTHER,LULA,,,,,
21,1,ricardo costa,CIVIL_SOCIETY_OR_OTHER,LULA,,,,,
21,2,simone vicentini,FEDERAL_EXECUTIVE,LULA,,,,,
21,3,erika kokay,DEPUTY,LULA,PT,ROLLCALL_DATED,160575,0.9467,GOVERNMENT
21,4,tadeu veneri,DEPUTY,LULA,PT,ROLLCALL_DATED,220682,0.9624,GOVERNMENT
22,0,jorge goncalves,CIVIL_SOCIETY_OR_OTHER,LULA,,,,,
22,1,guilherme santos,CIVIL_SOCIETY_OR_OTHER,LULA,,,,,
22,2,ze neto,DEPUTY,LULA,PT,ROLLCALL_DATED,204559,0.9799,GOVERNMENT
22,3,adriana azevedo,FEDERAL_EXECUTIVE,LULA,,,,,
22,4,lucas ramos,DEPUTY,LULA,PSB,ROLLCALL_DATED,220662,0.9535,GOVERNMENT
23,0,hugo leal,DEPUTY,LULA,PSD,ROLLCALL_DATED,141450,0.784,GOVERNMENT
23,1,marcelo mendonca,CIVIL_SOCIETY_OR_OTHER,LULA,,,,,
23,2,gustavo bonini,CIVIL_SOCIETY_OR_OTHER,LULA,,,,,
23,3,leonidas cristino,DEPUTY,LULA,PDT,ROLLCALL_DATED,74299,0.9404,GOVERNMENT
24,0,rafaela reis de oliveira,CIVIL_SOCIETY_OR_OTHER,LULA,,,,,
24,1,luiza martins,CIVIL_SOCIETY_OR_OTHER,LULA,,,,,
24,2,neuza peres,CIVIL_SOCIETY_OR_OTHER,LULA,,,,,
24,3,professora luciene cavalcante,DEPUTY,LULA,PSOL,ROLLCALL_DATED,221338,0.8161,GOVERNMENT
24,4,christy gomes pato,CIVIL_SOCIETY_OR_OTHER,LULA,,,,,
25,0,tales domingos vieira,CIVIL_SOCIETY_OR_OTHER,LULA,,,,,
25,1,ricardo demichelli,CIVIL_SOCIETY_OR_OTHER,LULA,,,,,
25,2,ze silva,DEPUTY,LULA,SOLIDARIEDADE,ROLLCALL_DATED,160632,0.8601,GOVERNMENT
26,0,rosane silva,FEDERAL_EXECUTIVE,LULA,,,,,
26,1,luizianne lins,DEPUTY,LULA,PT,ROLLCALL_DATED,178866,0.9735,GOVERNMENT
26,2,lais abramo,FEDERAL_EXECUTIVE,LULA,,,,,
26,3,katia magalhaes arruda,SUBNATIONAL_OR_OTHER_STATE,LULA,,,,,
27,0,emerson saraiva,CIVIL_SOCIETY_OR_OTHER,LULA,,,,,
27,1,fernando bueno,CIVIL_SOCIETY_OR_OTHER,LULA,,,,,
27,2,prof paulo fernando,DEPUTY,LULA,REPUBLICANOS,ROLLCALL_DATED,89536,0.5231,GOVERNMENT
28,0,celso mattos,CIVIL_SOCIETY_OR_OTHER,LULA,,,,,
28,1,marcelo gabriel,CIVIL_SOCIETY_OR_OTHER,LULA,,,,,
28,2,gilberto martins,CIVIL_SOCIETY_OR_OTHER,LULA,,,,,
28,3,jorge braz,DEPUTY,LULA,REPUBLICANOS,ROLLCALL_DATED,205550,0.8162,GOVERNMENT
29,0,benedita da silva,DEPUTY,LULA,PT,ROLLCALL_DATED,73701,0.9806,GOVERNMENT
29,1,rafael moreira da silva,FEDERAL_EXECUTIVE,LULA,,,,,
29,2,yuri silva,FEDERAL_EXECUTIVE,LULA,,,,,
29,3,tamires sampaio,CIVIL_SOCIETY_OR_OTHER,LULA,,,,,
29,4,paulao,DEPUTY,LULA,PT,ROLLCALL_DATED,171617,0.9831,GOVERNMENT
30,0,ana paula lima,DEPUTY,LULA,PT,ROLLCALL_DATED,220556,0.9822,GOVERNMENT
30,1,lucas jose ramos lopes,CIVIL_SOCIETY_OR_OTHER,LULA,,,,,
30,2,santiago falluh varella,CIVIL_SOCIETY_OR_OTHER,LULA,,,,,
30,3,clara maria guimaraes marinho pereira,FEDERAL_EXECUTIVE,LULA,,,,,
31,0,socorro neri,DEPUTY,LULA,PP,ROLLCALL_DATED,104552,0.8237,GOVERNMENT
31,1,suzane goncalves,CIVIL_SOCIETY_OR_OTHER,LULA,,,,,
31,2,romilson siqueira,CIVIL_SOCIETY_OR_OTHER,LULA,,,,,
31,3,mark clark assen,CIVIL_SOCIETY_OR_OTHER,LULA,,,,,
31,4,marcia serra ferreira,CIVIL_SOCIETY_OR_OTHER,LULA,,,,,
32,0,clarissa teixeira,CIVIL_SOCIETY_OR_OTHER,LULA,,,,,
32,1,paulo illes,CIVIL_SOCIETY_OR_OTHER,LULA,,,,,
32,2,leticia carvalho,CIVIL_SOCIETY_OR_OTHER,LULA,,,,,
32,3,amanda pilon barsoumian,CIVIL_SOCIETY_OR_OTHER,LULA,,,,,
32,4,erika hilton,DEPUTY,LULA,PSOL,ROLLCALL_DATED,220645,0.8245,GOVERNMENT
33,0,samira cunha,CIVIL_SOCIETY_OR_OTHER,LULA,,,,,
33,1,marluce zacariotti,CIVIL_SOCIETY_OR_OTHER,LULA,,,,,
33,2,armando rollemberg,CIVIL_SOCIETY_OR_OTHER,LULA,,,,,
33,3,samuel pantoja,CIVIL_SOCIETY_OR_OTHER,LULA,,,,,
33,4,amaro neto,DEPUTY,LULA,REPUBLICANOS,ROLLCALL_DATED,204356,0.8372,GOVERNMENT
33,5,daniel trzeciak,DEPUTY,LULA,PSDB,ROLLCALL_DATED,204409,0.483,GOVERNMENT
34,0,bruno ziller,CIVIL_SOCIETY_OR_OTHER,LULA,,,,,
34,1,thais hagge,CIVIL_SOCIETY_OR_OTHER,LULA,,,,,
34,2,rosangela moro,DEPUTY,LULA,UNIAO,ROLLCALL_DATED,220644,0.3235,PIVOT
34,3,maria aparecida cina da silva,FEDERAL_EXECUTIVE,LULA,,,,,
34,4,joana de vilhena novaes,CIVIL_SOCIETY_OR_OTHER,LULA,,,,,
35,0,walber agra,CIVIL_SOCIETY_OR_OTHER,LULA,,,,,
35,1,anne cabral,CIVIL_SOCIETY_OR_OTHER,LULA,,,,,
35,2,samara castro,CIVIL_SOCIETY_OR_OTHER,LULA,,,,,
35,3,melillo diniz nascimento,CIVIL_SOCIETY_OR_OTHER,LULA,,,,,
35,4,rubens pereira junior,DEPUTY,LULA,PT,ROLLCALL_DATED,178887,0.9764,GOVERNMENT
36,0,lilian schaefer,CIVIL_SOCIETY_OR_OTHER,LULA,,,,,
36,1,murillo barbosa,CIVIL_SOCIETY_OR_OTHER,LULA,,,,,
36,2,coronel meira,DEPUTY,LULA,PL,ROLLCALL_DATED,220666,0.3034,OPPOSITION
36,3,ricardo falcao,CIVIL_SOCIETY_OR_OTHER,LULA,,,,,
36,4,claudio loureiro,CIVIL_SOCIETY_OR_OTHER,LULA,,,,,
37,0,fabio de araujo,FEDERAL_EXECUTIVE,LULA,,,,,
37,1,nayara falcao,CIVIL_SOCIETY_OR_OTHER,LULA,,,,,
37,2,dr zacharias calil,DEPUTY,LULA,UNIAO,ROLLCALL_DATED,204412,0.5381,PIVOT
37,3,luiz lima,DEPUTY,LULA,PL,ROLLCALL_DATED,204455,0.3148,OPPOSITION
38,0,daniel panizzi,CIVIL_SOCIETY_OR_OTHER,LULA,,,,,
38,1,deborah villas boas dadalt,CIVIL_SOCIETY_OR_OTHER,LULA,,,,,
38,2,carlos gomes,DEPUTY,LULA,REPUBLICANOS,ROLLCALL_DATED,178962,0.806,GOVERNMENT
39,0,rui falcao,DEPUTY,LULA,PT,ROLLCALL_DATED,73604,0.9548,GOVERNMENT
39,1,raul jungmann,CIVIL_SOCIETY_OR_OTHER,LULA,,,,,
39,2,flavio nogueira,DEPUTY,LULA,PT,ROLLCALL_DATED,191923,0.9678,GOVERNMENT
39,3,felipe santa cruz,CIVIL_SOCIETY_OR_OTHER,LULA,,,,,
39,4,sergio etchegoyen,CIVIL_SOCIETY_OR_OTHER,LULA,,,,,
39,5,filipe barros,DEPUTY,LULA,PL,ROLLCALL_DATED,204411,0.3029,OPPOSITION
39,6,lindbergh farias,DEPUTY,LULA,PT,ROLLCALL_DATED,74858,0.9612,GOVERNMENT
39,7,general girao,DEPUTY,LULA,PL,ROLLCALL_DATED,204473,0.3149,OPPOSITION
39,8,manuel domingos neto,CIVIL_SOCIETY_OR_OTHER,LULA,,,,,
40,0,marcio marinho,DEPUTY,LULA,REPUBLICANOS,ROLLCALL_DATED,150418,0.8247,GOVERNMENT
40,1,bernardino teixeira,CIVIL_SOCIETY_OR_OTHER,LULA,,,,,
40,2,antonio da silva jesus toninho do judo,CIVIL_SOCIETY_OR_OTHER,LULA,,,,,
40,3,luiz lima,DEPUTY,LULA,PL,ROLLCALL_DATED,204455,0.3148,OPPOSITION
40,4,diogo silva,CIVIL_SOCIETY_OR_OTHER,LULA,,,,,
41,0,alexandre da silva,FEDERAL_EXECUTIVE,LULA,,,,,
41,1,aliel machado,DEPUTY,LULA,PV,ROLLCALL_DATED,178927,0.924,GOVERNMENT
41,2,caroline maciel da costa,CIVIL_SOCIETY_OR_OTHER,LULA,,,,,
41,3,bibiana graeff,CIVIL_SOCIETY_OR_OTHER,LULA,,,,,
41,4,pedro cisalpino pinheiro,CIVIL_SOCIETY_OR_OTHER,LULA,,,,,
42,0,cleomar manhas,CIVIL_SOCIETY_OR_OTHER,LULA,,,,,
42,1,celso haddad,CIVIL_SOCIETY_OR_OTHER,LULA,,,,,
42,2,lucio gregori,CIVIL_SOCIETY_OR_OTHER,LULA,,,,,
42,3,millena nascimento,CIVIL_SOCIETY_OR_OTHER,LULA,,,,,
42,4,erika kokay,DEPUTY,LULA,PT,ROLLCALL_DATED,160575,0.9467,GOVERNMENT
43,0,glauber braga,DEPUTY,LULA,PSOL,ROLLCALL_DATED,152605,0.7316,GOVERNMENT
43,1,fernanda melchionna,DEPUTY,LULA,PSOL,ROLLCALL_DATED,204407,0.8111,GOVERNMENT
43,2,albuquerque,DEPUTY,LULA,REPUBLICANOS,ROLLCALL_DATED,220538,0.8406,GOVERNMENT
43,3,sargento portugal,DEPUTY,LULA,PODEMOS,ROLLCALL_DATED,220618,0.6508,GOVERNMENT
43,4,heraldo luiz rodrigues,FEDERAL_EXECUTIVE,LULA,,,,,
43,5,george brito,CIVIL_SOCIETY_OR_OTHER,LULA,,,,,
43,6,vanderley goncalves,CIVIL_SOCIETY_OR_OTHER,LULA,,,,,
43,7,jessica rocha,CIVIL_SOCIETY_OR_OTHER,LULA,,,,,
43,8,claudio lino,CIVIL_SOCIETY_OR_OTHER,LULA,,,,,
44,0,rodrigo agostinho,CIVIL_SOCIETY_OR_OTHER,LULA,,,,,
44,1,carlos agenor cabral,FEDERAL_EXECUTIVE,LULA,,,,,
44,2,carlos eduardo rezende,CIVIL_SOCIETY_OR_OTHER,LULA,,,,,
44,3,suely araujo,CIVIL_SOCIETY_OR_OTHER,LULA,,,,,
44,4,daniele lomba,CIVIL_SOCIETY_OR_OTHER,LULA,,,,,
44,5,ivan valente,DEPUTY,LULA,PSOL,ROLLCALL_DATED,73531,0.8021,GOVERNMENT
44,6,mauro de almeida,SUBNATIONAL_OR_OTHER_STATE,LULA,,,,,
45,0,paulo teixeira,FEDERAL_EXECUTIVE,LULA,,,,,
45,1,ricardo salles,DEPUTY,LULA,PL,ROLLCALL_DATED,220633,0.2085,OPPOSITION
45,2,delegado eder mauro,DEPUTY,LULA,PL,ROLLCALL_DATED,178908,0.2786,OPPOSITION
45,3,coronel meira,DEPUTY,LULA,PL,ROLLCALL_DATED,220666,0.3034,OPPOSITION
46,0,ze silva,DEPUTY,BOLSONARO,SOLIDARIEDADE,ROLLCALL_DATED,160632,0.917,GOVERNMENT
46,1,wilson diniz,CIVIL_SOCIETY_OR_OTHER,BOLSONARO,,,,,
46,2,sibelle silva,FEDERAL_EXECUTIVE,BOLSONARO,,,,,
46,3,jose ferreira da costa neto,CIVIL_SOCIETY_OR_OTHER,BOLSONARO,,,,,
46,4,daniela martins,CIVIL_SOCIETY_OR_OTHER,BOLSONARO,,,,,
46,5,luis fernando volpato,CIVIL_SOCIETY_OR_OTHER,BOLSONARO,,,,,
47,0,thiago rocha leandro,CIVIL_SOCIETY_OR_OTHER,LULA,,,,,
47,1,tarcisio motta,DEPUTY,LULA,PSOL,ROLLCALL_DATED,220598,0.8337,GOVERNMENT
47,2,max maciel,SUBNATIONAL_POLITICIAN,LULA,,,,,
47,3,alfredinho,DEPUTY,LULA,PT,ROLLCALL_DATED,221148,0.9844,GOVERNMENT
47,4,defensor stelio dener,DEPUTY,LULA,REPUBLICANOS,ROLLCALL_DATED,220539,0.8652,GOVERNMENT
48,0,pastor eurico,DEPUTY,LULA,PL,ROLLCALL_DATED,160642,0.3058,OPPOSITION
48,1,antonio jorge pereira junior,CIVIL_SOCIETY_OR_OTHER,LULA,,,,,
48,2,fabio felix,SUBNATIONAL_POLITICIAN,LULA,,,,,
48,3,pastor henrique vieira,DEPUTY,LULA,PSOL,ROLLCALL_DATED,220615,0.8288,GOVERNMENT
49,0,rafael vitale rodrigues,CIVIL_SOCIETY_OR_OTHER,LULA,,,,,
49,1,daniela reinehr,DEPUTY,LULA,PL,ROLLCALL_DATED,220557,0.2834,OPPOSITION
49,2,dagnor schneider,CIVIL_SOCIETY_OR_OTHER,LULA,,,,,
49,3,egidio martorano,CIVIL_SOCIETY_OR_OTHER,LULA,,,,,
50,0,veriano terto,CIVIL_SOCIETY_OR_OTHER,LULA,,,,,
50,1,ronaldo hallal,CIVIL_SOCIETY_OR_OTHER,LULA,,,,,
50,2,daiana santos,DEPUTY,LULA,PCDOB,ROLLCALL_DATED,220555,0.9478,GOVERNMENT
51,0,alexandre fonseca,CIVIL_SOCIETY_OR_OTHER,LULA,,,,,
51,1,geisa boaventura,CIVIL_SOCIETY_OR_OTHER,LULA,,,,,
51,2,dandara,DEPUTY,LULA,PT,ROLLCALL_DATED,220629,0.9769,GOVERNMENT
51,3,penildon silva filho,CIVIL_SOCIETY_OR_OTHER,LULA,,,,,
51,4,lidice da mata,DEPUTY,LULA,PSB,ROLLCALL_DATED,139285,0.9554,GOVERNMENT
52,0,patricia linares,CIVIL_SOCIETY_OR_OTHER,LULA,,,,,
52,1,maria cristina hoffmann,CIVIL_SOCIETY_OR_OTHER,LULA,,,,,
52,2,alexandre da silva,FEDERAL_EXECUTIVE,LULA,,,,,
52,3,mirian goldenberg,CIVIL_SOCIETY_OR_OTHER,LULA,,,,,
52,4,castro neto,DEPUTY,LULA,PSD,ROLLCALL_DATED,220699,0.9248,GOVERNMENT
53,0,walleria suri,CIVIL_SOCIETY_OR_OTHER,LULA,,,,,
53,1,luegio de souza,CIVIL_SOCIETY_OR_OTHER,LULA,,,,,
53,2,renata rezende,CIVIL_SOCIETY_OR_OTHER,LULA,,,,,
53,3,erika kokay,DEPUTY,LULA,PT,ROLLCALL_DATED,160575,0.9467,GOVERNMENT
53,4,paula wenke,CIVIL_SOCIETY_OR_OTHER,LULA,,,,,
54,0,aureo ribeiro,DEPUTY,LULA,SOLIDARIEDADE,ROLLCALL_DATED,160512,0.8291,GOVERNMENT
54,1,aline paz,CIVIL_SOCIETY_OR_OTHER,LULA,,,,,
54,2,cristiano nabuco,CIVIL_SOCIETY_OR_OTHER,LULA,,,,,
55,0,professora luciene cavalcante,DEPUTY,LULA,PSOL,ROLLCALL_DATED,221338,0.8161,GOVERNMENT
55,1,guilherme boulos,DEPUTY,LULA,PSOL,ROLLCALL_DATED,220639,0.8182,GOVERNMENT
55,2,claudia fernanda iten,CIVIL_SOCIETY_OR_OTHER,LULA,,,,,
55,3,carlos giannazi,SUBNATIONAL_POLITICIAN,LULA,,,,,
55,4,walneide romano,CIVIL_SOCIETY_OR_OTHER,LULA,,,,,
56,0,tiago camilo,CIVIL_SOCIETY_OR_OTHER,LULA,,,,,
56,1,gustavo chaves brandao,CIVIL_SOCIETY_OR_OTHER,LULA,,,,,
56,2,nelson leme,CIVIL_SOCIETY_OR_OTHER,LULA,,,,,
56,3,diego garcia,DEPUTY,LULA,REPUBLICANOS,ROLLCALL_DATED,178929,0.6031,GOVERNMENT
56,4,valter francisco brigido,CIVIL_SOCIETY_OR_OTHER,LULA,,,,,
56,5,monica marques,CIVIL_SOCIETY_OR_OTHER,LULA,,,,,
57,0,daniel cara,CIVIL_SOCIETY_OR_OTHER,LULA,,,,,
57,1,catarina de almeida,CIVIL_SOCIETY_OR_OTHER,LULA,,,,,
57,2,pastor henrique vieira,DEPUTY,LULA,PSOL,ROLLCALL_DATED,220615,0.8288,GOVERNMENT
57,3,josevanda franco,CIVIL_SOCIETY_OR_OTHER,LULA,,,,,
57,4,ana paula lima,DEPUTY,LULA,PT,ROLLCALL_DATED,220556,0.9822,GOVERNMENT
58,0,luiz antonio teixeira junior,SUBNATIONAL_OR_OTHER_STATE,LULA,,,,,
58,1,carmen zanotto,SUBNATIONAL_OR_OTHER_STATE,LULA,,,,,
58,2,soraya santos,DEPUTY,LULA,PL,ROLLCALL_DATED,178946,0.3324,OPPOSITION
58,3,joao rocha vilela,CIVIL_SOCIETY_OR_OTHER,LULA,,,,,
58,4,edson castro,SUBNATIONAL_OR_OTHER_STATE,LULA,,,,,
59,0,benilde madeira,CIVIL_SOCIETY_OR_OTHER,LULA,,,,,
59,1,padre joao,DEPUTY,LULA,PT,ROLLCALL_DATED,160556,0.9841,GOVERNMENT
60,0,dr zacharias calil,DEPUTY,BOLSONARO,UNIAO,ROLLCALL_DATED,204412,0.8911,GOVERNMENT
60,1,fernando silveira,CIVIL_SOCIETY_OR_OTHER,BOLSONARO,,,,,
60,2,maira batista botelho,FEDERAL_EXECUTIVE,BOLSONARO,,,,,
60,3,alexandre kalache,CIVIL_SOCIETY_OR_OTHER,BOLSONARO,,,,,
60,4,jose mangione,CIVIL_SOCIETY_OR_OTHER,BOLSONARO,,,,,
60,5,joao fernando monteiro ferreira,CIVIL_SOCIETY_OR_OTHER,BOLSONARO,,,,,
60,6,fernanda de carvalho,CIVIL_SOCIETY_OR_OTHER,BOLSONARO,,,,,
61,0,sidney leite,DEPUTY,BOLSONARO,PSD,ROLLCALL_DATED,204557,0.8044,GOVERNMENT
61,1,jorge nascimento,CIVIL_SOCIETY_OR_OTHER,BOLSONARO,,,,,
61,2,patricia gomes,CIVIL_SOCIETY_OR_OTHER,BOLSONARO,,,,,
61,3,marcos borges de castro,CIVIL_SOCIETY_OR_OTHER,BOLSONARO,,,,,
61,4,alexis fonteyne,DEPUTY,BOLSONARO,NOVO,ROLLCALL_DATED,204516,0.6721,PIVOT
61,5,vitor lippi,DEPUTY,BOLSONARO,PSDB,ROLLCALL_DATED,178992,0.764,GOVERNMENT
61,6,ze neto,DEPUTY,BOLSONARO,PT,ROLLCALL_DATED,204559,0.3186,OPPOSITION
62,0,liana ferronato,CIVIL_SOCIETY_OR_OTHER,BOLSONARO,,,,,
62,1,marcia cruz,CIVIL_SOCIETY_OR_OTHER,BOLSONARO,,,,,
62,2,rejane dias,DEPUTY,BOLSONARO,PT,ROLLCALL_DATED,178925,0.2939,OPPOSITION
62,3,priscila louly,CIVIL_SOCIETY_OR_OTHER,BOLSONARO,,,,,
63,0,karla giacomin,CIVIL_SOCIETY_OR_OTHER,BOLSONARO,,,,,
63,1,vejuse de oliveira,CIVIL_SOCIETY_OR_OTHER,BOLSONARO,,,,,
63,2,denis bezerra,DEPUTY,BOLSONARO,PSB,ROLLCALL_DATED,204542,0.3393,OPPOSITION
63,3,elder ximenes filho,CIVIL_SOCIETY_OR_OTHER,BOLSONARO,,,,,
63,4,renato gomes,FEDERAL_EXECUTIVE,BOLSONARO,,,,,
64,0,fabio pinheiro,FEDERAL_EXECUTIVE,BOLSONARO,,,,,
64,1,rodrigo coelho,DEPUTY,BOLSONARO,PODEMOS,ROLLCALL_DATED,204366,0.9033,GOVERNMENT
64,2,marcos jaboski,CIVIL_SOCIETY_OR_OTHER,BOLSONARO,,,,,
64,3,ariane nakamura,SUBNATIONAL_OR_OTHER_STATE,BOLSONARO,,,,,
65,0,luciano athayde chaves,CIVIL_SOCIETY_OR_OTHER,BOLSONARO,,,,,
65,1,paulo teixeira,DEPUTY,BOLSONARO,PT,ROLLCALL_DATED,141488,0.2557,OPPOSITION
65,2,professora bebel,SUBNATIONAL_POLITICIAN,BOLSONARO,,,,,
65,3,luciana paula confort,CIVIL_SOCIETY_OR_OTHER,BOLSONARO,,,,,
65,4,marcelo maciel mancilha,CIVIL_SOCIETY_OR_OTHER,BOLSONARO,,,,,
66,0,cintia teixeira,CIVIL_SOCIETY_OR_OTHER,BOLSONARO,,,,,
66,1,mario avelino,CIVIL_SOCIETY_OR_OTHER,BOLSONARO,,,,,
66,2,maria henriqueta alves,CIVIL_SOCIETY_OR_OTHER,BOLSONARO,,,,,
66,3,marcel van hattem,DEPUTY,BOLSONARO,NOVO,ROLLCALL_DATED,156190,0.6768,PIVOT
66,4,paulo ramos,DEPUTY,BOLSONARO,PDT,ROLLCALL_DATED,133968,0.3967,PIVOT
66,5,marcio coelho,CIVIL_SOCIETY_OR_OTHER,BOLSONARO,,,,,
67,0,luis fabiano costa,CIVIL_SOCIETY_OR_OTHER,BOLSONARO,,,,,
67,1,orlando silva,DEPUTY,BOLSONARO,PCDOB,ROLLCALL_DATED,178987,0.2796,OPPOSITION
67,2,gustavo de paula oliveira,CIVIL_SOCIETY_OR_OTHER,BOLSONARO,,,,,
67,3,renata rothje ruiz,CIVIL_SOCIETY_OR_OTHER,BOLSONARO,,,,,
67,4,antonio benedito goncalves,CIVIL_SOCIETY_OR_OTHER,BOLSONARO,,,,,
68,0,arnaldo bordon,CIVIL_SOCIETY_OR_OTHER,BOLSONARO,,,,,
68,1,vanessa pirolo,CIVIL_SOCIETY_OR_OTHER,BOLSONARO,,,,,
68,2,dr zacharias calil,DEPUTY,BOLSONARO,UNIAO,ROLLCALL_DATED,204412,0.8911,GOVERNMENT
68,3,marcos avila,CIVIL_SOCIETY_OR_OTHER,BOLSONARO,,,,,
68,4,patricia peres de souza,FEDERAL_EXECUTIVE,BOLSONARO,,,,,
69,0,maria claudia bucchianeri,SUBNATIONAL_OR_OTHER_STATE,BOLSONARO,,,,,
69,1,lucas hoogerbrugge,CIVIL_SOCIETY_OR_OTHER,BOLSONARO,,,,,
69,2,lidice da mata,DEPUTY,BOLSONARO,PSB,ROLLCALL_DATED,139285,0.2982,OPPOSITION
69,3,carlos eduardo sobral,CIVIL_SOCIETY_OR_OTHER,BOLSONARO,,,,,
69,4,thais bernardes,CIVIL_SOCIETY_OR_OTHER,BOLSONARO,,,,,
70,0,helena bergallo,CIVIL_SOCIETY_OR_OTHER,BOLSONARO,,,,,
70,1,john wurdig,CIVIL_SOCIETY_OR_OTHER,BOLSONARO,,,,,
70,2,jaime mitropoulos,CIVIL_SOCIETY_OR_OTHER,BOLSONARO,,,,,
70,3,taliria petrone,DEPUTY,BOLSONARO,PSOL,ROLLCALL_DATED,204464,0.2318,OPPOSITION
70,4,rodrigo agostinho,DEPUTY,BOLSONARO,PSB,ROLLCALL_DATED,204530,0.359,OPPOSITION
70,5,karpowership kps,CIVIL_SOCIETY_OR_OTHER,BOLSONARO,,,,,
71,0,rogerio correia,DEPUTY,BOLSONARO,PT,ROLLCALL_DATED,204480,0.2849,OPPOSITION
71,1,alexandre finamori,CIVIL_SOCIETY_OR_OTHER,BOLSONARO,,,,,
71,2,deyvid bacelar,CIVIL_SOCIETY_OR_OTHER,BOLSONARO,,,,,
71,3,eric futino,CIVIL_SOCIETY_OR_OTHER,BOLSONARO,,,,,
71,4,eduardo costa pinto,CIVIL_SOCIETY_OR_OTHER,BOLSONARO,,,,,
72,0,lucas da silva,CIVIL_SOCIETY_OR_OTHER,BOLSONARO,,,,,
72,1,italvar medina,SUBNATIONAL_OR_OTHER_STATE,BOLSONARO,,,,,
72,2,rogerio correia,DEPUTY,BOLSONARO,PT,ROLLCALL_DATED,204480,0.2849,OPPOSITION
72,3,jorge dos santos filho,CIVIL_SOCIETY_OR_OTHER,BOLSONARO,,,,,
72,4,luiz henrique lopes,FEDERAL_EXECUTIVE,BOLSONARO,,,,,
72,5,livia miraglia,CIVIL_SOCIETY_OR_OTHER,BOLSONARO,,,,,
73,0,mauro de oliveira freitas,CIVIL_SOCIETY_OR_OTHER,BOLSONARO,,,,,
73,1,vilson da fetaemg,DEPUTY,BOLSONARO,PSB,ROLLCALL_DATED,204483,0.2874,OPPOSITION
73,2,luiz leganani,CIVIL_SOCIETY_OR_OTHER,BOLSONARO,,,,,
73,3,beatriz herrans,CIVIL_SOCIETY_OR_OTHER,BOLSONARO,,,,,
73,4,marcelo de souza do nascimento,CIVIL_SOCIETY_OR_OTHER,BOLSONARO,,,,,
74,0,diego alves,CIVIL_SOCIETY_OR_OTHER,BOLSONARO,,,,,
74,1,ana paula motta,CIVIL_SOCIETY_OR_OTHER,BOLSONARO,,,,,
74,2,ana maria vilareal,CIVIL_SOCIETY_OR_OTHER,BOLSONARO,,,,,
74,3,maria do rosario,DEPUTY,BOLSONARO,PT,ROLLCALL_DATED,74398,0.3344,OPPOSITION
74,4,lucas lopes,CIVIL_SOCIETY_OR_OTHER,BOLSONARO,,,,,
74,5,erika kokay,DEPUTY,BOLSONARO,PT,ROLLCALL_DATED,160575,0.2493,OPPOSITION
74,6,celio moura,DEPUTY,BOLSONARO,PT,ROLLCALL_DATED,204370,0.2975,OPPOSITION
75,0,adriane reis de araujo,CIVIL_SOCIETY_OR_OTHER,BOLSONARO,,,,,
75,1,lydiane machado e silva,CIVIL_SOCIETY_OR_OTHER,BOLSONARO,,,,,
75,2,rosangela silva rassy,CIVIL_SOCIETY_OR_OTHER,BOLSONARO,,,,,
75,3,juvandia moreira leite,CIVIL_SOCIETY_OR_OTHER,BOLSONARO,,,,,
75,4,glenda cruz correa,FEDERAL_EXECUTIVE,BOLSONARO,,,,,
75,5,luciana paula conforti,CIVIL_SOCIETY_OR_OTHER,BOLSONARO,,,,,
75,6,bia kicis,DEPUTY,BOLSONARO,PL,ROLLCALL_DATED,204374,0.9315,GOVERNMENT
76,0,luciana barrancos,CIVIL_SOCIETY_OR_OTHER,BOLSONARO,,,,,
76,1,lucio costa,CIVIL_SOCIETY_OR_OTHER,BOLSONARO,,,,,
76,2,leonardo pinho,CIVIL_SOCIETY_OR_OTHER,BOLSONARO,,,,,
76,3,mauricio fiore,CIVIL_SOCIETY_OR_OTHER,BOLSONARO,,,,,
76,4,erika kokay,DEPUTY,BOLSONARO,PT,ROLLCALL_DATED,160575,0.2493,OPPOSITION
76,5,rafael ribeiro,CIVIL_SOCIETY_OR_OTHER,BOLSONARO,,,,,
77,0,elias vaz,DEPUTY,BOLSONARO,PSB,ROLLCALL_DATED,204389,0.278,OPPOSITION
77,1,marcos bicalho dos santos,CIVIL_SOCIETY_OR_OTHER,BOLSONARO,,,,,
77,2,sebastiao melo,CIVIL_SOCIETY_OR_OTHER,BOLSONARO,,,,,
77,3,rafael calabria,CIVIL_SOCIETY_OR_OTHER,BOLSONARO,,,,,
78,0,henrique jager,CIVIL_SOCIETY_OR_OTHER,BOLSONARO,,,,,
78,1,omar picheth,CIVIL_SOCIETY_OR_OTHER,BOLSONARO,,,,,
78,2,mario alberto dal zot,CIVIL_SOCIETY_OR_OTHER,BOLSONARO,,,,,
78,3,enio verri,DEPUTY,BOLSONARO,PT,ROLLCALL_DATED,132504,0.2795,OPPOSITION
79,0,pedro paulo,DEPUTY,BOLSONARO,PSD,ROLLCALL_DATED,122158,0.8249,GOVERNMENT
79,1,mauro silva,CIVIL_SOCIETY_OR_OTHER,BOLSONARO,,,,,
79,2,fernando mombelli,CIVIL_SOCIETY_OR_OTHER,BOLSONARO,,,,,
79,3,isac moreno santos,CIVIL_SOCIETY_OR_OTHER,BOLSONARO,,,,,
79,4,ricardo luiz de souza,CIVIL_SOCIETY_OR_OTHER,BOLSONARO,,,,,
79,5,francelino valenca junior,CIVIL_SOCIETY_OR_OTHER,BOLSONARO,,,,,
80,0,augusto coutinho,DEPUTY,BOLSONARO,REPUBLICANOS,ROLLCALL_DATED,160665,0.8454,GOVERNMENT
80,1,marcio goncalves,CIVIL_SOCIETY_OR_OTHER,BOLSONARO,,,,,
80,2,luiz alberto dos santos,CIVIL_SOCIETY_OR_OTHER,BOLSONARO,,,,,
80,3,carlos zarattini,DEPUTY,BOLSONARO,PT,ROLLCALL_DATED,141398,0.2812,OPPOSITION
80,4,andrea gozetto,CIVIL_SOCIETY_OR_OTHER,BOLSONARO,,,,,
80,5,adriana ventura,DEPUTY,BOLSONARO,NOVO,ROLLCALL_DATED,204528,0.6897,PIVOT
80,6,lafayette de andrada,DEPUTY,BOLSONARO,REPUBLICANOS,ROLLCALL_DATED,98057,0.9046,GOVERNMENT
81,0,luis rangel,CIVIL_SOCIETY_OR_OTHER,BOLSONARO,,,,,
81,1,reginaldo minare,CIVIL_SOCIETY_OR_OTHER,BOLSONARO,,,,,
81,2,bosco costa,DEPUTY,BOLSONARO,PL,ROLLCALL_DATED,74052,0.9437,GOVERNMENT
81,3,vinicius benites,CIVIL_SOCIETY_OR_OTHER,BOLSONARO,,,,,
81,4,amalia borsari,CIVIL_SOCIETY_OR_OTHER,BOLSONARO,,,,,
81,5,ricardo parahyba,CIVIL_SOCIETY_OR_OTHER,BOLSONARO,,,,,
82,0,mestre paizinho,CIVIL_SOCIETY_OR_OTHER,BOLSONARO,,,,,
82,1,mestre alcides,CIVIL_SOCIETY_OR_OTHER,BOLSONARO,,,,,
82,2,mae beth de oxum,CIVIL_SOCIETY_OR_OTHER,BOLSONARO,,,,,
82,3,mestre chico,CIVIL_SOCIETY_OR_OTHER,BOLSONARO,,,,,
82,4,mestre paulao kikongo,CIVIL_SOCIETY_OR_OTHER,BOLSONARO,,,,,
82,5,erika kokay,DEPUTY,BOLSONARO,PT,ROLLCALL_DATED,160575,0.2493,OPPOSITION
83,0,renan sotto mayor,CIVIL_SOCIETY_OR_OTHER,BOLSONARO,,,,,
83,1,carlos ricardo junior,CIVIL_SOCIETY_OR_OTHER,BOLSONARO,,,,,
83,2,mario henrique nunes,CIVIL_SOCIETY_OR_OTHER,BOLSONARO,,,,,
83,3,orlando silva,DEPUTY,BOLSONARO,PCDOB,ROLLCALL_DATED,178987,0.2796,OPPOSITION
83,4,ronan figueiredo,CIVIL_SOCIETY_OR_OTHER,BOLSONARO,,,,,
83,5,markinhus souza,CIVIL_SOCIETY_OR_OTHER,BOLSONARO,,,,,
84,0,erika kokay,DEPUTY,BOLSONARO,PT,ROLLCALL_DATED,160575,0.2493,OPPOSITION
84,1,ibere dias,CIVIL_SOCIETY_OR_OTHER,BOLSONARO,,,,,
84,2,edinalva severo,CIVIL_SOCIETY_OR_OTHER,BOLSONARO,,,,,
84,3,ana angelica campelo,FEDERAL_EXECUTIVE,BOLSONARO,,,,,
84,4,barbara santiago,CIVIL_SOCIETY_OR_OTHER,BOLSONARO,,,,,
84,5,julia salvagni,CIVIL_SOCIETY_OR_OTHER,BOLSONARO,,,,,
85,0,claudio nascimento,CIVIL_SOCIETY_OR_OTHER,LULA,,,,,
85,1,erika kokay,DEPUTY,LULA,PT,ROLLCALL_DATED,160575,0.9467,GOVERNMENT
85,2,renan cadais,CIVIL_SOCIETY_OR_OTHER,LULA,,,,,
86,0,dyogo oliveira,CIVIL_SOCIETY_OR_OTHER,LULA,,,,,
86,1,tiago vieira,CIVIL_SOCIETY_OR_OTHER,LULA,,,,,
86,2,isadora buchala,CIVIL_SOCIETY_OR_OTHER,LULA,,,,,
86,3,gesner oliveira,CIVIL_SOCIETY_OR_OTHER,LULA,,,,,
86,4,frederico knapp,CIVIL_SOCIETY_OR_OTHER,LULA,,,,,
86,5,evair vieira de melo,DEPUTY,LULA,PP,ROLLCALL_DATED,178871,0.2076,GOVERNMENT
86,6,leo prates,DEPUTY,LULA,PDT,ROLLCALL_DATED,80815,0.9333,GOVERNMENT
87,0,augusto coutinho,DEPUTY,LULA,REPUBLICANOS,ROLLCALL_DATED,160665,0.8998,GOVERNMENT
87,1,luiz marinho,FEDERAL_EXECUTIVE,LULA,,,,,
87,2,adroaldo da cunha,FEDERAL_EXECUTIVE,LULA,,,,,
87,3,fernando paes,CIVIL_SOCIETY_OR_OTHER,LULA,,,,,
87,4,ricardo leite,CIVIL_SOCIETY_OR_OTHER,LULA,,,,,
87,5,rodrigo porto,CIVIL_SOCIETY_OR_OTHER,LULA,,,,,
87,6,paulo xavier,CIVIL_SOCIETY_OR_OTHER,LULA,,,,,
87,7,josenildo,DEPUTY,LULA,PDT,ROLLCALL_DATED,220578,0.9051,GOVERNMENT
88,0,fernando peregrino,CIVIL_SOCIETY_OR_OTHER,BOLSONARO,,,,,
88,1,valder steffen,CIVIL_SOCIETY_OR_OTHER,BOLSONARO,,,,,
88,2,roberto muniz,CIVIL_SOCIETY_OR_OTHER,BOLSONARO,,,,,
88,3,angela amin,DEPUTY,BOLSONARO,PP,ROLLCALL_DATED,73696,0.8908,GOVERNMENT
89,0,alisson marugal,CIVIL_SOCIETY_OR_OTHER,BOLSONARO,,,,,
89,1,maria aureni gonzaga,CIVIL_SOCIETY_OR_OTHER,BOLSONARO,,,,,
89,2,julissa mantilla falcon,CIVIL_SOCIETY_OR_OTHER,BOLSONARO,,,,,
89,3,sonia guajajara,CIVIL_SOCIETY_OR_OTHER,BOLSONARO,,,,,
89,4,rejane dias,DEPUTY,BOLSONARO,PT,ROLLCALL_DATED,178925,0.2939,OPPOSITION
89,5,erika kokay,DEPUTY,BOLSONARO,PT,ROLLCALL_DATED,160575,0.2493,OPPOSITION
90,0,alexandre montrimas,CIVIL_SOCIETY_OR_OTHER,BOLSONARO,,,,,
90,1,luciana neder,CIVIL_SOCIETY_OR_OTHER,BOLSONARO,,,,,
90,2,rodrigo acioli,CIVIL_SOCIETY_OR_OTHER,BOLSONARO,,,,,
90,3,marcia bueno,CIVIL_SOCIETY_OR_OTHER,BOLSONARO,,,,,
90,4,roberto alves,DEPUTY,BOLSONARO,REPUBLICANOS,ROLLCALL_DATED,152610,0.9114,GOVERNMENT
90,5,luisa rodrigues,CIVIL_SOCIETY_OR_OTHER,BOLSONARO,,,,,
90,6,elizabeth de souza,CIVIL_SOCIETY_OR_OTHER,BOLSONARO,,,,,
91,0,marcos madureira,CIVIL_SOCIETY_OR_OTHER,BOLSONARO,,,,,
91,1,davi antunes lima,CIVIL_SOCIETY_OR_OTHER,BOLSONARO,,,,,
91,2,domingos neto,DEPUTY,BOLSONARO,PSD,ROLLCALL_DATED,143632,0.9072,GOVERNMENT
91,3,anton schwyter,CIVIL_SOCIETY_OR_OTHER,BOLSONARO,,,,,
91,4,victor iocca,CIVIL_SOCIETY_OR_OTHER,BOLSONARO,,,,,
91,5,domingos romeu andreatta,FEDERAL_EXECUTIVE,BOLSONARO,,,,,
91,6,mario menel,CIVIL_SOCIETY_OR_OTHER,BOLSONARO,,,,,
91,7,marcia sandra silva,CIVIL_SOCIETY_OR_OTHER,BOLSONARO,,,,,
91,8,danilo forte,DEPUTY,BOLSONARO,UNIAO,ROLLCALL_DATED,62881,0.8507,GOVERNMENT
91,9,benes leocadio,DEPUTY,BOLSONARO,UNIAO,ROLLCALL_DATED,109429,0.8816,GOVERNMENT
91,10,eduardo da fonte,DEPUTY,BOLSONARO,PP,ROLLCALL_DATED,141421,0.8794,GOVERNMENT
92,0,sebastiao estevam dos santos,CIVIL_SOCIETY_OR_OTHER,BOLSONARO,,,,,
92,1,anna luiza calixto amaral,CIVIL_SOCIETY_OR_OTHER,BOLSONARO,,,,,
92,2,antonio de oliveira lima,CIVIL_SOCIETY_OR_OTHER,BOLSONARO,,,,,
92,3,maria aparecida gurgel,CIVIL_SOCIETY_OR_OTHER,BOLSONARO,,,,,
92,4,luiz antonio colussi,CIVIL_SOCIETY_OR_OTHER,BOLSONARO,,,,,
93,0,francisco aparecido cordao,CIVIL_SOCIETY_OR_OTHER,BOLSONARO,,,,,
93,1,getulio marques ferreira,CIVIL_SOCIETY_OR_OTHER,BOLSONARO,,,,,
93,2,antonio almerico biondi,CIVIL_SOCIETY_OR_OTHER,BOLSONARO,,,,,
93,3,flavia morais,DEPUTY,BOLSONARO,PDT,ROLLCALL_DATED,160598,0.4441,PIVOT
94,0,erika kokay,DEPUTY,LULA,PT,ROLLCALL_DATED,160575,0.9467,GOVERNMENT
94,1,fernanda santana,CIVIL_SOCIETY_OR_OTHER,LULA,,,,,
94,2,paula de luca,CIVIL_SOCIETY_OR_OTHER,LULA,,,,,
94,3,roselene alves,CIVIL_SOCIETY_OR_OTHER,LULA,,,,,
94,4,larissa argenta,CIVIL_SOCIETY_OR_OTHER,LULA,,,,,
95,0,karina ishida,CIVIL_SOCIETY_OR_OTHER,LULA,,,,,
95,1,cynthia schuck,CIVIL_SOCIETY_OR_OTHER,LULA,,,,,
95,2,patrycia sato,CIVIL_SOCIETY_OR_OTHER,LULA,,,,,
95,3,vanessa negrini,CIVIL_SOCIETY_OR_OTHER,LULA,,,,,
95,4,ze silva,DEPUTY,LULA,SOLIDARIEDADE,ROLLCALL_DATED,160632,0.8601,GOVERNMENT
96,0,cely granja,CIVIL_SOCIETY_OR_OTHER,BOLSONARO,,,,,
96,1,eduardo barbosa,DEPUTY,BOLSONARO,PSDB,ROLLCALL_DATED,74655,0.7801,GOVERNMENT
96,2,cybelle fraga,CIVIL_SOCIETY_OR_OTHER,BOLSONARO,,,,,
96,3,benjamim vale,CIVIL_SOCIETY_OR_OTHER,BOLSONARO,,,,,
96,4,yuri maia,CIVIL_SOCIETY_OR_OTHER,BOLSONARO,,,,,
96,5,fabio trad,DEPUTY,BOLSONARO,PSD,ROLLCALL_DATED,160587,0.5904,GOVERNMENT
97,0,aroaldo oliveira da silva,CIVIL_SOCIETY_OR_OTHER,BOLSONARO,,,,,
97,1,vicentinho,DEPUTY,BOLSONARO,PT,ROLLCALL_DATED,74283,0.2901,OPPOSITION
97,2,fausto augusto junior,CIVIL_SOCIETY_OR_OTHER,BOLSONARO,,,,,
97,3,luiz carlos moraes,CIVIL_SOCIETY_OR_OTHER,BOLSONARO,,,,,
97,4,ronaldo lima dos santos,CIVIL_SOCIETY_OR_OTHER,BOLSONARO,,,,,
98,0,george lodder,CIVIL_SOCIETY_OR_OTHER,BOLSONARO,,,,,
98,1,luis miranda,DEPUTY,BOLSONARO,DEM,ROLLCALL_DATED,204381,0.9012,
98,2,regilene siqueira rozal,CIVIL_SOCIETY_OR_OTHER,BOLSONARO,,,,,
98,3,dario taciano de freitas junior,CIVIL_SOCIETY_OR_OTHER,BOLSONARO,,,,,
98,4,aristides moura,CIVIL_SOCIETY_OR_OTHER,BOLSONARO,,,,,
98,5,diogo rais,CIVIL_SOCIETY_OR_OTHER,BOLSONARO,,,,,
98,6,carlos affonso souza,CIVIL_SOCIETY_OR_OTHER,BOLSONARO,,,,,
98,7,ygor valerio,CIVIL_SOCIETY_OR_OTHER,BOLSONARO,,,,,
98,8,jonas antunes couto,CIVIL_SOCIETY_OR_OTHER,BOLSONARO,,,,,
98,9,evandro mario lorens,CIVIL_SOCIETY_OR_OTHER,BOLSONARO,,,,,
98,10,thiago tavares,CIVIL_SOCIETY_OR_OTHER,BOLSONARO,,,,,
98,11,rafael zanatta,CIVIL_SOCIETY_OR_OTHER,BOLSONARO,,,,,
99,0,ualid rabah,CIVIL_SOCIETY_OR_OTHER,LULA,,,,,
99,1,ibrahim mohamed khalil alzeben,CIVIL_SOCIETY_OR_OTHER,LULA,,,,,
99,2,vinicius limongi,CIVIL_SOCIETY_OR_OTHER,LULA,,,,,
99,3,padre joao,DEPUTY,LULA,PT,ROLLCALL_DATED,160556,0.9841,GOVERNMENT
99,4,carlos antunes santos,FEDERAL_EXECUTIVE,LULA,,,,,
99,5,abilio brunini,DEPUTY,LULA,PL,ROLLCALL_DATED,220593,0.3,OPPOSITION
100,0,silvye alves,DEPUTY,LULA,UNIAO,ROLLCALL_DATED,220569,0.6458,PIVOT
100,1,erika de oliveira,CIVIL_SOCIETY_OR_OTHER,LULA,,,,,
100,2,george neves lodder,CIVIL_SOCIETY_OR_OTHER,LULA,,,,,
100,3,rodrigo santana,CIVIL_SOCIETY_OR_OTHER,LULA,,,,,
100,4,tais niffinegger,CIVIL_SOCIETY_OR_OTHER,LULA,,,,,
101,0,cleomar marques,CIVIL_SOCIETY_OR_OTHER,LULA,,,,,
101,1,athirson oliveira,FEDERAL_EXECUTIVE,LULA,,,,,
101,2,ismael alexandrino,DEPUTY,LULA,PSD,CARGO,,,GOVERNMENT
101,3,rodrigo patricio,CIVIL_SOCIETY_OR_OTHER,LULA,,,,,
102,0,dino antunes dias batista,CIVIL_SOCIETY_OR_OTHER,LULA,,,,,
102,1,arnaldo jardim,DEPUTY,LULA,CIDADANIA,ROLLCALL_DATED,141391,0.8426,PIVOT
103,0,ricardo lewandowski,FEDERAL_EXECUTIVE,LULA,,,,,
103,1,general girao,DEPUTY,LULA,PL,ROLLCALL_DATED,204473,0.3149,OPPOSITION
103,2,delegado paulo bilynskyj,DEPUTY,LULA,PL,ROLLCALL_DATED,220654,0.2292,OPPOSITION
103,3,pastor henrique vieira,DEPUTY,LULA,PSOL,ROLLCALL_DATED,220615,0.8288,GOVERNMENT
103,4,sanderson,DEPUTY,LULA,PL,ROLLCALL_DATED,204416,0.2507,OPPOSITION
104,0,hugo leal,DEPUTY,LULA,PSD,ROLLCALL_DATED,141450,0.784,GOVERNMENT
104,1,danilo forte,DEPUTY,LULA,UNIAO,ROLLCALL_DATED,62881,0.7885,PIVOT
104,2,lafayette de andrada,DEPUTY,LULA,REPUBLICANOS,ROLLCALL_DATED,98057,0.6776,GOVERNMENT
104,3,frederico teles,CIVIL_SOCIETY_OR_OTHER,LULA,,,,,
104,4,sandoval feitosa,CIVIL_SOCIETY_OR_OTHER,LULA,,,,,
105,0,dr zacharias calil,DEPUTY,LULA,UNIAO,ROLLCALL_DATED,204412,0.5381,PIVOT
105,1,vanessa pirolo,CIVIL_SOCIETY_OR_OTHER,LULA,,,,,
105,2,fernando korn malerbi,CIVIL_SOCIETY_OR_OTHER,LULA,,,,,
105,3,arnaldo furman bordon,CIVIL_SOCIETY_OR_OTHER,LULA,,,,,
106,0,jelson gesser,CIVIL_SOCIETY_OR_OTHER,LULA,,,,,
106,1,claudio filgueiras,CIVIL_SOCIETY_OR_OTHER,LULA,,,,,
106,2,pezenti,DEPUTY,LULA,MDB,ROLLCALL_DATED,161440,0.3062,GOVERNMENT
107,0,henguel ricardo,CIVIL_SOCIETY_OR_OTHER,LULA,,,,,
107,1,carlos frederico otoni garcia,CIVIL_SOCIETY_OR_OTHER,LULA,,,,,
107,2,luciano chaves boeira,CIVIL_SOCIETY_OR_OTHER,LULA,,,,,
107,3,gilson daniel,DEPUTY,LULA,PODEMOS,ROLLCALL_DATED,220529,0.8826,GOVERNMENT
107,4,marlisson soares cunha,CIVIL_SOCIETY_OR_OTHER,LULA,,,,,
107,5,pedro henrique correa teixeira,CIVIL_SOCIETY_OR_OTHER,LULA,,,,,
108,0,fabiano camargo,CIVIL_SOCIETY_OR_OTHER,LULA,,,,,
108,1,orlando souza,CIVIL_SOCIETY_OR_OTHER,LULA,,,,,
108,2,bibo nunes,DEPUTY,LULA,PL,ROLLCALL_DATED,204388,0.3209,OPPOSITION
108,3,jorge goetten,DEPUTY,LULA,PL,ROLLCALL_DATED,214694,0.5443,OPPOSITION
108,4,tiago xavier,CIVIL_SOCIETY_OR_OTHER,LULA,,,,,
108,5,milton zuanazzi,FEDERAL_EXECUTIVE,LULA,,,,,
108,6,magda mofatto,DEPUTY,LULA,PRD,ROLLCALL_DATED,166402,0.2846,PIVOT
109,0,waldez goes,FEDERAL_EXECUTIVE,LULA,,,,,
109,1,wolnei wolf,FEDERAL_EXECUTIVE,LULA,,,,,
109,2,pedro campos,DEPUTY,LULA,PSB,ROLLCALL_DATED,220667,0.9664,GOVERNMENT
109,3,gaguim,DEPUTY,LULA,UNIAO,CARGO,,,PIVOT
109,4,padovani,DEPUTY,LULA,UNIAO,ROLLCALL_DATED,220706,0.5926,PIVOT
110,0,luiz couto,DEPUTY,LULA,PT,ROLLCALL_DATED,74041,0.9775,GOVERNMENT
110,1,alexandre lindenmeyer,DEPUTY,LULA,PT,ROLLCALL_DATED,220554,0.9669,GOVERNMENT
110,2,felipe hees,CIVIL_SOCIETY_OR_OTHER,LULA,,,,,
110,3,alexandre da silva,FEDERAL_EXECUTIVE,LULA,,,,,
110,4,reimont,DEPUTY,LULA,PT,ROLLCALL_DATED,220606,0.9835,GOVERNMENT
110,5,ligia gualberto,CIVIL_SOCIETY_OR_OTHER,LULA,,,,,
111,0,rodrigo rosso marques,CIVIL_SOCIETY_OR_OTHER,LULA,,,,,
111,1,amalia barros,DEPUTY,LULA,PL,ROLLCALL_DATED,220596,0.2851,OPPOSITION
111,2,messias ramos costa,CIVIL_SOCIETY_OR_OTHER,LULA,,,,,
112,0,paulo xavier,CIVIL_SOCIETY_OR_OTHER,LULA,,,,,
112,1,tadeu henrique lopes,CIVIL_SOCIETY_OR_OTHER,LULA,,,,,
112,2,rodrigo carelli,CIVIL_SOCIETY_OR_OTHER,LULA,,,,,
112,3,carina mineia dos santos trindade,CIVIL_SOCIETY_OR_OTHER,LULA,,,,,
112,4,glauber braga,DEPUTY,LULA,PSOL,ROLLCALL_DATED,152605,0.7316,GOVERNMENT
113,0,pedro batista,CIVIL_SOCIETY_OR_OTHER,LULA,,,,,
113,1,gilson daniel,DEPUTY,LULA,PODEMOS,ROLLCALL_DATED,220529,0.8826,GOVERNMENT
113,2,vera campelo,CIVIL_SOCIETY_OR_OTHER,LULA,,,,,
113,3,leo prates,DEPUTY,LULA,PDT,ROLLCALL_DATED,80815,0.9333,GOVERNMENT
114,0,antonio brito,DEPUTY,LULA,PSD,ROLLCALL_DATED,160553,0.9563,GOVERNMENT
114,1,draurio neto,FEDERAL_EXECUTIVE,LULA,,,,,
114,2,thiago moraes,FEDERAL_EXECUTIVE,LULA,,,,,
114,3,ismael alexandrino,DEPUTY,LULA,PSD,CARGO,,,GOVERNMENT
114,4,marcia viana,FEDERAL_EXECUTIVE,LULA,,,,,
114,5,carla almeida,CIVIL_SOCIETY_OR_OTHER,LULA,,,,,
114,6,ricardo arcencio,CIVIL_SOCIETY_OR_OTHER,LULA,,,,,
115,0,alexandre araujo da costa,CIVIL_SOCIETY_OR_OTHER,LULA,,,,,
115,1,luciana gatti,CIVIL_SOCIETY_OR_OTHER,LULA,,,,,
115,2,gilson daniel,DEPUTY,LULA,PODEMOS,ROLLCALL_DATED,220529,0.8826,GOVERNMENT
115,3,tarcisio motta,DEPUTY,LULA,PSOL,ROLLCALL_DATED,220598,0.8337,GOVERNMENT
115,4,marcio astrini,SUBNATIONAL_OR_OTHER_STATE,LULA,,,,,
115,5,saulo rodrigues,CIVIL_SOCIETY_OR_OTHER,LULA,,,,,
115,6,gustavo luedemann,CIVIL_SOCIETY_OR_OTHER,LULA,,,,,
116,0,mauro vieira,FEDERAL_EXECUTIVE,LULA,,,,,
116,1,evair vieira de melo,DEPUTY,LULA,PP,ROLLCALL_DATED,178871,0.2076,GOVERNMENT
116,2,general pazuello,DEPUTY,LULA,PL,ROLLCALL_DATED,220611,0.3167,OPPOSITION
116,3,augusto coutinho,DEPUTY,LULA,REPUBLICANOS,ROLLCALL_DATED,160665,0.8998,GOVERNMENT
116,4,carlos zarattini,DEPUTY,LULA,PT,ROLLCALL_DATED,141398,0.9796,GOVERNMENT
117,0,alfredo gaspar,DEPUTY,LULA,UNIAO,ROLLCALL_DATED,220576,0.2973,PIVOT
117,1,ricardo cesar de barros oliveira,CIVIL_SOCIETY_OR_OTHER,LULA,,,,,
117,2,helder pasti,CIVIL_SOCIETY_OR_OTHER,LULA,,,,,
117,3,marx beltrao,DEPUTY,LULA,PP,ROLLCALL_DATED,178843,0.8263,GOVERNMENT
117,4,paulo roberto farias falcao,CIVIL_SOCIETY_OR_OTHER,LULA,,,,,
117,5,leandro galvanese,CIVIL_SOCIETY_OR_OTHER,LULA,,,,,
118,0,wolnei wolff,FEDERAL_EXECUTIVE,LULA,,,,,
118,1,gilson daniel,DEPUTY,LULA,PODEMOS,ROLLCALL_DATED,220529,0.8826,GOVERNMENT
118,2,tarcisio motta,DEPUTY,LULA,PSOL,ROLLCALL_DATED,220598,0.8337,GOVERNMENT
118,3,pedro aihara,DEPUTY,LULA,PATRIOTA,ROLLCALL_DATED,220630,0.7694,GOVERNMENT
118,4,jorge goetten,DEPUTY,LULA,PL,ROLLCALL_DATED,214694,0.5443,OPPOSITION
118,5,leo prates,DEPUTY,LULA,PDT,ROLLCALL_DATED,80815,0.9333,GOVERNMENT
118,6,armin braun,CIVIL_SOCIETY_OR_OTHER,LULA,,,,,
119,0,beatriz figueiredo,CIVIL_SOCIETY_OR_OTHER,LULA,,,,,
119,1,aline yamamoto,CIVIL_SOCIETY_OR_OTHER,LULA,,,,,
119,2,raoni parreira maciel,CIVIL_SOCIETY_OR_OTHER,LULA,,,,,
119,3,viviane bonato,CIVIL_SOCIETY_OR_OTHER,LULA,,,,,
120,0,mario parreiras de faria,CIVIL_SOCIETY_OR_OTHER,LULA,,,,,
120,1,eduardo armond de araujo,CIVIL_SOCIETY_OR_OTHER,LULA,,,,,
120,2,alvaro da silva alves,CIVIL_SOCIETY_OR_OTHER,LULA,,,,,
120,3,cintia pantoja leao,CIVIL_SOCIETY_OR_OTHER,LULA,,,,,
120,4,alexandre lindenmeyer,DEPUTY,LULA,PT,ROLLCALL_DATED,220554,0.9669,GOVERNMENT
121,0,eldom stevem barbosa dos santos,CIVIL_SOCIETY_OR_OTHER,LULA,,,,,
121,1,marcio luiz coelho de freitas,CIVIL_SOCIETY_OR_OTHER,LULA,,,,,
121,2,aline yamamoto,CIVIL_SOCIETY_OR_OTHER,LULA,,,,,
122,0,carlos favaro,FEDERAL_EXECUTIVE,LULA,,,,,
122,1,afonso hamm,DEPUTY,LULA,PP,ROLLCALL_DATED,136811,0.5233,GOVERNMENT
122,2,domingos savio,DEPUTY,LULA,PL,ROLLCALL_DATED,160758,0.3404,OPPOSITION
123,0,antonio brito,DEPUTY,LULA,PSD,ROLLCALL_DATED,160553,0.9563,GOVERNMENT
123,1,ethel maciel,FEDERAL_EXECUTIVE,LULA,,,,,
123,2,miguel aragon,CIVIL_SOCIETY_OR_OTHER,LULA,,,,,
124,0,cesar aldrighi,CIVIL_SOCIETY_OR_OTHER,LULA,,,,,
124,1,coronel fernanda,DEPUTY,LULA,PL,ROLLCALL_DATED,220595,0.2735,OPPOSITION
124,2,bohn gass,DEPUTY,LULA,PT,ROLLCALL_DATED,160538,0.972,GOVERNMENT
125,0,antonio bresolin,CIVIL_SOCIETY_OR_OTHER,LULA,,,,,
125,1,lara simielli,CIVIL_SOCIETY_OR_OTHER,LULA,,,,,
125,2,idilvan alencar,DEPUTY,LULA,PDT,ROLLCALL_DATED,204533,0.9292,GOVERNMENT
125,3,ana cristina de oliveira,CIVIL_SOCIETY_OR_OTHER,LULA,,,,,
126,0,chico alencar,DEPUTY,LULA,PSOL,ROLLCALL_DATED,74171,0.8359,GOVERNMENT
126,1,margarete brito,CIVIL_SOCIETY_OR_OTHER,LULA,,,,,
126,2,eliane lima guerra nunes,CIVIL_SOCIETY_OR_OTHER,LULA,,,,,
126,3,rodrigo cariri,CIVIL_SOCIETY_OR_OTHER,LULA,,,,,
126,4,manuela borges,CIVIL_SOCIETY_OR_OTHER,LULA,,,,,
126,5,luis mauricio alves ribeiro,CIVIL_SOCIETY_OR_OTHER,LULA,,,,,
127,0,maria carolina pereira alves,FEDERAL_EXECUTIVE,LULA,,,,,
127,1,symone bonfim,FEDERAL_EXECUTIVE,LULA,,,,,
127,2,erika kokay,DEPUTY,LULA,PT,ROLLCALL_DATED,160575,0.9467,GOVERNMENT
127,3,vicente faleiros,CIVIL_SOCIETY_OR_OTHER,LULA,,,,,
128,0,daniela reinehr,DEPUTY,LULA,PL,ROLLCALL_DATED,220557,0.2834,OPPOSITION
128,1,saulo pedroso,DEPUTY,LULA,PSD,ROLLCALL_DATED,226837,0.855,GOVERNMENT
128,2,luiz gastao,DEPUTY,LULA,PSD,ROLLCALL_DATED,220658,0.8427,GOVERNMENT
128,3,antonio lisboa,CIVIL_SOCIETY_OR_OTHER,LULA,,,,,
128,4,pablo rolim carneiro,CIVIL_SOCIETY_OR_OTHER,LULA,,,,,
128,5,zilmara david de alencar,CIVIL_SOCIETY_OR_OTHER,LULA,,,,,
129,0,nisia trindade,FEDERAL_EXECUTIVE,LULA,,,,,
129,1,bia kicis,DEPUTY,LULA,PL,ROLLCALL_DATED,204374,0.2618,OPPOSITION
129,2,eduardo bolsonaro,DEPUTY,LULA,PL,ROLLCALL_DATED,92346,0.2395,OPPOSITION
129,3,jorge solla,DEPUTY,LULA,PT,ROLLCALL_DATED,178857,0.9784,GOVERNMENT
130,0,jandira feghali,DEPUTY,LULA,PCDOB,ROLLCALL_DATED,74848,0.9679,GOVERNMENT
130,1,lidice da mata,DEPUTY,LULA,PSB,ROLLCALL_DATED,139285,0.9554,GOVERNMENT
130,2,simone oliveira,CIVIL_SOCIETY_OR_OTHER,LULA,,,,,
130,3,felipe lopes,CIVIL_SOCIETY_OR_OTHER,LULA,,,,,
130,4,marcio tavares,FEDERAL_EXECUTIVE,LULA,,,,,
131,0,jose bartolomeu,CIVIL_SOCIETY_OR_OTHER,LULA,,,,,
131,1,jorge solla,DEPUTY,LULA,PT,ROLLCALL_DATED,178857,0.9784,GOVERNMENT
131,2,anderson bellas,FEDERAL_EXECUTIVE,LULA,,,,,
132,0,daniela schettino,CIVIL_SOCIETY_OR_OTHER,LULA,,,,,
132,1,renato aguiar,CIVIL_SOCIETY_OR_OTHER,LULA,,,,,
132,2,luiza erundina,DEPUTY,LULA,PSOL,ROLLCALL_DATED,74784,0.8434,GOVERNMENT
132,3,geremias dos santos,CIVIL_SOCIETY_OR_OTHER,LULA,,,,,
132,4,tais ladeira,CIVIL_SOCIETY_OR_OTHER,LULA,,,,,
132,5,higino germani,CIVIL_SOCIETY_OR_OTHER,LULA,,,,,
132,6,jadyel alencar,DEPUTY,LULA,PV,ROLLCALL_DATED,220697,0.9132,GOVERNMENT
133,0,rodrigo de castro,DEPUTY,LULA,UNIAO,ROLLCALL_DATED,141531,0.8869,PIVOT
133,1,ivan valente,DEPUTY,LULA,PSOL,ROLLCALL_DATED,73531,0.8021,GOVERNMENT
133,2,arnaldo jardim,DEPUTY,LULA,CIDADANIA,ROLLCALL_DATED,141391,0.8426,PIVOT
133,3,max lemos,DEPUTY,LULA,PDT,ROLLCALL_DATED,220607,0.9112,GOVERNMENT
133,4,alex manente,DEPUTY,LULA,CIDADANIA,ROLLCALL_DATED,178972,0.8178,PIVOT
133,5,altineu cortes,DEPUTY,LULA,PL,ROLLCALL_DATED,178937,0.311,OPPOSITION
133,6,julio lopes,DEPUTY,LULA,PP,ROLLCALL_DATED,74253,0.887,GOVERNMENT
133,7,bacelar,DEPUTY,LULA,PV,ROLLCALL_DATED,69871,0.986,GOVERNMENT
133,8,celso russomanno,DEPUTY,LULA,REPUBLICANOS,ROLLCALL_DATED,73441,0.8133,GOVERNMENT
133,9,aureo ribeiro,DEPUTY,LULA,SOLIDARIEDADE,ROLLCALL_DATED,160512,0.8291,GOVERNMENT
133,10,roberto monteiro pai,DEPUTY,LULA,PL,ROLLCALL_DATED,220613,0.3687,OPPOSITION
134,0,pietro mendes,FEDERAL_EXECUTIVE,LULA,,,,,
134,1,alexandre alonso,CIVIL_SOCIETY_OR_OTHER,LULA,,,,,
134,2,goncalo pereira,CIVIL_SOCIETY_OR_OTHER,LULA,,,,,
134,3,plinio nastari,CIVIL_SOCIETY_OR_OTHER,LULA,,,,,
134,4,leonidas cristino,DEPUTY,LULA,PDT,ROLLCALL_DATED,74299,0.9404,GOVERNMENT
134,5,valeria lima,CIVIL_SOCIETY_OR_OTHER,LULA,,,,,
135,0,joelia lins,CIVIL_SOCIETY_OR_OTHER,LULA,,,,,
135,1,carlos piotto,CIVIL_SOCIETY_OR_OTHER,LULA,,,,,
135,2,roberto de moura,CIVIL_SOCIETY_OR_OTHER,LULA,,,,,
135,3,marcelo stona,CIVIL_SOCIETY_OR_OTHER,LULA,,,,,
135,4,professora luciene cavalcante,DEPUTY,LULA,PSOL,ROLLCALL_DATED,221338,0.8161,GOVERNMENT
135,5,lineu mazano,CIVIL_SOCIETY_OR_OTHER,LULA,,,,,
136,0,luiz francisco faraco,CIVIL_SOCIETY_OR_OTHER,LULA,,,,,
136,1,kleber karipuna,CIVIL_SOCIETY_OR_OTHER,LULA,,,,,
136,2,celia xakriaba,DEPUTY,LULA,PSOL,ROLLCALL_DATED,206018,0.8269,GOVERNMENT
136,3,lucas grisolia,CIVIL_SOCIETY_OR_OTHER,LULA,,,,,
137,0,alessio costa lima,CIVIL_SOCIETY_OR_OTHER,LULA,,,,,
137,1,heder noronha,CIVIL_SOCIETY_OR_OTHER,LULA,,,,,
137,2,prof paulo fernando,DEPUTY,LULA,REPUBLICANOS,ROLLCALL_DATED,89536,0.5231,GOVERNMENT
137,3,fernando mineiro,DEPUTY,LULA,PT,ROLLCALL_DATED,204445,0.9816,GOVERNMENT
137,4,jose pinheiro de queiroz neto,CIVIL_SOCIETY_OR_OTHER,LULA,,,,,
138,0,waldemar goncalves ortunho junior,CIVIL_SOCIETY_OR_OTHER,LULA,,,,,
138,1,caio vianna,DEPUTY,LULA,PSD,ROLLCALL_DATED,143942,0.9327,GOVERNMENT
139,0,alessia tuxa,CIVIL_SOCIETY_OR_OTHER,LULA,,,,,
139,1,celia xakriaba,DEPUTY,LULA,PSOL,ROLLCALL_DATED,206018,0.8269,GOVERNMENT
139,2,daniele osorio,CIVIL_SOCIETY_OR_OTHER,LULA,,,,,
139,3,viviane balbuglio,CIVIL_SOCIETY_OR_OTHER,LULA,,,,,
139,4,andrey ferreira,CIVIL_SOCIETY_OR_OTHER,LULA,,,,,
139,5,caique galicia,FEDERAL_EXECUTIVE,LULA,,,,,
140,0,jarbas barbosa,CIVIL_SOCIETY_OR_OTHER,LULA,,,,,
140,1,iza arruda,DEPUTY,LULA,MDB,ROLLCALL_DATED,220670,0.9156,GOVERNMENT
140,2,jorge solla,DEPUTY,LULA,PT,ROLLCALL_DATED,178857,0.9784,GOVERNMENT
141,0,pamella passos,CIVIL_SOCIETY_OR_OTHER,LULA,,,,,
141,1,juliana andozio,CIVIL_SOCIETY_OR_OTHER,LULA,,,,,
141,2,salomao barros ximenes,CIVIL_SOCIETY_OR_OTHER,LULA,,,,,
141,3,professora luciene cavalcante,DEPUTY,LULA,PSOL,ROLLCALL_DATED,221338,0.8161,GOVERNMENT
141,4,taliria petrone,DEPUTY,LULA,PSOL,ROLLCALL_DATED,204464,0.8012,GOVERNMENT
142,0,cynthia curado,FEDERAL_EXECUTIVE,LULA,,,,,
142,1,pedro de souza,CIVIL_SOCIETY_OR_OTHER,LULA,,,,,
142,2,prof paulo fernando,DEPUTY,LULA,REPUBLICANOS,ROLLCALL_DATED,89536,0.5231,GOVERNMENT
142,3,rafael baldi,CIVIL_SOCIETY_OR_OTHER,LULA,,,,,
142,4,vitor hugo ferreira,CIVIL_SOCIETY_OR_OTHER,LULA,,,,,
143,0,antonio carlos cintra,CIVIL_SOCIETY_OR_OTHER,LULA,,,,,
143,1,marcia moro,CIVIL_SOCIETY_OR_OTHER,LULA,,,,,
143,2,rogerio ferreira,CIVIL_SOCIETY_OR_OTHER,LULA,,,,,
143,3,gisela simona,DEPUTY,LULA,UNIAO,ROLLCALL_DATED,226179,0.636,PIVOT
143,4,ione amorim,CIVIL_SOCIETY_OR_OTHER,LULA,,,,,
143,5,walter faria,CIVIL_SOCIETY_OR_OTHER,LULA,,,,,
143,6,belline santana,CIVIL_SOCIETY_OR_OTHER,LULA,,,,,
144,0,jader barbalho filho,FEDERAL_EXECUTIVE,LULA,,,,,
144,1,joseildo ramos,DEPUTY,LULA,PT,ROLLCALL_DATED,209189,0.9695,GOVERNMENT
144,2,bebeto,DEPUTY,LULA,PP,ROLLCALL_DATED,220612,0.864,GOVERNMENT
145,0,flavio dino,FEDERAL_EXECUTIVE,LULA,,,,,
145,1,bia kicis,DEPUTY,LULA,PL,ROLLCALL_DATED,204374,0.2618,OPPOSITION
145,2,evair vieira de melo,DEPUTY,LULA,PP,ROLLCALL_DATED,178871,0.2076,GOVERNMENT
145,3,nikolas ferreira,DEPUTY,LULA,PL,ROLLCALL_DATED,209787,0.2439,OPPOSITION
146,0,padre joao,DEPUTY,LULA,PT,ROLLCALL_DATED,160556,0.9841,GOVERNMENT
146,1,diego ferreira,FEDERAL_EXECUTIVE,LULA,,,,,
146,2,angela gomes,CIVIL_SOCIETY_OR_OTHER,LULA,,,,,
147,0,daiana santos,DEPUTY,LULA,PCDOB,ROLLCALL_DATED,220555,0.9478,GOVERNMENT
147,1,helen perrela,CIVIL_SOCIETY_OR_OTHER,LULA,,,,,
147,2,bruno tovar,CIVIL_SOCIETY_OR_OTHER,LULA,,,,,
147,3,lucas carneiro,CIVIL_SOCIETY_OR_OTHER,LULA,,,,,
148,0,marcos pollon,DEPUTY,LULA,PL,ROLLCALL_DATED,220547,0.2073,OPPOSITION
148,1,ismael alexandrino,DEPUTY,LULA,PSD,CARGO,,,GOVERNMENT
148,2,rafael salerno,CIVIL_SOCIETY_OR_OTHER,LULA,,,,,
148,3,livia martins,CIVIL_SOCIETY_OR_OTHER,LULA,,,,,
148,4,guilherme takeda,CIVIL_SOCIETY_OR_OTHER,LULA,,,,,
148,5,joao carlos carli,CIVIL_SOCIETY_OR_OTHER,LULA,,,,,
149,0,alexandre lindenmeyer,DEPUTY,LULA,PT,ROLLCALL_DATED,220554,0.9669,GOVERNMENT
149,1,vladimir pomar,CIVIL_SOCIETY_OR_OTHER,LULA,,,,,
149,2,alexandre da silva,FEDERAL_EXECUTIVE,LULA,,,,,
149,3,danyel de lima,CIVIL_SOCIETY_OR_OTHER,LULA,,,,,
150,0,jean robert batana ferreira,CIVIL_SOCIETY_OR_OTHER,LULA,,,,,
150,1,luciano valentim rechiuti,CIVIL_SOCIETY_OR_OTHER,LULA,,,,,
150,2,claudio gomide,CIVIL_SOCIETY_OR_OTHER,LULA,,,,,
150,3,henrique lins de barros,CIVIL_SOCIETY_OR_OTHER,LULA,,,,,
150,4,luisa canziani,DEPUTY,LULA,PSD,ROLLCALL_DATED,204410,0.7224,GOVERNMENT
150,5,ricardo jacob magalhaes,CIVIL_SOCIETY_OR_OTHER,LULA,,,,,
151,0,luiz couto,DEPUTY,LULA,PT,ROLLCALL_DATED,74041,0.9775,GOVERNMENT
151,1,joao moura,FEDERAL_EXECUTIVE,LULA,,,,,
151,2,irma petra silvia,CIVIL_SOCIETY_OR_OTHER,LULA,,,,,
151,3,erika kokay,DEPUTY,LULA,PT,ROLLCALL_DATED,160575,0.9467,GOVERNMENT
151,4,cintia rangel,FEDERAL_EXECUTIVE,LULA,,,,,
151,5,mariangela graciano,FEDERAL_EXECUTIVE,LULA,,,,,
152,0,carlos roberto alves de queiroz,CIVIL_SOCIETY_OR_OTHER,LULA,,,,,
152,1,marcio jerry,DEPUTY,LULA,PCDOB,ROLLCALL_DATED,81055,0.981,GOVERNMENT
152,2,patricia menezes,CIVIL_SOCIETY_OR_OTHER,LULA,,,,,
152,3,enio alberto siloti,CIVIL_SOCIETY_OR_OTHER,LULA,,,,,
152,4,carlos ademir veras pinheiro,CIVIL_SOCIETY_OR_OTHER,LULA,,,,,
153,0,paulo pimenta,FEDERAL_EXECUTIVE,LULA,,,,,
153,1,waldez goes,FEDERAL_EXECUTIVE,LULA,,,,,
153,2,marcel van hattem,DEPUTY,LULA,NOVO,ROLLCALL_DATED,156190,0.2434,OPPOSITION
153,3,leandro evaldt,SUBNATIONAL_OR_OTHER_STATE,LULA,,,,,
153,4,zucco,DEPUTY,LULA,REPUBLICANOS,ROLLCALL_DATED,220552,0.2415,GOVERNMENT
154,0,leda borges,DEPUTY,LULA,PSDB,ROLLCALL_DATED,220566,0.7882,GOVERNMENT
154,1,debora siqueira beltrammi,FEDERAL_EXECUTIVE,LULA,,,,,
154,2,ana priscila soggia,CIVIL_SOCIETY_OR_OTHER,LULA,,,,,
154,3,adriana ferreira,CIVIL_SOCIETY_OR_OTHER,LULA,,,,,
155,0,aliel machado,DEPUTY,LULA,PV,ROLLCALL_DATED,178927,0.924,GOVERNMENT
155,1,alexandre kalache,CIVIL_SOCIETY_OR_OTHER,LULA,,,,,
155,2,antonio costa,CIVIL_SOCIETY_OR_OTHER,LULA,,,,,
155,3,alexandre da silva,CIVIL_SOCIETY_OR_OTHER,LULA,,,,,
156,0,gelson rech,CIVIL_SOCIETY_OR_OTHER,LULA,,,,,
156,1,claudio jacoski,CIVIL_SOCIETY_OR_OTHER,LULA,,,,,
156,2,pedro uczai,DEPUTY,LULA,PT,ROLLCALL_DATED,160604,0.9808,GOVERNMENT
156,3,giovanna gamba,FEDERAL_EXECUTIVE,LULA,,,,,
156,4,laerte ferreira junior,CIVIL_SOCIETY_OR_OTHER,LULA,,,,,
157,0,daniela cerqueira,FEDERAL_EXECUTIVE,LULA,,,,,
157,1,antoine daher,CIVIL_SOCIETY_OR_OTHER,LULA,,,,,
157,2,bruno abreu,CIVIL_SOCIETY_OR_OTHER,LULA,,,,,
157,3,paulao,DEPUTY,LULA,PT,ROLLCALL_DATED,171617,0.9831,GOVERNMENT
157,4,valtenir pereira,CIVIL_SOCIETY_OR_OTHER,LULA,,,,,
158,0,mary allegretti,CIVIL_SOCIETY_OR_OTHER,LULA,,,,,
158,1,julio barbosa,CIVIL_SOCIETY_OR_OTHER,LULA,,,,,
158,2,kleber karipuna,CIVIL_SOCIETY_OR_OTHER,LULA,,,,,
158,3,airton faleiro,DEPUTY,LULA,PT,ROLLCALL_DATED,204495,0.9819,GOVERNMENT
159,0,veronica savatin,CIVIL_SOCIETY_OR_OTHER,LULA,,,,,
159,1,weliton prado,DEPUTY,LULA,SOLIDARIEDADE,ROLLCALL_DATED,160518,0.7545,GOVERNMENT
159,2,cintia cerqueira,CIVIL_SOCIETY_OR_OTHER,LULA,,,,,
159,3,silvia cristina,DEPUTY,LULA,PL,ROLLCALL_DATED,204360,0.4819,OPPOSITION
160,0,anna paula feminella,FEDERAL_EXECUTIVE,LULA,,,,,
160,1,luciana viegas,CIVIL_SOCIETY_OR_OTHER,LULA,,,,,
160,2,decio nascimento guimaraes,FEDERAL_EXECUTIVE,LULA,,,,,
160,3,glauber braga,DEPUTY,LULA,PSOL,ROLLCALL_DATED,152605,0.7316,GOVERNMENT
161,0,jurema monteiro,CIVIL_SOCIETY_OR_OTHER,LULA,,,,,
161,1,eduardo catanant,CIVIL_SOCIETY_OR_OTHER,LULA,,,,,
161,2,neto carletto,DEPUTY,LULA,PP,ROLLCALL_DATED,220703,0.9036,GOVERNMENT
162,0,cirlene zimmermann,CIVIL_SOCIETY_OR_OTHER,LULA,,,,,
162,1,carlos veras,DEPUTY,LULA,PT,ROLLCALL_DATED,204426,0.977,GOVERNMENT
162,2,anne caroline da silva,CIVIL_SOCIETY_OR_OTHER,LULA,,,,,
163,0,amarilis costa,CIVIL_SOCIETY_OR_OTHER,LULA,,,,,
163,1,suelaine carneiro,CIVIL_SOCIETY_OR_OTHER,LULA,,,,,
163,2,magali dantas,CIVIL_SOCIETY_OR_OTHER,LULA,,,,,
163,3,natalia neris,CIVIL_SOCIETY_OR_OTHER,LULA,,,,,
163,4,reginete bispo,DEPUTY,LULA,PT,ROLLCALL_DATED,221378,0.9716,GOVERNMENT
164,0,marcelo trindade,CIVIL_SOCIETY_OR_OTHER,LULA,,,,,
164,1,percy soares neto,CIVIL_SOCIETY_OR_OTHER,LULA,,,,,
164,2,jamaci avelino,CIVIL_SOCIETY_OR_OTHER,LULA,,,,,
164,3,max lemos,DEPUTY,LULA,PDT,ROLLCALL_DATED,220607,0.9112,GOVERNMENT
165,0,danilo forte,DEPUTY,LULA,UNIAO,ROLLCALL_DATED,62881,0.7885,PIVOT
165,1,gilda cabral,CIVIL_SOCIETY_OR_OTHER,LULA,,,,,
165,2,raquel melo,CIVIL_SOCIETY_OR_OTHER,LULA,,,,,
165,3,elaine xavier,CIVIL_SOCIETY_OR_OTHER,LULA,,,,,
165,4,leda borges,DEPUTY,LULA,PSDB,ROLLCALL_DATED,220566,0.7882,GOVERNMENT
165,5,lia zanotta machado,CIVIL_SOCIETY_OR_OTHER,LULA,,,,,
166,0,caio vianna,DEPUTY,LULA,PSD,ROLLCALL_DATED,143942,0.9327,GOVERNMENT
166,1,felipe leao,CIVIL_SOCIETY_OR_OTHER,LULA,,,,,
166,2,aristides cavalcante neto,CIVIL_SOCIETY_OR_OTHER,LULA,,,,,
166,3,jeferson barbosa,CIVIL_SOCIETY_OR_OTHER,LULA,,,,,
167,0,vanessa negrini,CIVIL_SOCIETY_OR_OTHER,LULA,,,,,
167,1,camila costa,CIVIL_SOCIETY_OR_OTHER,LULA,,,,,
167,2,luciana imaculada de paula,CIVIL_SOCIETY_OR_OTHER,LULA,,,,,
167,3,delegado matheus laiola,DEPUTY,LULA,UNIAO,ROLLCALL_DATED,220701,0.8687,PIVOT
168,0,vinicius soares,CIVIL_SOCIETY_OR_OTHER,LULA,,,,,
168,1,ricardo galvao,CIVIL_SOCIETY_OR_OTHER,LULA,,,,,
168,2,mercedes bustamante,CIVIL_SOCIETY_OR_OTHER,LULA,,,,,
168,3,alice portugal,DEPUTY,LULA,PCDOB,ROLLCALL_DATED,74057,0.9739,GOVERNMENT
169,0,maria de lurdes nascimento,CIVIL_SOCIETY_OR_OTHER,LULA,,,,,
169,1,paulo pedro de carvalho,CIVIL_SOCIETY_OR_OTHER,LULA,,,,,
169,2,silvio porto,CIVIL_SOCIETY_OR_OTHER,LULA,,,,,
169,3,alexandre pires,CIVIL_SOCIETY_OR_OTHER,LULA,,,,,
169,4,celia xakriaba,DEPUTY,LULA,PSOL,ROLLCALL_DATED,206018,0.8269,GOVERNMENT
169,5,dandara,DEPUTY,LULA,PT,ROLLCALL_DATED,220629,0.9769,GOVERNMENT
170,0,suelaine carneiro,CIVIL_SOCIETY_OR_OTHER,LULA,,,,,
170,1,damiana neto,CIVIL_SOCIETY_OR_OTHER,LULA,,,,,
170,2,rosijane tukano,CIVIL_SOCIETY_OR_OTHER,LULA,,,,,
170,3,leticia silva,CIVIL_SOCIETY_OR_OTHER,LULA,,,,,
170,4,erika kokay,DEPUTY,LULA,PT,ROLLCALL_DATED,160575,0.9467,GOVERNMENT
171,0,nisia trindade,FEDERAL_EXECUTIVE,LULA,,,,,
171,1,osmar terra,DEPUTY,LULA,MDB,ROLLCALL_DATED,73692,0.2827,GOVERNMENT
171,2,franciane bayer,DEPUTY,LULA,REPUBLICANOS,ROLLCALL_DATED,220551,0.5746,GOVERNMENT
171,3,priscila costa,DEPUTY,LULA,PL,ROLLCALL_DATED,226075,0.2128,OPPOSITION
171,4,filipe martins,DEPUTY,LULA,PL,ROLLCALL_DATED,220545,0.3094,OPPOSITION
171,5,ana paula lima,DEPUTY,LULA,PT,ROLLCALL_DATED,220556,0.9822,GOVERNMENT
171,6,samia bomfim,DEPUTY,LULA,PSOL,ROLLCALL_DATED,204535,0.7923,GOVERNMENT
171,7,lula da fonte,DEPUTY,LULA,PP,ROLLCALL_DATED,220669,0.859,GOVERNMENT
172,0,reginete bispo,DEPUTY,LULA,PT,ROLLCALL_DATED,221378,0.9716,GOVERNMENT
172,1,francinete pereira da cruz,FEDERAL_EXECUTIVE,LULA,,,,,
172,2,jose henrique sampaio pereira,CIVIL_SOCIETY_OR_OTHER,LULA,,,,,
172,3,luiz couto,DEPUTY,LULA,PT,ROLLCALL_DATED,74041,0.9775,GOVERNMENT
172,4,denildo de moraes biko rodrigues,CIVIL_SOCIETY_OR_OTHER,LULA,,,,,
173,0,geraldo mendes,DEPUTY,LULA,UNIAO,ROLLCALL_DATED,220702,0.7773,PIVOT
173,1,charles lenzi,CIVIL_SOCIETY_OR_OTHER,LULA,,,,,
173,2,ludimila lima da silva,CIVIL_SOCIETY_OR_OTHER,LULA,,,,,
173,3,alessandra torres,CIVIL_SOCIETY_OR_OTHER,LULA,,,,,
173,4,christiany salgado faria,CIVIL_SOCIETY_OR_OTHER,LULA,,,,,
174,0,francisco de assis,CIVIL_SOCIETY_OR_OTHER,LULA,,,,,
174,1,elizabeth guedes,CIVIL_SOCIETY_OR_OTHER,LULA,,,,,
174,2,evair vieira de melo,DEPUTY,LULA,PP,ROLLCALL_DATED,178871,0.2076,GOVERNMENT
175,0,jose francisco mansur,CIVIL_SOCIETY_OR_OTHER,LULA,,,,,
175,1,bandeira de mello,DEPUTY,LULA,PSB,ROLLCALL_DATED,220605,0.9309,GOVERNMENT
175,2,mauricio do volei,DEPUTY,LULA,PL,ROLLCALL_DATED,220628,0.2911,OPPOSITION
176,0,sandra ramalhoso,CIVIL_SOCIETY_OR_OTHER,LULA,,,,,
176,1,naira gaspar,FEDERAL_EXECUTIVE,LULA,,,,,
176,2,renata tibirica,CIVIL_SOCIETY_OR_OTHER,LULA,,,,,
176,3,professora luciene cavalcante,DEPUTY,LULA,PSOL,ROLLCALL_DATED,221338,0.8161,GOVERNMENT
177,0,celso russomanno,DEPUTY,LULA,REPUBLICANOS,ROLLCALL_DATED,73441,0.8133,GOVERNMENT
177,1,gilson marques,DEPUTY,LULA,NOVO,ROLLCALL_DATED,204365,0.2239,OPPOSITION
177,2,carlos shigueo nishikawa,CIVIL_SOCIETY_OR_OTHER,LULA,,,,,
177,3,eliseu paulino,CIVIL_SOCIETY_OR_OTHER,LULA,,,,,
177,4,joao sabino,CIVIL_SOCIETY_OR_OTHER,LULA,,,,,
177,5,andre porto,CIVIL_SOCIETY_OR_OTHER,LULA,,,,,
177,6,renan bernardi kalil,CIVIL_SOCIETY_OR_OTHER,LULA,,,,,
177,7,lucas dias,CIVIL_SOCIETY_OR_OTHER,LULA,,,,,
178,0,breno bispo,CIVIL_SOCIETY_OR_OTHER,LULA,,,,,
178,1,ana paula prates,CIVIL_SOCIETY_OR_OTHER,LULA,,,,,
178,2,taliria petrone,DEPUTY,LULA,PSOL,ROLLCALL_DATED,204464,0.8012,GOVERNMENT
178,3,adryane gorayeb,CIVIL_SOCIETY_OR_OTHER,LULA,,,,,
178,4,carine santos silva,CIVIL_SOCIETY_OR_OTHER,LULA,,,,,
179,0,any ortiz,DEPUTY,LULA,CIDADANIA,ROLLCALL_DATED,220549,0.4185,PIVOT
179,1,paula farani,CIVIL_SOCIETY_OR_OTHER,LULA,,,,,
179,2,janaina camilo vendramini,CIVIL_SOCIETY_OR_OTHER,LULA,,,,,
180,0,ricardo vita porto,CIVIL_SOCIETY_OR_OTHER,LULA,,,,,
180,1,raquel branquinho,CIVIL_SOCIETY_OR_OTHER,LULA,,,,,
180,2,guilherme france,CIVIL_SOCIETY_OR_OTHER,LULA,,,,,
180,3,brisa lima,CIVIL_SOCIETY_OR_OTHER,LULA,,,,,
180,4,delegado eder mauro,DEPUTY,LULA,PL,ROLLCALL_DATED,178908,0.2786,OPPOSITION
180,5,samia bomfim,DEPUTY,LULA,PSOL,ROLLCALL_DATED,204535,0.7923,GOVERNMENT
181,0,margareth dalcolmo,CIVIL_SOCIETY_OR_OTHER,LULA,,,,,
181,1,sandra marques,CIVIL_SOCIETY_OR_OTHER,LULA,,,,,
181,2,dr zacharias calil,DEPUTY,LULA,UNIAO,ROLLCALL_DATED,204412,0.5381,PIVOT
181,3,diogo alves,CIVIL_SOCIETY_OR_OTHER,LULA,,,,,
181,4,monica andreis,CIVIL_SOCIETY_OR_OTHER,LULA,,,,,
182,0,marcio marinho,DEPUTY,LULA,REPUBLICANOS,ROLLCALL_DATED,150418,0.8247,GOVERNMENT
182,1,eduardo tostes,CIVIL_SOCIETY_OR_OTHER,LULA,,,,,
182,2,marcos paulo novais,CIVIL_SOCIETY_OR_OTHER,LULA,,,,,
182,3,daniela rodrigues,CIVIL_SOCIETY_OR_OTHER,LULA,,,,,
183,0,marina silva,FEDERAL_EXECUTIVE,LULA,,,,,
183,1,rodrigo agostinho,CIVIL_SOCIETY_OR_OTHER,LULA,,,,,
183,2,lafayette de andrada,DEPUTY,LULA,REPUBLICANOS,ROLLCALL_DATED,98057,0.6776,GOVERNMENT
183,3,julio lopes,DEPUTY,LULA,PP,ROLLCALL_DATED,74253,0.887,GOVERNMENT
183,4,junior ferrari,DEPUTY,LULA,PSD,ROLLCALL_DATED,204497,0.845,GOVERNMENT
183,5,sidney leite,DEPUTY,LULA,PSD,ROLLCALL_DATED,204557,0.8333,GOVERNMENT
183,6,ricardo salles,DEPUTY,LULA,PL,ROLLCALL_DATED,220633,0.2085,OPPOSITION
184,0,gianna sagazio,CIVIL_SOCIETY_OR_OTHER,LULA,,,,,
184,1,vitor lippi,DEPUTY,LULA,PSDB,ROLLCALL_DATED,178992,0.8045,GOVERNMENT
184,2,guilherme calheiro,FEDERAL_EXECUTIVE,LULA,,,,,
184,3,ricardo galvao,CIVIL_SOCIETY_OR_OTHER,LULA,,,,,
184,4,lilian amaral,CIVIL_SOCIETY_OR_OTHER,LULA,,,,,
185,0,carlos gouvea,CIVIL_SOCIETY_OR_OTHER,LULA,,,,,
185,1,iza arruda,DEPUTY,LULA,MDB,ROLLCALL_DATED,220670,0.9156,GOVERNMENT
185,2,daniela machado mendes,CIVIL_SOCIETY_OR_OTHER,LULA,,,,,
186,0,taliria petrone,DEPUTY,LULA,PSOL,ROLLCALL_DATED,204464,0.8012,GOVERNMENT
186,1,gabriel mantelli,CIVIL_SOCIETY_OR_OTHER,LULA,,,,,
186,2,lidia assumpcao,CIVIL_SOCIETY_OR_OTHER,LULA,,,,,
186,3,victor machezini,CIVIL_SOCIETY_OR_OTHER,LULA,,,,,
186,4,maria de jesus,CIVIL_SOCIETY_OR_OTHER,LULA,,,,,
186,5,gisele sa,CIVIL_SOCIETY_OR_OTHER,LULA,,,,,
187,0,wanderley da rocha,CIVIL_SOCIETY_OR_OTHER,LULA,,,,,
187,1,ronaldo dos santos,FEDERAL_EXECUTIVE,LULA,,,,,
187,2,luizianne lins,DEPUTY,LULA,PT,ROLLCALL_DATED,178866,0.9735,GOVERNMENT
187,3,jose godoy,CIVIL_SOCIETY_OR_OTHER,LULA,,,,,
188,0,luana bonone,CIVIL_SOCIETY_OR_OTHER,LULA,,,,,
188,1,mercedes bustamante,CIVIL_SOCIETY_OR_OTHER,LULA,,,,,
188,2,isabela andrade,CIVIL_SOCIETY_OR_OTHER,LULA,,,,,
188,3,dalila oliveira,CIVIL_SOCIETY_OR_OTHER,LULA,,,,,
188,4,ana priscila alves,CIVIL_SOCIETY_OR_OTHER,LULA,,,,,
188,5,ana pimentel,DEPUTY,LULA,PT,ROLLCALL_DATED,220632,0.971,GOVERNMENT
189,0,luizio felipe rocha,CIVIL_SOCIETY_OR_OTHER,LULA,,,,,
189,1,adriana cardinali,CIVIL_SOCIETY_OR_OTHER,LULA,,,,,
189,2,ricardo medeiros,CIVIL_SOCIETY_OR_OTHER,LULA,,,,,
189,3,any ortiz,DEPUTY,LULA,CIDADANIA,ROLLCALL_DATED,220549,0.4185,PIVOT
190,0,marcela pontes,CIVIL_SOCIETY_OR_OTHER,LULA,,,,,
190,1,romulo marques,CIVIL_SOCIETY_OR_OTHER,LULA,,,,,
190,2,marina domenech,CIVIL_SOCIETY_OR_OTHER,LULA,,,,,
190,3,erika kokay,DEPUTY,LULA,PT,ROLLCALL_DATED,160575,0.9467,GOVERNMENT
191,0,cristina mendonca,CIVIL_SOCIETY_OR_OTHER,LULA,,,,,
191,1,celso funcia lemme,CIVIL_SOCIETY_OR_OTHER,LULA,,,,,
191,2,alysson soares,CIVIL_SOCIETY_OR_OTHER,LULA,,,,,
191,3,vanessa negrini,CIVIL_SOCIETY_OR_OTHER,LULA,,,,,
191,4,bruno ganem,DEPUTY,LULA,PODEMOS,ROLLCALL_DATED,220635,0.8092,GOVERNMENT
192,0,igor rodrigues britto,CIVIL_SOCIETY_OR_OTHER,LULA,,,,,
192,1,humberto barbato,CIVIL_SOCIETY_OR_OTHER,LULA,,,,,
192,2,marcelo de souza do nascimento,CIVIL_SOCIETY_OR_OTHER,LULA,,,,,
192,3,davison gonzaga da silva,CIVIL_SOCIETY_OR_OTHER,LULA,,,,,
192,4,marcio marinho,DEPUTY,LULA,REPUBLICANOS,ROLLCALL_DATED,150418,0.8247,GOVERNMENT
193,0,jose tarcisio da silva,CIVIL_SOCIETY_OR_OTHER,LULA,,,,,
193,1,jorge goetten,DEPUTY,LULA,PL,ROLLCALL_DATED,214694,0.5443,OPPOSITION
193,2,ze neto,DEPUTY,LULA,PT,ROLLCALL_DATED,204559,0.9799,GOVERNMENT
193,3,vitor lippi,DEPUTY,LULA,PSDB,ROLLCALL_DATED,178992,0.8045,GOVERNMENT
193,4,mauricio de moura,CIVIL_SOCIETY_OR_OTHER,LULA,,,,,
193,5,bndes,CIVIL_SOCIETY_OR_OTHER,LULA,,,,,
193,6,febraban,CIVIL_SOCIETY_OR_OTHER,LULA,,,,,
194,0,renata falzoni,CIVIL_SOCIETY_OR_OTHER,LULA,,,,,
194,1,maria alice nascimento,CIVIL_SOCIETY_OR_OTHER,LULA,,,,,
194,2,ana carboni,CIVIL_SOCIETY_OR_OTHER,LULA,,,,,
194,3,jonas donizette,DEPUTY,LULA,PSB,ROLLCALL_DATED,160548,0.9353,GOVERNMENT
195,0,assimakis komminos,CIVIL_SOCIETY_OR_OTHER,LULA,,,,,
195,1,giorgio monti,CIVIL_SOCIETY_OR_OTHER,LULA,,,,,
195,2,krisztian katona,CIVIL_SOCIETY_OR_OTHER,LULA,,,,,
195,3,any ortiz,DEPUTY,LULA,CIDADANIA,ROLLCALL_DATED,220549,0.4185,PIVOT
196,0,lucia maria teixeira,CIVIL_SOCIETY_OR_OTHER,LULA,,,,,
196,1,atila lira,DEPUTY,LULA,PP,CARGO,,,GOVERNMENT
196,2,rafael tavares,CIVIL_SOCIETY_OR_OTHER,LULA,,,,,
196,3,celso niskier,CIVIL_SOCIETY_OR_OTHER,LULA,,,,,
197,0,leopoldo muraro,CIVIL_SOCIETY_OR_OTHER,LULA,,,,,
197,1,daniel nascimento,CIVIL_SOCIETY_OR_OTHER,LULA,,,,,
197,2,paulo foina,CIVIL_SOCIETY_OR_OTHER,LULA,,,,,
197,3,ricardo galvao,CIVIL_SOCIETY_OR_OTHER,LULA,,,,,
197,4,odir dellagostin,CIVIL_SOCIETY_OR_OTHER,LULA,,,,,
197,5,gianna sagazio,CIVIL_SOCIETY_OR_OTHER,LULA,,,,,
197,6,bruno monteiro portela,CIVIL_SOCIETY_OR_OTHER,LULA,,,,,
197,7,luisa canziani,DEPUTY,LULA,PSD,ROLLCALL_DATED,204410,0.7224,GOVERNMENT
198,0,oscar sanchez,CIVIL_SOCIETY_OR_OTHER,LULA,,,,,
198,1,tomas alejandro guzman,CIVIL_SOCIETY_OR_OTHER,LULA,,,,,
198,2,marina rongo,CIVIL_SOCIETY_OR_OTHER,LULA,,,,,
198,3,bianca abrahami,CIVIL_SOCIETY_OR_OTHER,LULA,,,,,
198,4,fernanda rosas,CIVIL_SOCIETY_OR_OTHER,LULA,,,,,
198,5,luizianne lins,DEPUTY,LULA,PT,ROLLCALL_DATED,178866,0.9735,GOVERNMENT
198,6,lutiana barbosa,CIVIL_SOCIETY_OR_OTHER,LULA,,,,,
199,0,nisia trindade,FEDERAL_EXECUTIVE,LULA,,,,,
199,1,adriana ventura,DEPUTY,LULA,NOVO,ROLLCALL_DATED,204528,0.2581,OPPOSITION
199,2,bia kicis,DEPUTY,LULA,PL,ROLLCALL_DATED,204374,0.2618,OPPOSITION
199,3,alberto mourao,DEPUTY,LULA,MDB,ROLLCALL_DATED,74696,0.8387,GOVERNMENT
199,4,evair vieira de melo,DEPUTY,LULA,PP,ROLLCALL_DATED,178871,0.2076,GOVERNMENT
199,5,nikolas ferreira,DEPUTY,LULA,PL,ROLLCALL_DATED,209787,0.2439,OPPOSITION
199,6,priscila costa,DEPUTY,LULA,PL,ROLLCALL_DATED,226075,0.2128,OPPOSITION
199,7,junio amaral,DEPUTY,LULA,PL,ROLLCALL_DATED,204520,0.2418,OPPOSITION
199,8,padre joao,DEPUTY,LULA,PT,ROLLCALL_DATED,160556,0.9841,GOVERNMENT
199,9,carlos jordy,DEPUTY,LULA,PL,ROLLCALL_DATED,204460,0.2394,OPPOSITION
199,10,rubens pereira junior,DEPUTY,LULA,PT,ROLLCALL_DATED,178887,0.9764,GOVERNMENT
199,11,jorge solla,DEPUTY,LULA,PT,ROLLCALL_DATED,178857,0.9784,GOVERNMENT
200,0,eduardo santana,CIVIL_SOCIETY_OR_OTHER,LULA,,,,,
200,1,dr leonardo,CIVIL_SOCIETY_OR_OTHER,LULA,,,,,
200,2,erika kokay,DEPUTY,LULA,PT,ROLLCALL_DATED,160575,0.9467,GOVERNMENT
200,3,professora goreth,DEPUTY,LULA,PDT,ROLLCALL_DATED,220580,0.9537,GOVERNMENT
201,0,marcel van hattem,DEPUTY,LULA,NOVO,ROLLCALL_DATED,156190,0.2434,OPPOSITION
201,1,sanderson,DEPUTY,LULA,PL,ROLLCALL_DATED,204416,0.2507,OPPOSITION
201,2,gabriela ritter,CIVIL_SOCIETY_OR_OTHER,LULA,,,,,
201,3,rodrigo valadares,DEPUTY,LULA,UNIAO,ROLLCALL_DATED,165470,0.3148,PIVOT
201,4,fred linhares,DEPUTY,LULA,REPUBLICANOS,ROLLCALL_DATED,220534,0.7924,GOVERNMENT
201,5,jose medeiros,DEPUTY,LULA,PL,ROLLCALL_DATED,204472,0.2772,OPPOSITION
201,6,sargento goncalves,DEPUTY,LULA,PL,ROLLCALL_DATED,220621,0.2399,OPPOSITION
201,7,cabo gilberto silva,DEPUTY,LULA,PL,ROLLCALL_DATED,220574,0.2542,OPPOSITION
201,8,bruno renato teixeira,CIVIL_SOCIETY_OR_OTHER,LULA,,,,,
202,0,alice portugal,DEPUTY,LULA,PCDOB,ROLLCALL_DATED,74057,0.9739,GOVERNMENT
202,1,paulo mayall,FEDERAL_EXECUTIVE,LULA,,,,,
202,2,daniel facchini,CIVIL_SOCIETY_OR_OTHER,LULA,,,,,
202,3,estevam rivello,CIVIL_SOCIETY_OR_OTHER,LULA,,,,,
202,4,marcelo massahud junior,CIVIL_SOCIETY_OR_OTHER,LULA,,,,,
203,0,carmela zigoni,CIVIL_SOCIETY_OR_OTHER,LULA,,,,,
203,1,leticia godinho,CIVIL_SOCIETY_OR_OTHER,LULA,,,,,
203,2,denise mota dau,FEDERAL_EXECUTIVE,LULA,,,,,
203,3,ana pimentel,DEPUTY,LULA,PT,ROLLCALL_DATED,220632,0.971,GOVERNMENT
203,4,leda borges,DEPUTY,LULA,PSDB,ROLLCALL_DATED,220566,0.7882,GOVERNMENT
204,0,sara casagrande,CIVIL_SOCIETY_OR_OTHER,LULA,,,,,
204,1,patricia moller,CIVIL_SOCIETY_OR_OTHER,LULA,,,,,
204,2,heitor felipe lima,CIVIL_SOCIETY_OR_OTHER,LULA,,,,,
204,3,rosangela moro,DEPUTY,LULA,UNIAO,ROLLCALL_DATED,220644,0.3235,PIVOT
204,4,amira awada,CIVIL_SOCIETY_OR_OTHER,LULA,,,,,
204,5,kedna de souza pereira,CIVIL_SOCIETY_OR_OTHER,LULA,,,,,
204,6,maria nilde soares,CIVIL_SOCIETY_OR_OTHER,LULA,,,,,
205,0,coronel ulysses,DEPUTY,LULA,UNIAO,ROLLCALL_DATED,220590,0.4742,PIVOT
205,1,eduardo bettini,CIVIL_SOCIETY_OR_OTHER,LULA,,,,,
205,2,sanderson,DEPUTY,LULA,PL,ROLLCALL_DATED,204416,0.2507,OPPOSITION
205,3,gustavo correia,CIVIL_SOCIETY_OR_OTHER,LULA,,,,,
205,4,carlos augusto bock,CIVIL_SOCIETY_OR_OTHER,LULA,,,,,
205,5,alexandre martins angoti,CIVIL_SOCIETY_OR_OTHER,LULA,,,,,
205,6,eldison prado,CIVIL_SOCIETY_OR_OTHER,LULA,,,,,
205,7,everson antonio rozeni,CIVIL_SOCIETY_OR_OTHER,LULA,,,,,
205,8,marcos pollon,DEPUTY,LULA,PL,ROLLCALL_DATED,220547,0.2073,OPPOSITION
205,9,felipe vianna de menezes,CIVIL_SOCIETY_OR_OTHER,LULA,,,,,
206,0,nilma lino,CIVIL_SOCIETY_OR_OTHER,LULA,,,,,
206,1,bruna brelaz,CIVIL_SOCIETY_OR_OTHER,LULA,,,,,
206,2,vinicius soares,CIVIL_SOCIETY_OR_OTHER,LULA,,,,,
206,3,dandara,DEPUTY,LULA,PT,ROLLCALL_DATED,220629,0.9769,GOVERNMENT
206,4,douglas belchior,CIVIL_SOCIETY_OR_OTHER,LULA,,,,,
206,5,maria do rosario tripodi,FEDERAL_EXECUTIVE,LULA,,,,,
