source,pair_id,side,model,proposition_x,stance_x,proposition_y,stance_y,same_claim_opposite_polarity_raw,same_claim_opposite_polarity_valid,same_claim_opposite_polarity_normalized,malformed_output,reasoning
human_human_expansion,62551a12ba0d40a1,b,,Os danos da mineração às populações atingidas são um problema antigo e negligenciado pela sociedade.,FAVOR,Os danos da mineração à população recebem a atenção que merecem,AGAINST,YES,True,YES,False,"A proposição X afirma que os danos da mineração são negligenciados, enquanto a proposição Y nega isso, afirmando que recebem a atenção devida."
human_human_expansion,6a7b7af41cec3ff3,a,,O cartão de crédito consignado precisa ser regulamentado,FAVOR,O cartão consignado é uma forma segura de crédito para o servidor,AGAINST,NO,True,NO,False,"As formulações tratam de aspectos diferentes do cartão consignado: a primeira fala sobre a necessidade de regulamentação, enquanto a segunda fala sobre a segurança do produto para o servidor."
human_human_expansion,99ca50f2ecb70ba4,a,,O IBAMA não cria obstáculos indevidos ao licenciamento da Petrobras.,FAVOR,O IBAMA dificulta de propósito as licenças da Petrobras,AGAINST,YES,True,YES,False,"A proposição X afirma que o IBAMA não cria obstáculos indevidos, enquanto a proposição Y afirma que o IBAMA dificulta de propósito, o que é uma polaridade oposta da mesma ação."
human_human_expansion,99ca50f2ecb70ba4,b,,O IBAMA não cria obstáculos indevidos ao licenciamento da Petrobras.,FAVOR,O IBAMA dificulta de propósito as licenças da Petrobras,AGAINST,YES,True,YES,False,"A proposição X afirma que o IBAMA não cria obstáculos indevidos, enquanto a proposição Y afirma que o IBAMA dificulta de propósito, o que é uma polaridade oposta da mesma reivindicação."
human_human_expansion,b4a84fb6380ec371,b,,"Devmos enfrentar o racismo, em especial a mulheres durante a educação",FAVOR,O Governo Federal agiu bem na educação durante a pandemia,AGAINST,NO,True,NO,False,"As proposições tratam de temas diferentes: a primeira fala sobre enfrentar o racismo, especialmente contra mulheres na educação, enquanto a segunda se refere à atuação do Governo Federal na educação durante a pandemia."
human_human_expansion,e13d509a937ffa5f,a,,Os contratos de seguro de vida para idosos são abusivos,FAVOR,Os contratos dados para os idosos trazem informações claras e fáceis de entender,AGAINST,NO,True,NO,False,"As formulações tratam de aspectos diferentes dos contratos para idosos: a primeira fala sobre abusividade, enquanto a segunda fala sobre clareza e facilidade de entendimento."
human_human_expansion,e2e808118c9ee9de,a,,"O Ministério da Saúde se omitiu no financiamento do tratamento da retinopatia diabética, transferindo o problema a estados e municípios.",FAVOR,O Ministério da Saúde faz a sua parte no tratamento da retinopatia diabética,AGAINST,YES,True,YES,False,"A proposição X afirma que o Ministério da Saúde se omitiu, enquanto a proposição Y afirma que o Ministério faz a sua parte, o que é uma polaridade oposta da mesma reivindicação."
human_human_expansion,ffe531755c6def2e,b,,O projeto de lei atual que regulamenta o trabalho de motoristas de aplicativo deve ser aprovado.,AGAINST,A Câmara deve aprovar o projeto que regulamenta o trabalho dos motoristas de aplicativo,FAVOR,YES,True,YES,False,"As formulações tratam da mesma proposição (aprovação do projeto de lei que regulamenta o trabalho de motoristas de aplicativo), mas com polaridades opostas."
model_vs_gold_pilot,2a22c99d1d3a678c,a,Qwen/Qwen2.5-72B-Instruct,"O atendimento primário deve resolver o problema da retinopatia diabética, mas há entraves na fila de espera para atendimento especializado.",FAVOR,Os pacientes diagnosticados com retinopatia diabética conseguem acompanhamento em tempo hábil pelo SUS,AGAINST,YES,True,YES,False,"A proposição X afirma que há entraves na fila de espera para atendimento especializado, enquanto a proposição Y nega que os pacientes conseguem acompanhamento em tempo hábil, ambas se referindo à mesma questão de acesso ao tratamento da retinopatia diabética."
model_vs_gold_pilot,3459768d16f576e5,a,Qwen/Qwen2.5-72B-Instruct,O saque-aniversário do FGTS deve ser mantido,FAVOR,O governo deve acabar com o saque-aniversário do FGTS,AGAINST,YES,True,YES,False,"A proposição X defende a manutenção do saque-aniversário, enquanto a proposição Y defende seu fim, o que representa uma mudança de polaridade que explica a discordância nas stances registradas."
model_vs_gold_pilot,3459768d16f576e5,b,Qwen/Qwen2.5-72B-Instruct,O saque-aniversário do FGTS deve ser mantido e aprimorado,FAVOR,O governo deve acabar com o saque-aniversário do FGTS,AGAINST,YES,True,YES,False,"A proposição X defende a manutenção e aprimoramento do saque-aniversário, enquanto a proposição Y defende seu fim, o que representa uma mudança de polaridade na formulação da mesma reivindicação."
model_vs_gold_pilot,36fb1e1240a12ac4,b,Qwen/Qwen2.5-72B-Instruct,Aprovar o Projeto de Lei 4347/21 para tornar permanente a Política Nacional de Gestão Territorial e Ambiental das Terras Indígenas,FAVOR,Presença do agronegócio e mineração em terras indígenas.,AGAINST,NO,True,NO,False,"As formulações tratam de aspectos diferentes da política em terras indígenas: uma se refere à aprovação de um projeto de lei para gestão territorial e ambiental, enquanto a outra se refere à presença de atividades econômicas como agronegócio e mineração."
model_vs_gold_pilot,2a22c99d1d3a678c,a,meta-llama/Llama-3.3-70B-Instruct-Turbo,O atendimento primário deve resolver o problema da retinopatia diabética,FAVOR,Os pacientes diagnosticados com retinopatia diabética conseguem acompanhamento em tempo hábil pelo SUS,AGAINST,NO,True,NO,False,"As formulações tratam de aspectos diferentes do problema da retinopatia diabética: a primeira fala sobre a resolução do problema pelo atendimento primário, enquanto a segunda fala sobre o acompanhamento em tempo hábil pelo SUS."
model_vs_gold_pilot,3459768d16f576e5,a,meta-llama/Llama-3.3-70B-Instruct-Turbo,O saque-aniversário do FGTS não deve ser substituído,FAVOR,O governo deve acabar com o saque-aniversário do FGTS,AGAINST,YES,True,YES,False,"A proposição X nega a substituição do saque-aniversário, enquanto a proposição Y afirma que o governo deve acabar com ele, o que é uma forma de substituí-lo."
model_vs_gold_pilot,3459768d16f576e5,b,meta-llama/Llama-3.3-70B-Instruct-Turbo,O saque-aniversário do FGTS não deve ser substituído por um empréstimo consignado sem opções para o trabalhador,FAVOR,O governo deve acabar com o saque-aniversário do FGTS,AGAINST,NO,True,NO,False,"As formulações tratam de propostas diferentes: uma se opõe à substituição do saque-aniversário por um empréstimo consignado, enquanto a outra se opõe ao fim do saque-aniversário."
model_vs_gold_pilot,36fb1e1240a12ac4,b,meta-llama/Llama-3.3-70B-Instruct-Turbo,Aprovação do Projeto de Lei 4347/21 para tornar permanente a Política Nacional de Gestão Territorial e Ambiental das Terras Indígenas,FAVOR,Presença do agronegócio e mineração em terras indígenas.,AGAINST,NO,True,NO,False,"As formulações tratam de aspectos diferentes da política em terras indígenas: uma se refere à aprovação de um projeto de lei para gestão territorial e ambiental, enquanto a outra se refere à presença de atividades econômicas como agronegócio e mineração."
model_vs_gold_pilot,4cffd4e8a3906c01,a,meta-llama/Llama-3.3-70B-Instruct-Turbo,O Supremo Tribunal Federal não deve legislar ou modificar leis existentes,AGAINST,"O STF deve evitar o ativismo judicial, deixando ao Legislativo a criação e a modificação de leis.",FAVOR,YES,True,YES,False,"A proposição X nega a competência do STF para legislar ou modificar leis, enquanto a proposição Y afirma que o STF deve evitar o ativismo judicial, deixando essa função ao Legislativo, o que é uma forma de afirmar a mesma ideia com polaridade oposta."
model_vs_gold_expansion,42af9ecf027d72bc,b,Qwen/Qwen2.5-72B-Instruct,Reconhecimento do cuidado como trabalho e asseguramento do direito à aposentadoria das mães cuidadoras,FAVOR,O cuidado com as pessoas pode ser tratado como um negócio,AGAINST,NO,True,NO,False,"As formulações tratam de aspectos diferentes do cuidado: uma se concentra no reconhecimento do cuidado como trabalho e direito à aposentadoria, enquanto a outra se refere ao cuidado como um negócio."
model_vs_gold_expansion,6a7b7af41cec3ff3,a,Qwen/Qwen2.5-72B-Instruct,Regulamentação do empréstimo consignado para servidores públicos deve ser apreciada atentamente devido aos riscos associados.,FAVOR,O cartão consignado é uma forma segura de crédito para o servidor,AGAINST,NO,True,NO,False,"As formulações tratam de aspectos diferentes do empréstimo consignado: uma enfatiza a regulamentação e os riscos, a outra a segurança do cartão consignado."
model_vs_gold_expansion,892d7d3a6e934091,b,Qwen/Qwen2.5-72B-Instruct,Movimento antivacina é irresponsável e criminoso,AGAINST,O Brasil deve enfrentar o movimento antivacina e recuperar a cobertura de vacinação do povo,FAVOR,NO,True,NO,False,"As formulações tratam de aspectos diferentes do movimento antivacina: uma critica a irresponsabilidade e criminalidade, enquanto a outra foca na ação governamental para enfrentá-lo e recuperar a cobertura de vacinação."
model_vs_gold_expansion,90a4cc8b19325243,a,Qwen/Qwen2.5-72B-Instruct,Movimento antivacina é criminosa e irresponsável,AGAINST,A área da saúde deve dar mais atenção a como a desigualdade social aumenta riscos para a população,FAVOR,NO,True,NO,False,"As proposições tratam de temas diferentes: uma critica o movimento antivacina, enquanto a outra defende a atenção à desigualdade social na saúde."
model_vs_gold_expansion,90a4cc8b19325243,b,Qwen/Qwen2.5-72B-Instruct,Campanha antivacina é preocupante e precisa ser enfrentada,AGAINST,O Brasil deve enfrentar o movimento antivacina e recuperar a cobertura de vacinação do povo,FAVOR,NO,True,NO,False,"Ambas as formulações expressam a necessidade de enfrentar o movimento antivacina, mas não são polaridades opostas uma da outra."
model_vs_gold_expansion,87fa10a79fe070e0,b,Qwen/Qwen2.5-72B-Instruct,A repactuação da reparação em Mariana deve ser concluída,AGAINST,O novo acordo de reparação de Mariana deve ser fechado logo,FAVOR,NO,True,NO,False,"As formulações tratam da mesma questão (repactuação de reparação em Mariana), mas não são polaridades opostas. A primeira se opõe à conclusão da repactuação, enquanto a segunda é favorável à conclusão rápida de um novo acordo."
model_vs_gold_expansion,99ca50f2ecb70ba4,b,Qwen/Qwen2.5-72B-Instruct,O IBAMA não concederá a licença para a exploração de petróleo no Bloco 59 da Margem Equatorial devido a problemas técnicos e ambientais.,AGAINST,O IBAMA não cria obstáculos indevidos ao licenciamento da Petrobras.,FAVOR,NO,True,NO,False,"As formulações tratam de aspectos diferentes da atuação do IBAMA: a primeira fala sobre a não concessão de licença por problemas específicos, enquanto a segunda fala sobre a ausência de obstáculos indevidos."
model_vs_gold_expansion,42af9ecf027d72bc,b,meta-llama/Llama-3.3-70B-Instruct-Turbo,Cuidado como direito fundamental e não mercantilizável,FAVOR,O cuidado com as pessoas pode ser tratado como um negócio,AGAINST,YES,True,YES,False,"A primeira formulação afirma que o cuidado é um direito fundamental e não deve ser mercantilizado, enquanto a segunda formulação nega isso, afirmando que o cuidado pode ser tratado como um negócio."
model_vs_gold_expansion,6a7b7af41cec3ff3,a,meta-llama/Llama-3.3-70B-Instruct-Turbo,Regulamentação do empréstimo consignado para servidores públicos deve considerar riscos associados,FAVOR,O cartão consignado é uma forma segura de crédito para o servidor,AGAINST,NO,True,NO,False,As formulações tratam de aspectos diferentes do empréstimo consignado: riscos da regulamentação versus segurança do cartão consignado.
model_vs_gold_expansion,87fa10a79fe070e0,b,meta-llama/Llama-3.3-70B-Instruct-Turbo,O Governo Federal deve cassar o direito minerário das empresas responsáveis por danos ambientais,AGAINST,O novo acordo de reparação de Mariana deve ser fechado logo,FAVOR,NO,True,NO,False,"As formulações tratam de proposições diferentes: uma fala sobre cassar direitos minerários, a outra sobre fechar um acordo de reparação."
model_vs_gold_expansion,e2e808118c9ee9de,b,meta-llama/Llama-3.3-70B-Instruct-Turbo,Financiamento para tratamento da retinopatia diabética,AGAINST,As doenças do coração que surgem com o envelhecimento devem ser mais divulgadas,FAVOR,NO,True,NO,False,As proposições tratam de temas diferentes: financiamento para tratamento da retinopatia diabética versus divulgação de doenças do coração em idosos.
model_vs_gold_expansion,99ca50f2ecb70ba4,b,meta-llama/Llama-3.3-70B-Instruct-Turbo,O IBAMA deve conceder licenças para a exploração de petróleo na região da Margem Equatorial,AGAINST,O IBAMA não cria obstáculos indevidos ao licenciamento da Petrobras.,FAVOR,UNCERTAIN,True,UNCERTAIN,False,"As formulações tratam de aspectos relacionados, mas não são exatamente opostas em polaridade. A primeira se refere à concessão de licenças, enquanto a segunda se refere à ausência de obstáculos indevidos."
model_vs_gold_expansion,62551a12ba0d40a1,b,meta-llama/Llama-3.3-70B-Instruct-Turbo,O Estado brasileiro deve se preparar para atender às mudanças demográficas,FAVOR,Os danos da mineração à população recebem a atenção que merecem,AGAINST,NO,True,NO,False,"As proposições tratam de temas diferentes: uma fala sobre preparação para mudanças demográficas, a outra sobre a atenção aos danos da mineração."
