pair_id,actor_id,actor_name,topic_similarity,gap_publication_days,temporal_order_verified,date_basis,candidate_method,source_dataset_a,hearing_id_a,hearing_date_a,publication_date_a,topic_a,text_a,text_kind_a,proposition_silver_a,stance_silver_a,evidence_a,evidence_status_a,source_actor_index_a,source_opinion_index_a,source_dataset_b,hearing_id_b,hearing_date_b,publication_date_b,topic_b,text_b,text_kind_b,proposition_silver_b,stance_silver_b,evidence_b,evidence_status_b,source_actor_index_b,source_opinion_index_b
263f772b51bf1354,alexandre da silva,Alexandre da Silva,0.142105,173,false,article_publication_only,topic_tfidf_cosine,PublicHearingBR_LDS.jsonl,149,,2023-10-19,Mudança demográfica e a necessidade de reestruturação do Estado para atender ao envelhecimento da população brasileira,"A grande diversidade social e do perfil da população entre as diferentes regiões brasileiras representa mais um desafio no planejamento das políticas públicas: ""O planejamento para o envelhecimento da região Sul, por exemplo, precisa ser diferente da região Norte. Temos que considerar as desigualdades, que vão se perpetuando, acumulando, se agravando e também chegando às idades mais avançadas, ao ponto de garantir ou não que grupo social vai ou não envelhecer e com qual condição de vida.""",LDS_opinion_summary_not_verbatim_speech,"O Estado brasileiro precisa se reorganizar para atender ao envelhecimento da população e garantir serviços de saúde, moradia e cuidados aos idosos. | O envelhecimento da população ameaça a sustentabilidade da Previdência, com risco de déficit devido à redução da razão entre trabalhadores e aposentados. | As desigualdades regionais exigem planos de envelhecimento diferentes para cada região do Brasil.",A FAVOR | NEUTRO,,not_verified_in_transcript,2,0,PublicHearingBR_LDS.jsonl,110,,2024-04-09,Prioridade para a agenda do envelhecimento saudável no G20,"""A gente tem que cada vez mais aprimorar as nossas ações para que as pessoas idosas possam usufruir melhor das condições de vida. Construir também linhas de cuidado a partir das particularidades dos diversos grupos.""",LDS_opinion_summary_not_verbatim_speech,O envelhecimento ativo e saud,A FAVOR,,not_verified_in_transcript,3,1
d4e87de87b4f3431,adriana ventura,Adriana Ventura,0.172702,118,false,article_publication_only,topic_tfidf_cosine,PublicHearingBR_LDS.jsonl,199,,2023-08-09,Autossuficiência na produção de insumos para a saúde e questões relacionadas à compra emergencial de medicamentos pelo SUS,"Questionou a qualidade da insulina adquirida de uma empresa chinesa que não tem registro junto à Anvisa: ""Em que pese a escassez do produto, causou estranheza essa empresa ter um preço significativamente inferior ao de mercado.""",LDS_opinion_summary_not_verbatim_speech,A ausência de autossuficiência na produção de insumos de saúde coloca o S,ERRO API,,not_verified_in_transcript,1,0,PublicHearingBR_LDS.jsonl,16,,2023-12-05,Debate sobre denúncias envolvendo o custeio de viagem de Luciane Barbosa Farias e questões relacionadas aos direitos humanos,"""Ela é esposa de líder do Comando Vermelho, condenada em segunda instância por organização criminosa, associação para o tráfico e lavagem de dinheiro. Nos causou muito desconforto, principalmente porque houve audiência com servidores e o ministério pagou diárias e viagens. Nós fizemos requerimento de informação, denúncia na Comissão de Ética Pública e projeto de lei para que a não publicização de agenda e compromisso seja configurada como improbidade administrativa.""",LDS_opinion_summary_not_verbatim_speech,"O Ministério dos Direitos Humanos custeou diárias e passagens para Luciane Barbosa Farias, esposa de líder do Comando Vermelho, gerando acusação de irregularidade e possível improbidade administrativa. | A oposição utiliza as denúncias sobre o custeio",A FAVOR | NEUTRO,,not_verified_in_transcript,1,0
24c599750bdd544f,any ortiz,Any Ortiz,0.651838,14,false,article_publication_only,topic_tfidf_cosine,PublicHearingBR_LDS.jsonl,195,,2023-08-10,Regulamentação dos mercados digitais no Brasil,"Acredita que a audiência pública com especialistas estrangeiros é um movimento de vanguarda no Parlamento brasileiro: ""Nós estamos aqui tendo uma grande oportunidade de enriquecer o debate, aprendendo com o que já foi construído em outros países, e a experiência que têm, considerando o fato de que os mercados digitais têm se expandido de forma exponencial nas últimas décadas com serviços de tecnologia e informação se tornando cada vez mais presentes na vida cotidiana das pessoas e empresas.""",LDS_opinion_summary_not_verbatim_speech,"O Brasil deve adotar um modelo regulatório mais flexível, inspirado na Alemanha e no Reino Unido, e não seguir o modelo da União Europeia. | A regulação deve focar na suavização do controle de acesso das plataformas digitais essenciais, e não em combater fake news ou proteger a democracia. | Essa regulação aumentará os custos das plataformas, que serão repassados aos consumidores, elevando os preços finais.",ERRO API,,not_verified_in_transcript,3,0,PublicHearingBR_LDS.jsonl,189,,2023-08-24,Mudanças no projeto de regulamentação dos mercados digitais (PL 2768/22),"""Nós entendemos a importância dos mercados digitais na economia local e é fundamental que a Câmara dos Deputados promova um debate aprofundado. Posteriormente faremos também um seminário para incluir demais players.""",LDS_opinion_summary_not_verbatim_speech,"A tributação baseada na receita das plataformas pode ser desequilibrada e beneficiar grandes empresas como Google e Apple. | O Brasil deve evitar importar modelos regulatórios de outros países e adaptar normas à sua realidade. | Critérios de tamanho (faturamento, número de inscritos) podem mascarar a concorrência efetiva e regular mercados competitivos indevidamente.",ERRO API,,not_verified_in_transcript,3,0
8f79764e69daadf2,alexandre lindenmeyer,Alexandre Lindenmeyer,0.142105,173,false,article_publication_only,topic_tfidf_cosine,PublicHearingBR_LDS.jsonl,149,,2023-10-19,Mudança demográfica e a necessidade de reestruturação do Estado para atender ao envelhecimento da população brasileira,"Preocupação com os recentes dados demográficos brasileiros que projetam para o ano de 2060 uma proporção de uma pessoa idosa (acima de 60 anos) para 1,6 pessoa na faixa de idade entre 14 e 59 anos: ""É importante que o Estado brasileiro se prepare, com ações de curto, médio e longo prazos, para uma outra realidade demográfica, com a diminuição da natalidade e o aumento da população idosa.""",LDS_opinion_summary_not_verbatim_speech,"O Estado brasileiro precisa se reorganizar para atender ao envelhecimento da população e garantir serviços de saúde, moradia e cuidados aos idosos. | O envelhecimento da população ameaça a sustentabilidade da Previdência, com risco de déficit devido à redução da razão entre trabalhadores e aposentados. | As desigualdades regionais exigem planos de envelhecimento diferentes para cada região do Brasil.",A FAVOR | NEUTRO,,not_verified_in_transcript,0,0,PublicHearingBR_LDS.jsonl,110,,2024-04-09,Prioridade para a agenda do envelhecimento saudável no G20,A pauta do envelhecimento saudável não é exclusiva do Brasil.,LDS_opinion_summary_not_verbatim_speech,O envelhecimento ativo e saud,NEUTRO,,not_verified_in_transcript,1,0
af4d70f0c140e9c9,ana paula lima,Ana Paula Lima,0.197176,215,false,article_publication_only,topic_tfidf_cosine,PublicHearingBR_LDS.jsonl,57,,2023-04-20,Discussão sobre a eficácia de guardas armados e medidas de segurança nas escolas para combater a violência,"O aumento da violência nas escolas é reflexo do ambiente político vigente no Brasil nos últimos anos: ""O que a gente podia esperar se tivemos personalidades políticas que incitavam o ódio e a violência, faziam 'arminha'? Até hoje parlamentares desta Casa tiram foto com metralhadora empunhada, disseminando o ódio e a violência.""",LDS_opinion_summary_not_verbatim_speech,"A presença de guardas armados nas escolas não resolve a violência escolar e pode agravar o problema. | A violência nas escolas reflete a cultura de ódio e a retórica política que incita violência no Brasil. | Um ambiente escolar democrático e saudável é a prevenção mais eficaz, em vez de medidas de segurança armadas.",ERRO API,,not_verified_in_transcript,4,0,PublicHearingBR_LDS.jsonl,30,,2023-11-21,Inclusão de emendas na LDO para combater violência contra crianças e adolescentes,As cinco emendas no projeto de Lei de Diretrizes Orçamentárias (LDO) de 2024 para combater a violência contra crianças e adolescentes foram aceitas pelo relator da LDO.,LDS_opinion_summary_not_verbatim_speech,A inclusão de emendas na LDO para combater violência contra crianças e adolescentes deve,A FAVOR,,not_verified_in_transcript,0,0
d4c07b40fb424a0c,bia kicis,Bia Kicis,0.566205,20,false,article_publication_only,topic_tfidf_cosine,PublicHearingBR_LDS.jsonl,15,,2023-11-08,Obrigatoriedade da vacinação contra Covid-19 em crianças de 6 meses a 5 anos a partir de 2024,"A discussão não deve ser politizada: ""Existe uma elite globalista que quer, sim, forçar essa vacinação, inclusive em bebês, e o Brasil está sendo pioneiro nessa obrigação. No resto do mundo, até pode se recomendar, mas não se obriga. Vão começar pelo Brasil pra depois começar a obrigar nos outros lugares também?""",LDS_opinion_summary_not_verbatim_speech,"A vacinação obrigatória contra Covid-19 em crianças de 6 meses a 5 anos deve ser mantida a partir de 2024. | A obrigatoriedade da vacinação em crianças está respaldada pela legislação do PNI e do Estatuto da Criança e do Adolescente. | A discussão sobre a vacinação infantil deve ser separada de interesses políticos e globais, evitando a politização da questão. | A obrigatoriedade",ERRO API,,not_verified_in_transcript,2,1,PublicHearingBR_LDS.jsonl,129,,2023-11-28,Debate sobre a vacinação de crianças contra Covid-19,"O imunizante não deveria ser chamado de vacina, mas de terapia gênica. O assunto precisa de mais debates: ""Nós somos todos favoráveis às vacinas que estão no PNI há muito tempo, que são vacinas seguras, de eficácia comprovada, mas essa, o próprio FDA chama de terapia gênica.""",LDS_opinion_summary_not_verbatim_speech,"A vacina contra Covid-19 deve ser incluída no Programa Nacional de Imunização para crianças de 6 meses a 5 anos, conforme recomendação de sociedades científicas e dados de mortalidade. | A vacina de RNA mensage",ERRO API,,not_verified_in_transcript,1,2
0138e27cd0f53d95,aliel machado,Aliel Machado,0.104432,99,false,article_publication_only,topic_tfidf_cosine,PublicHearingBR_LDS.jsonl,41,,2023-06-28,Aprovação da Convenção Interamericana sobre a Proteção dos Direitos Humanos dos Idosos,"Considera constrangedor que o projeto ainda não tenha sido aprovado: ""Nós estamos agora em um processo de articulação para a aprovação dessa que é uma necessidade para o nosso país, e nos constrange ter isso na pauta há tanto tempo e ainda não termos conseguido. Já me reuni com o presidente desta Casa, que se comprometeu em nos ajudar a pautar a matéria.""",LDS_opinion_summary_not_verbatim_speech,"A ratificação da Convenção Interamericana sobre a Proteção dos Direitos Humanos dos Idosos deve ocorrer antes de outubro para celebrar os 20 anos do Estatuto da Pessoa Idosa. | O Brasil, apesar de ter sido um dos primeiros a assinar a convenção, ainda não a ratificou, o que é constrangedor e indica atraso legislativo. | A convenção introduz direitos e conceitos inexistentes na legislação brasileira, exigindo uma mudança de paradigma no tratamento à população idosa.",ERRO API,,not_verified_in_transcript,1,0,PublicHearingBR_LDS.jsonl,155,,2023-10-05,Consolidação de políticas públicas para idosos no contexto dos 20 anos do Estatuto do Idoso,Lamentou que o Estatuto do Idoso ainda seja pouco conhecido e tenha determinações legais desobedecidas.,LDS_opinion_summary_not_verbatim_speech,"O Estatuto do Idoso ainda é pouco conhecido e suas determinações legais são frequentemente descumpridas. | O Estatuto garante direitos concretos, como acompanhante em tempo integral em hospitais, proteção contra aumentos abusivos em planos de saúde e cotas em programas habitacionais. | O etarismo, ou discriminação por idade, impede a cidadania plena e a segurança nas aposentadorias e no mercado",A FAVOR | CONTRA,,not_verified_in_transcript,0,0
2e42e8583aea6939,antonio brito,Antonio Brito,0.279901,105,false,article_publication_only,topic_tfidf_cosine,PublicHearingBR_LDS.jsonl,123,,2023-12-05,Aumento de orçamento para combater a tuberculose no Brasil,Ressaltou que o Brasil registra mais de 80 mil casos de tuberculose por ano.,LDS_opinion_summary_not_verbatim_speech,"O orçamento atual de apenas R$ 14 milhões para o combate à tuberculose é insuficiente e deve ser ampliado. | A luta contra a tuberculose exige ações que vão além do financiamento, como o combate à pobreza e a oferta de transporte e alimentação gratuitos para garantir a adesão ao tratamento. | O Brasil precisa alcançar menos de 10 casos por 100 mil habitantes até 2030, o que requer um orçamento de pelo menos R$ 650 milhões e melhorias nos sistemas de diagnóstico e monitoramento.",NEUTRO | A FAVOR,,not_verified_in_transcript,0,1,PublicHearingBR_LDS.jsonl,114,,2024-03-19,Estratégias para a erradicação da tuberculose no Brasil até 2030,"Sugere foco no Amazonas para ampliar os futuros resultados efetivos de erradicação: ""No Amazonas, são 6 mil casos novos por ano. Então, o impacto de fazer um programa piloto na região para erradicação da tuberculose até 2030 dará a sensação de causa e efeito.""",LDS_opinion_summary_not_verbatim_speech,"O combate à tuberculose deve ser intensificado em todo o território brasileiro, não apenas no Amazonas. | O Brasil precisa de financiamento permanente e previsível para o programa de erradicação, e não apenas de emendas parlamentares pontuais. | A erradicação da tuberculose depende da disponibilidade de vacinas eficazes e de um tratamento mais curto, exigindo investimento em pesquisa e produção de insumos.",CONTRA | NEUTRO,,not_verified_in_transcript,0,1
3459768d16f576e5,capitao alberto neto,Capitão Alberto Neto,0.547672,9,false,article_publication_only,topic_tfidf_cosine,PublicHearingBR_LDS.jsonl,3,,2024-04-17,Discussão sobre a substituição do saque-aniversário do FGTS por uma nova modalidade de crédito consignado,"Criticou a possibilidade de extinção do saque-aniversário. 57% dos recursos são usados hoje para quitar dívidas. ""O saque-aniversário é como se fosse o 14º salário do trabalhador.""",LDS_opinion_summary_not_verbatim_speech,O saque-aniversário do FGTS deve ser extinto e substituído por um novo crédito consignado. | A nova modalidade de crédito consignado pode gerar risco de endividamento excessivo do trabalhador. | O governo precisa de apoio do Congresso antes de avançar com a proposta de substituição.,ERRO API,,not_verified_in_transcript,1,0,PublicHearingBR_LDS.jsonl,10,,2024-04-26,Substituição do saque-aniversário do FGTS por empréstimo consignado com juros mais baixos,"O saque-aniversário tem sido importante para atender diversas necessidades do trabalhador, mas pode passar por aperfeiçoamentos.",LDS_opinion_summary_not_verbatim_speech,O Ministério do Trabalho pretende acabar com o saque-aniversário do FGTS e substituí‑lo por empréstimo consignado via E‑Social. | O saque-aniversário ameaça a sustentabilidade do FGTS e pode inviabilizar o financiamento de moradias para famílias de baixa renda. | Os juros excessivos das antecipações (cerca de 23% ao ano) e a proposta de taxas semelhantes no novo consignado prejudicam trabalhadores negativados e ferem o princípio da defesa do consumidor.,ERRO API,,not_verified_in_transcript,1,1
1f862b43757396e1,augusto coutinho,Augusto Coutinho,0.123982,667,false,article_publication_only,topic_tfidf_cosine,PublicHearingBR_LDS.jsonl,80,,2022-06-28,Regulamentação do lobby junto ao poder público,"Considerará, além do principal e do apensado, o PL 1202/07, também de Carlos Zarattini e pronto para o Plenário: ""A gente tem como harmonizar os projetos, acho que essa será a solução para que possamos avançar.""",LDS_opinion_summary_not_verbatim_speech,"O PL 4391/21 do Executivo não atende plenamente aos requisitos de transparência e, portanto, deve ser complementado por emendas. | A regulamentação do lobby deve",A FAVOR,,not_verified_in_transcript,0,2,PublicHearingBR_LDS.jsonl,87,,2024-04-25,Regulamentação do trabalho de motoristas de aplicativo,"[A gente] vai construir um relatório que tente ser harmonioso, para que a gente avance com essa matéria e que até o meio deste ano, antes do recesso, a gente consiga oferecer ao Brasil uma legislação justa e que atenda uma necessidade que hoje é real na nossa vida.",LDS_opinion_summary_not_verbatim_speech,"O relatório que regulamenta o trabalho dos motoristas de aplicativo deve ser apresentado na Câmara antes do recesso de julho. | A regulamentação não pode enquadrar o motorista de aplicativo como MEI, pois isso o deixaria sem proteção social. | A modelagem de remuneração baseada em quilômetro rodado, negociada pelos próprios motoristas, deve substituir a proposta governamental que beneficia as plataformas.",A FAVOR | NEUTRO,,not_verified_in_transcript,0,2
16c67be32f60e074,danilo forte,Danilo Forte,0.187104,705,false,article_publication_only,topic_tfidf_cosine,PublicHearingBR_LDS.jsonl,91,,2022-05-12,Reajustes nas tarifas de energia elétrica devido ao represamento durante a pandemia e a escassez hídrica,"O debate sobre as contas de luz precisa ser ampliado: ""O problema é grave, mas vejo disposição de todos em buscar soluções, que passarão pelas energias renováveis.""",LDS_opinion_summary_not_verbatim_speech,"Reajustes abusivos de até 21 % em vários estados são inaceitáveis e precisam ser barrados. | Adiar os reajustes é insustentável, pois multiplica o problema futuro, como pagar apenas o mínimo do cartão de crédito. | Reduzir tributos e subsídios que representam 49 % da fatura de energia é essencial para aliviar o consumidor.",NEUTRO,,not_verified_in_transcript,8,0,PublicHearingBR_LDS.jsonl,104,,2024-04-16,Participação da Câmara na definição das regras de renovação das concessões das distribuidoras de energia elétrica,Já existe consenso entre os parlamentares de que o modelo atual das concessionárias precisa ser mudado.,LDS_opinion_summary_not_verbatim_speech,"O Congresso Nacional deve ter papel decisivo na definição das regras de renovação das concessões das distribuidoras, e o Ministério de Minas e Energia ainda não reconheceu essa necessidade.",A FAVOR,,not_verified_in_transcript,1,0
2a22c99d1d3a678c,dr zacharias calil,Dr. Zacharias Calil,0.389679,603,false,article_publication_only,topic_tfidf_cosine,PublicHearingBR_LDS.jsonl,68,,2022-08-17,Falhas no protocolo do SUS para o tratamento da retinopatia diabética,"A fila de espera por uma consulta é o principal problema: ""Porque o paciente fica sem acompanhamento. A gente sabe que o diabetes é uma doença progressiva, crônica e silenciosa, que vai causando uma série de problemas.""",LDS_opinion_summary_not_verbatim_speech,"O protocolo de retinopatia diabética do SUS está subfinanciado, com preço de tratamento de R$ 629,29, impossibilitando a aquisição de medicamentos. | A responsabilidade pela organização das filas e pelo financiamento local da terapia recai sobre estados e municípios, gerando sobrecarga e negligência. | Cerca de 80% dos casos de cegueira no Brasil poderiam ser evitados, mas",ERRO API,,not_verified_in_transcript,2,0,PublicHearingBR_LDS.jsonl,105,,2024-04-11,Atualização do protocolo de tratamento de edema macular diabético no SUS,"O SUS precisa se atualizar para preservar a visão e a qualidade de vida dos pacientes: ""É fundamental que o SUS revise e atualize seus protocolos clínicos para incluir diretrizes claras e abrangentes para o diagnóstico, tratamento e acompanhamento do edema macular. Além disso, é necessário garantir um sistema de financiamento adequado que cubra os custos.""",LDS_opinion_summary_not_verbatim_speech,O SUS deve atualizar seus protocolos clínicos e garantir financiamento adequado para o tratamento do edema macular diabético. | Investir em prevenção e rastreamento precoce da diabetes é essencial para evitar custos futuros com aposentadorias e cuidadores. | A falta de encaminhamento sensível por parte de clínicos gera atrasos no diagnóstico e exige programa universal de exames oftalmológicos.,A FAVOR | ERRO API,,not_verified_in_transcript,0,0
56076bd074c74d1a,caio vianna,Caio Vianna,0.129062,48,false,article_publication_only,topic_tfidf_cosine,PublicHearingBR_LDS.jsonl,166,,2023-09-20,Uso da tecnologia blockchain no serviço público,"O poder público brasileiro deve participar do esforço de pesquisa e aplicação da tecnologia blockchain: ""Acredito que estamos diante de uma grande possibilidade de inovação. O Brasil não pode e não deve ficar para traz nessa discussão"".",LDS_opinion_summary_not_verbatim_speech,"A imutabilidade do blockchain entra em conflito com a LGPD, que permite a eliminação dos dados pessoais. | O uso eficaz da blockchain só se just",ERRO API,,not_verified_in_transcript,0,0,PublicHearingBR_LDS.jsonl,138,,2023-11-07,Pedido de concurso público e fortalecimento da Agência Nacional de Proteção de Dados (ANPD),"Os dados são hoje um ativo valioso, e é preciso dar mais condições para a agência desenvolver seu trabalho: ""Muitas vezes a gente faz um cadastro e imediatamente nosso telefone já está tocando com uma outra empresa que a gente não fez o cadastro oferecendo algum tipo de serviço, ou mandando e-mail ou mandando SMS, importunando inclusive o dia-a-dia do cidadão que está trabalhando. Então, isso é uma questão que a gente precisa avançar, precisa ter apoio deste Parlamento para que a ANPD possa desenvolver esse trabalho com cada vez mais eficiência, para que a gente possa proteger os cidadãos brasileiros dessas investidas e proteger os seus dados também.""",LDS_opinion_summary_not_verbatim_speech,"A ANPD precisa de concurso público e carreira própria para ampliar sua capacidade de fiscalização e aplicar sanções frequentes. | O orçamento e a autonomia financeira da ANPD são insuficientes, exigindo maior atenção do governo e aprovação da lei que a torne autarquia. | A ANPD deve receber mais recursos e poderes para combater vazamentos de dados e proteger a privacidade dos cidadãos.",ERRO API,,not_verified_in_transcript,1,0
ebcdef50abd4418f,erika kokay,Érika Kokay,0.240448,399,false,article_publication_only,topic_tfidf_cosine,PublicHearingBR_LDS.jsonl,89,,2022-05-26,Políticas públicas de proteção às mulheres e crianças indígenas,"Defendeu a proteção aos territórios indígenas e o avanço nas políticas de demarcação dos territórios: ""Se o território é protegido, a vida é protegida. Nossa Constituição diz que crianças e adolescentes são prioridades. Portanto, é fundamental traçar planos que envolvem políticas públicas e avançar na demarcação das terras indígenas e na sua homologação.""",LDS_opinion_summary_not_verbatim_speech,A exploração do garimpo nas terras indígenas deve ser regulada e restringida para proteger mulheres e crianças indígenas. | O governo federal tem sido omisso e recorre a assistencialismo barato em vez de implementar políticas públicas efetivas de proteção territorial. | O fortalecimento e a demarcação dos territórios indígenas são essenciais para,A FAVOR,,not_verified_in_transcript,5,0,PublicHearingBR_LDS.jsonl,85,,2023-06-29,Dificuldades na implantação de políticas públicas para a população LGBTQIA+,"Enfatizou a importância do planejamento das políticas públicas para essa parte da população: ""Os planos possibilitam a intersetorialidade e, ao mesmo tempo, a avaliação de especificidades dentro da comunidade LBGTQIA+.""",LDS_opinion_summary_not_verbatim_speech,"A maioria dos estados não possui planos ou programas efetivos de políticas públicas para a população LGBTQIA+, limitando a cidadania e a luta contra a discriminação. | A falta de coordenação nacional e de indicadores específicos impede a implementação eficaz de políticas públicas voltadas à comunidade LGBTQIA+. | Levar as políticas públicas para além das regiões metropolitanas constitui um grande desafio na expansão da proteção e dos serviços à população LGBTQIA+.",ERRO API,,not_verified_in_transcript,1,0
d3769de977ace19d,gilson daniel,Gilson Daniel,0.359324,21,false,article_publication_only,topic_tfidf_cosine,PublicHearingBR_LDS.jsonl,113,,2024-03-20,Ações de prevenção de desastres naturais e auxílio à população detalhadas por ministérios na Câmara dos Deputados,"Cobrou maior número de contratos no novo PAC Encostas e reforço orçamentário: ""O País necessita organizar fontes de recursos específicas para a prevenção de desastres. Ao longo dos anos, temos recebido medidas provisórias que só chegam após o acontecimento do desastre, depois que a gente perde vidas e patrimônio.""",LDS_opinion_summary_not_verbatim_speech,"O atual modelo de destinação de recursos para prevenção de desastres só libera verbas após a ocorrência de tragédias, sendo necessário criar fontes permanentes de financiamento. | É imprescindível ampliar a legislação de assistência para abranger vulnerabilidades como migrantes venezuelanos, povos indígenas e população em situação de rua, não se limitando a um único foco. | É urgente instituir um arcabouço legal que garanta proteção efetiva aos grupos mais vulneráveis, especialmente em áreas remotas da Amazônia e em contextos de crise humanitária como o Rio Grande do Sul.",A FAVOR | NEUTRO,,not_verified_in_transcript,1,0,PublicHearingBR_LDS.jsonl,107,,2024-04-10,Melhorias na infraestrutura de prevenção a desastres e calamidades naturais,"Ressaltou que o Fundo Nacional de Calamidade Pública foi criado em 1969, mas nunca contou com fonte própria de recursos. Até hoje as emergências são atendidas por meio de medidas provisórias.",LDS_opinion_summary_not_verbatim_speech,O sistema de alertas por SMS é extremamente ineficiente e perde credibilidade junto à população. | O radar de previsão meteorológica atual é,NEUTRO,,not_verified_in_transcript,3,2
36fb1e1240a12ac4,celia xakriaba,Célia Xakriabá,0.149684,2,false,article_publication_only,topic_tfidf_cosine,PublicHearingBR_LDS.jsonl,139,,2023-11-07,Racismo e preconceito contra indígenas no sistema prisional brasileiro e a proposta de uma lei prisional específica para indígenas,Sugeriu uma consulta pública sobre uma lei prisional específica para os indígenas.,LDS_opinion_summary_not_verbatim_speech,"Um terço dos indígenas presos no Brasil está em Mato Grosso do Sul, sendo a maioria Guarani e Kaiowá. | É necessária uma consulta pública para elaborar uma legislação prisional específica para os povos indígenas. | O racismo contra indígenas no sistema penal deve ser analisado à luz",ERRO API,,not_verified_in_transcript,1,1,PublicHearingBR_LDS.jsonl,136,,2023-11-09,Aprovação do Projeto de Lei 4347/21 para tornar permanente a Política Nacional de Gestão Territorial e Ambiental das Terras Indígenas,"Sugeriu o reconhecimento e a regulamentação dos agentes ambientais indígenas e a articulação do programa de gestão territorial com a Política de Educação Escolar Indígena e de Atendimento à Saúde Indígena: ""Fortalecendo os princípios da sustentabilidade com recursos orçamentários compatíveis com a necessidade das comunidades"".",LDS_opinion_summary_not_verbatim_speech,"É imprescindível alocar recursos específicos do PPA, com linhas orçamentárias definidas, para garantir a implementação efetiva da política. | A política deve contar com um fundo exclusivo destinado a sua execução, assegurando financiamento estável e suficiente. | É necessário reconhecer e regulamentar os agentes ambientais indígenas e integrar o programa de gestão territorial às políticas de educação e saúde indígenas.",ERRO API,,not_verified_in_transcript,2,1
36e4b11ff6345a11,jorge solla,Jorge Solla,0.172702,118,false,article_publication_only,topic_tfidf_cosine,PublicHearingBR_LDS.jsonl,199,,2023-08-09,Autossuficiência na produção de insumos para a saúde e questões relacionadas à compra emergencial de medicamentos pelo SUS,"Apoiou a ministra Nísia Trindade: ""O ministério, em poucos meses, conseguiu reconquistar a autoridade técnico-política da direção nacional do SUS. Isso é fundamental, porque, infelizmente, no governo anterior foi uma desmoralização.""",LDS_opinion_summary_not_verbatim_speech,A ausência de autossuficiência na produção de insumos de saúde coloca o S,ERRO API,,not_verified_in_transcript,11,0,PublicHearingBR_LDS.jsonl,16,,2023-12-05,Debate sobre denúncias envolvendo o custeio de viagem de Luciane Barbosa Farias e questões relacionadas aos direitos humanos,Elogiou a gestão de Sílvio Almeida no Ministério dos Direitos Humanos.,LDS_opinion_summary_not_verbatim_speech,"O Ministério dos Direitos Humanos custeou diárias e passagens para Luciane Barbosa Farias, esposa de líder do Comando Vermelho, gerando acusação de irregularidade e possível improbidade administrativa. | A oposição utiliza as denúncias sobre o custeio",CONTRA | NEUTRO,,not_verified_in_transcript,7,0
3d382d16e23d6fe6,mercedes bustamante,Mercedes Bustamante,0.301655,22,false,article_publication_only,topic_tfidf_cosine,PublicHearingBR_LDS.jsonl,188,,2023-08-24,Disparidade de gênero na pós-graduação em ciências exatas e tecnológicas e financiamento menor para mulheres,"Nos programas de pós-graduação das universidades, dados de 2021 da plataforma Capes mostram que elas representavam 42% dos pesquisadores. Porém, no doutorado acadêmico, eram apenas 38%. Já no pós-doutorado, as mulheres representam 54% dos pesquisadores.",LDS_opinion_summary_not_verbatim_speech,"A disparidade de gênero persiste nas ciências exatas e tecnológicas, com menor remuneração e representação mesmo quando as mulheres são maioria em certas áreas. | É urgente derrubar o decreto 997/93 que proíbe novas creches nas universidades e ampliar a licença maternidade para seis meses para todas as pós‑graduandas. | O “efeito tesoura” – a exclusão feminina e interseccional",ERRO API,,not_verified_in_transcript,1,2,PublicHearingBR_LDS.jsonl,168,,2023-09-15,Melhoria das condições da pós-graduação no Brasil,"Dados da Capes mostram que o Brasil conta com mais de 4.500 programas de pós-graduação, e quase 7 mil cursos. No ano que vem, outros 300 cursos devem entrar no sistema.",LDS_opinion_summary_not_verbatim_speech,A falta de proteção trabalhista e previdenciária para pós‑graduandos mantém‑os em situação de vulnerabilidade. | A academia precisa adaptar seus currículos e promover maior interação com o setor produtivo para reter talentos. | O financiamento de benefícios como licença‑maternidade e previdência para não‑bolsistas deve ser viabilizado por isenção fiscal a quem aumenta a qualificação técnica do país.,ERRO API,,not_verified_in_transcript,2,2
9b028d8dc263fd18,gianna sagazio,Gianna Sagazio,0.12156,21,false,article_publication_only,topic_tfidf_cosine,PublicHearingBR_LDS.jsonl,197,,2023-08-09,Revisão do Marco Legal da Inovação para facilitar sua operacionalização,Citou o projeto de lei em tramitação no Senado (PLS 226/16) que concede autonomia financeira aos institutos de ciência e tecnologia públicos e dá segurança jurídica para a concessão de bolsas e isenção de impostos de importação para empresas em projetos de pesquisa e desenvolvimento.,LDS_opinion_summary_not_verbatim_speech,"O pesquisador pode ou não pode atuar simultaneamente em empresa e na universidade, gerando conflito de interesses. | A burocracia impede a aquisição de insumos científicos, exigindo três meses para reagentes que em outros países são obtidos em horas. | O marco legal deve conceder autonomia financeira aos ICTs e isenção de impostos para empresas de P&D, como proposto no PLS 226/16.",A FAVOR | NEUTRO,,not_verified_in_transcript,5,0,PublicHearingBR_LDS.jsonl,184,,2023-08-30,"Discussão sobre mudanças na Lei do Bem para facilitar a colaboração entre universidades, empresas e governo e promover inovações","Solicitou que as empresas possam usar o excedente de recursos destinados à pesquisa tecnológica em anos posteriores para cumprimento da legislação: ""A gente está falando do único instrumento fiscal que o Brasil tem para apoiar as empresas a inovar""",LDS_opinion_summary_not_verbatim_speech,"As empresas devem poder usar o excedente de recursos destinados à pesquisa tecnológica em anos posteriores para cumprir a legislação de inovação. | Os órgãos de controle dificultam a aplicação efetiva do marco legal, impedindo a integração entre universidades, empresas e governo. | A falta de integração e de contratos diretos com empresas cria barreiras sérias para investimentos e desenvolvimento de componentes.",A FAVOR | NEUTRO,,not_verified_in_transcript,0,0
de54c782d361768c,leda borges,Lêda Borges,0.256197,65,false,article_publication_only,topic_tfidf_cosine,PublicHearingBR_LDS.jsonl,203,,2023-08-02,Aumento da violência contra mulheres devido ao desmonte de políticas públicas e ascensão do ultraconservadorismo,A melhor maneira de quebrar o ciclo da violência é a independência econômica das mulheres. Medidas como casas de acolhimento e inserção no mercado de trabalho são fundamentais.,LDS_opinion_summary_not_verbatim_speech,"O desmonte das políticas públicas de proteção à mulher, reduzido a R$ 13 milhões em 2022, é a principal causa do aumento da violência de gênero no Brasil. | A ascensão do ultraconservadorismo, que considera a igualdade de gênero como inimigo, gera violência contra mulheres que desafiam papéis tradicionais. | A independência econômica das mulheres, por meio de casas de ac",ERRO API,,not_verified_in_transcript,4,0,PublicHearingBR_LDS.jsonl,154,,2023-10-06,Políticas públicas voltadas para mulheres no climatério e menopausa,"Disse: 'É necessário debater a promoção da saúde da mulher para esse ciclo da vida, buscando criar políticas públicas efetivas que melhorem a qualidade de vida dessas mulheres.'",LDS_opinion_summary_not_verbatim_speech,"A falta de reposição hormonal aumenta significativamente o risco de infarto, AVC e mortalidade, enquanto seu uso reduz esses riscos em até 26%. | O Ministério da Saúde está desenvolvendo novos medicamentos e considerando a inclusão de fitoterápicos além da isoflavona para tratar os sintomas do climatério. | É necessário instituir um Dia Nacional de Conscientização sobre a Menopausa para romper o tabu e ampliar políticas públicas efetivas.",NEUTRO | A FAVOR,,not_verified_in_transcript,0,0
ffe531755c6def2e,paulo xavier,Paulo Xavier,1.0,35,false,article_publication_only,topic_tfidf_cosine,PublicHearingBR_LDS.jsonl,112,,2024-03-21,Regulamentação do trabalho de motoristas de aplicativo,Defendeu a rejeição integral da proposta do Executivo.,LDS_opinion_summary_not_verbatim_speech,"A proposta deve ser rejeitada integralmente pelos trabalhadores. | O projeto não garante autonomia nem reconhece os motoristas como empregados, apenas como subordinados sem direitos. | O artigo 5º que atribui poder organizativo, fiscalizatório e punitivo às plataformas é inaceitável.",ERRO API,,not_verified_in_transcript,0,1,PublicHearingBR_LDS.jsonl,87,,2024-04-25,Regulamentação do trabalho de motoristas de aplicativo,Rechaça a proposta do governo.,LDS_opinion_summary_not_verbatim_speech,"O relatório que regulamenta o trabalho dos motoristas de aplicativo deve ser apresentado na Câmara antes do recesso de julho. | A regulamentação não pode enquadrar o motorista de aplicativo como MEI, pois isso o deixaria sem proteção social. | A modelagem de remuneração baseada em quilômetro rodado, negociada pelos próprios motoristas, deve substituir a proposta governamental que beneficia as plataformas.",CONTRA | A FAVOR | ERRO API,,not_verified_in_transcript,6,0
4cffd4e8a3906c01,lafayette de andrada,Lafayette de Andrada,0.114424,132,false,article_publication_only,topic_tfidf_cosine,PublicHearingBR_LDS.jsonl,17,,2023-12-06,Debate sobre ativismo judicial na Câmara dos Deputados,"O Parlamento deve tratar sobre certos assuntos, ainda que seja ao não votar nada sobre o tema: ""Quem tem competência e quem deve exprimir a voz da população, os anseios do povo, da sociedade, é o Poder Legislativo. Ele que foi votado, ele que foi escolhido para isso. E, se o Poder Legislativo silencia em função de determinado tema, muitas vezes é um silêncio eloquente, é porque não há o amadurecimento necessário ainda para legislar sobre aquilo.""",LDS_opinion_summary_not_verbatim_speech,"O ativismo judicial tem ultrapassado os limites constitucionais e legais, como nas decisões sobre a interrupção da gestação até o terceiro mês, nas ações que proibiram operações em favelas durante a pandemia e na suspensão da nomeação de Alexandre Ramagem. | O Poder Legislativo deve exercer controle efetivo sobre o Supremo, inclusive por meio de impeachment e da autorização de nomeações, para impedir abusos de poder e excessos políticos. | Qualquer reforma do sistema judicial exige amplo debate público, seminários e participação de todos os poderes, sem revanchismo, antes de alterar as regras.",ERRO API,,not_verified_in_transcript,2,0,PublicHearingBR_LDS.jsonl,104,,2024-04-16,Participação da Câmara na definição das regras de renovação das concessões das distribuidoras de energia elétrica,"Criticou as distribuidoras por estarem criando dificuldade para conectar as unidades de geração distribuída à rede elétrica: ""As distribuidoras não estão obedecendo à lei, não estão obedecendo às próprias resoluções da Aneel""",LDS_opinion_summary_not_verbatim_speech,"O Congresso Nacional deve ter papel decisivo na definição das regras de renovação das concessões das distribuidoras, e o Ministério de Minas e Energia ainda não reconheceu essa necessidade.",NEUTRO,,not_verified_in_transcript,2,2
e001ebac1d8033f1,leo prates,Leo Prates,0.210802,99,false,article_publication_only,topic_tfidf_cosine,PublicHearingBR_LDS.jsonl,118,,2023-12-12,Impacto dos desastres climáticos no Brasil em 2023 e medidas de prevenção e resposta,"Avalia que a situação exige apoio extra às vítimas: ""Eu acho que a gente tem que criar um sistema nacional de apoio às vítimas de desastres, um arcabouço que faça parte, inclusive, do Sistema Nacional de Defesa Civil, com prevenção, pronta resposta e recuperação das áreas atingidas por desastres.""",LDS_opinion_summary_not_verbatim_speech,"A derrubada do veto presidencial ao artigo da Lei 14.691/23, que destina 5 % de multas ambientais ao Fundo Nacional de Calamidades Públicas, é essencial para garantir recursos à prevenção de desastres. | A",A FAVOR,,not_verified_in_transcript,5,0,PublicHearingBR_LDS.jsonl,113,,2024-03-20,Ações de prevenção de desastres naturais e auxílio à população detalhadas por ministérios na Câmara dos Deputados,"""O grande desafio é criar um arcabouço legal que possa dar proteção especialmente aos vulneráveis. Imagina o que é, na Amazônia, não ter acesso a um médico porque as hidrovias e os rios estão secos; ou, no Rio Grande do Sul, a perda de pequenas atividades comerciais que sustentavam famílias inteiras.""",LDS_opinion_summary_not_verbatim_speech,"O atual modelo de destinação de recursos para prevenção de desastres só libera verbas após a ocorrência de tragédias, sendo necessário criar fontes permanentes de financiamento. | É imprescindível ampliar a legislação de assistência para abranger vulnerabilidades como migrantes venezuelanos, povos indígenas e população em situação de rua, não se limitando a um único foco. | É urgente instituir um arcabouço legal que garanta proteção efetiva aos grupos mais vulneráveis, especialmente em áreas remotas da Amazônia e em contextos de crise humanitária como o Rio Grande do Sul.",A FAVOR,,not_verified_in_transcript,3,1
d336204af6200b5c,vanessa pirolo,Vanessa Pirolo,0.389679,603,false,article_publication_only,topic_tfidf_cosine,PublicHearingBR_LDS.jsonl,68,,2022-08-17,Falhas no protocolo do SUS para o tratamento da retinopatia diabética,"""A pessoa com diabetes, no mínimo, tem que passar uma vez ao ano para fazer o exame adequado nos olhos e para ver como está o controle da doença.""",LDS_opinion_summary_not_verbatim_speech,"O protocolo de retinopatia diabética do SUS está subfinanciado, com preço de tratamento de R$ 629,29, impossibilitando a aquisição de medicamentos. | A responsabilidade pela organização das filas e pelo financiamento local da terapia recai sobre estados e municípios, gerando sobrecarga e negligência. | Cerca de 80% dos casos de cegueira no Brasil poderiam ser evitados, mas",ERRO API,,not_verified_in_transcript,1,2,PublicHearingBR_LDS.jsonl,105,,2024-04-11,Atualização do protocolo de tratamento de edema macular diabético no SUS,"Os gastos hoje com diabetes superam 43 bilhões de dólares ao ano, e 60% desse valor cobre complicações da doença.",LDS_opinion_summary_not_verbatim_speech,O SUS deve atualizar seus protocolos clínicos e garantir financiamento adequado para o tratamento do edema macular diabético. | Investir em prevenção e rastreamento precoce da diabetes é essencial para evitar custos futuros com aposentadorias e cuidadores. | A falta de encaminhamento sensível por parte de clínicos gera atrasos no diagnóstico e exige programa universal de exames oftalmológicos.,ERRO API | NEUTRO,,not_verified_in_transcript,1,1
e6a308550846aa5f,leonidas cristino,Leônidas Cristino,0.133655,162,false,article_publication_only,topic_tfidf_cosine,PublicHearingBR_LDS.jsonl,134,,2023-11-13,Descarbonização do setor de combustíveis e transição energética sustentável,"A Câmara busca amplo consenso sobre o tema: ""Está aí o problema posto e, aqui nesta Casa, nós temos a obrigação de elaborar um marco regulatório que seja factível e bom para todo o País, acompanhando as experiências que estão sendo feitas nas academias. É para dar tranquilidade ao Brasil de investir e para demonstrar ao mundo que nós vamos ajudar o planeta a diminuir o aquecimento global.""",LDS_opinion_summary_not_verbatim_speech,"O carro elétrico possui mitos ambientais que precisam ser desmistificados. | O Brasil não pode correr o risco de perder sua vantagem competitiva em tecnologia automotiva, estando entre os principais polos do mundo. | É imprescindível que o arcabouço legal ofereça clareza jurídica,",NEUTRO | A FAVOR,,not_verified_in_transcript,4,0,PublicHearingBR_LDS.jsonl,23,,2024-04-23,Medidas para incentivar o uso do biometano na matriz energética brasileira,"Propôs que outros setores da economia, além dos transportes, também possam usar o biometano: ""Temos abranger todos os segmentos da economia, para que a gente possa tirar o gás carbônico da atmosfera, caso contrário o mundo não vai suportar.""",LDS_opinion_summary_not_verbatim_speech,"O mercado de biometano já existe no Brasil, mas é pouco conhecido e precisa ser dinamizado. | O uso do biometano em transportes pesados é essencial, pois reduz a dependência do diesel importado e custa três vezes menos que o veículo elétrico. | O Brasil tem potencial para produzir biometano a partir de resíduos e esgoto, e deve ampliar seu uso em todos os setores para transformar um problema ambiental em ativo energético.",A FAVOR | NEUTRO,,not_verified_in_transcript,3,0
