source,pair_id,side,model,proposition_x,stance_x,proposition_y,stance_y,relation_DeepSeek-V3.1,relation_Qwen3-235B-A22B-Instruct-2507,consensus_relation,aligned_stance_y,malformed_any_judge,label_source
human_human_pilot,263f772b51bf1354,a,,O planejamento de políticas para o envelhecimento deve ser diferenciado entre as regiões do país.,FAVOR,O país deve planejar políticas públicas para o envelhecimento da população,FAVOR,EQUIVALENT,DIFFERENT,UNCERTAIN,FAVOR,False,MODEL_JUDGMENT
human_human_pilot,263f772b51bf1354,b,,Linhas de cuidado para pessoas idosas devem ser construídas a partir das particularidades de diferentes grupos e regiões.,FAVOR,"O governo tem que cuidar da qualidade de vida dos idosos, que é uma população em crescimento",FAVOR,DIFFERENT,DIFFERENT,DIFFERENT,FAVOR,False,MODEL_JUDGMENT
human_human_pilot,d4e87de87b4f3431,a,,Foi adequada a contratação da empresa Global X para a compra emergencial de insulina pelo Ministério da Saúde.,AGAINST,O Ministério da Saúde verifica adequadamente as empresas antes da contratação,AGAINST,DIFFERENT,DIFFERENT,DIFFERENT,AGAINST,False,MODEL_JUDGMENT
human_human_pilot,d4e87de87b4f3431,b,,Foi adequado o Ministério dos Direitos Humanos custear diárias e passagens de Luciane Barbosa Farias.,AGAINST,O Ministério verifica quem recebe diárias e passagens,AGAINST,DIFFERENT,DIFFERENT,DIFFERENT,AGAINST,False,MODEL_JUDGMENT
human_human_pilot,24c599750bdd544f,a,,O Brasil deve aprovar legislação específica de regulamentação dos mercados digitais.,FAVOR,O país deve ter uma lei para os mercados digitais sem criar mais burocracia,FAVOR,EQUIVALENT,EQUIVALENT,EQUIVALENT,FAVOR,False,MODEL_JUDGMENT
human_human_pilot,8f79764e69daadf2,a,,É importante a criação de políticas públicas pensadas para o aumento da população idosa.,FAVOR,O país deve se preparar para o envelhecimento da população,FAVOR,EQUIVALENT,EQUIVALENT,EQUIVALENT,FAVOR,False,MODEL_JUDGMENT
human_human_pilot,8f79764e69daadf2,b,,Gestores municipais devem tratar a política para a pessoa idosa com mais importância.,FAVOR,A pauta da pessoa idosa deve ser uma prioridade para os gestores municipais,FAVOR,EQUIVALENT,EQUIVALENT,EQUIVALENT,FAVOR,False,MODEL_JUDGMENT
human_human_pilot,af4d70f0c140e9c9,a,,Discursos e gestos de figuras políticas que incitam ódio e violência contribuem para o aumento da violência nas escolas.,FAVOR,O país precisa regular as redes sociais pra frear o discurso de ódio,FAVOR,DIFFERENT,DIFFERENT,DIFFERENT,FAVOR,False,MODEL_JUDGMENT
human_human_pilot,af4d70f0c140e9c9,b,,O orçamento federal deve destinar recursos específicos para prevenção da violência contra crianças e adolescentes.,FAVOR,Deve haver orçamento para proteger crianças e adolescentes,FAVOR,EQUIVALENT,EQUIVALENT,EQUIVALENT,FAVOR,False,MODEL_JUDGMENT
human_human_pilot,d4c07b40fb424a0c,a,,A vacinação contra a Covid-19 deve ser obrigatória para crianças de 6 meses a 5 anos.,AGAINST,A vacina contra a Covid-19 deve ser obrigatória para crianças de 6 meses a 5 anos,AGAINST,EQUIVALENT,EQUIVALENT,EQUIVALENT,AGAINST,False,MODEL_JUDGMENT
human_human_pilot,d4c07b40fb424a0c,b,,A vacinação contra a Covid-19 deve ser obrigatória para crianças.,AGAINST,A vacina contra a Covid-19 deve ser obrigatória para crianças (não menciona idade diretamente),AGAINST,EQUIVALENT,EQUIVALENT,EQUIVALENT,AGAINST,False,MODEL_JUDGMENT
human_human_pilot,0138e27cd0f53d95,a,,O Congresso Nacional deve aprovar a Convenção Interamericana sobre a Proteção dos Direitos Humanos dos Idosos.,FAVOR,O Brasil deve aprovar a Convenção Interamericana sobre a Proteção dos Direitos Humanos dos Idosos,FAVOR,EQUIVALENT,DIFFERENT,UNCERTAIN,FAVOR,False,MODEL_JUDGMENT
human_human_pilot,0138e27cd0f53d95,b,,O Congresso Nacional deve aprovar a Convenção Interamericana sobre a Proteção dos Direitos Humanos dos Idosos.,FAVOR,Os direitos do Estatuto da Pessoa Idosa devem ser postos em prática,FAVOR,DIFFERENT,DIFFERENT,DIFFERENT,FAVOR,False,MODEL_JUDGMENT
human_human_pilot,2e42e8583aea6939,a,,O orçamento federal do programa de combate à tuberculose deve ser ampliado.,FAVOR,O Brasil deve aumentar o orçamento para o combate à tuberculose,FAVOR,EQUIVALENT,EQUIVALENT,EQUIVALENT,FAVOR,False,MODEL_JUDGMENT
human_human_pilot,2e42e8583aea6939,b,,O Amazonas deve ser o estado-piloto de um programa interministerial para eliminar a tuberculose até 2030.,FAVOR,O Amazonas deve ser o estado piloto para reunir as ações contra a tuberculose,FAVOR,EQUIVALENT,EQUIVALENT,EQUIVALENT,FAVOR,False,MODEL_JUDGMENT
human_human_pilot,3459768d16f576e5,a,,O saque-aniversário do FGTS deve ser extinto.,AGAINST,O governo deve acabar com o saque-aniversário do FGTS,AGAINST,EQUIVALENT,EQUIVALENT,EQUIVALENT,AGAINST,False,MODEL_JUDGMENT
human_human_pilot,3459768d16f576e5,b,,O saque-aniversário do FGTS deve ser extinto.,AGAINST,O governo deve acabar com o saque-aniversário do FGTS,AGAINST,EQUIVALENT,EQUIVALENT,EQUIVALENT,AGAINST,False,MODEL_JUDGMENT
human_human_pilot,2a22c99d1d3a678c,a,,A fila de espera por atendimento especializado é um grande problema no acompanhamento de pacientes no SUS.,FAVOR,Os pacientes diagnosticados com retinopatia diabética conseguem acompanhamento em tempo hábil pelo SUS,AGAINST,OPPOSITE_POLARITY,DIFFERENT,UNCERTAIN,AGAINST,False,MODEL_JUDGMENT
human_human_pilot,2a22c99d1d3a678c,b,,"O SUS deve revisar e atualizar os protocolos clínicos de diagnóstico, tratamento e acompanhamento do edema macular diabético.",FAVOR,O SUS precisa atualizar a forma como acompanha quem tem edema macular diabético,FAVOR,EQUIVALENT,EQUIVALENT,EQUIVALENT,FAVOR,False,MODEL_JUDGMENT
human_human_pilot,ebcdef50abd4418f,a,,"O Estado deve demarcar, homologar e proteger os territórios indígenas.",FAVOR,Deve haver um plano de proteção para mulheres e crianças indígenas,FAVOR,DIFFERENT,DIFFERENT,DIFFERENT,FAVOR,False,MODEL_JUDGMENT
human_human_pilot,ebcdef50abd4418f,b,,Devem existir conselhos e planos de políticas públicas para a população LGBTQIA+.,FAVOR,Precisam ser criados planos e conselhos para a população LGBTQIA+,FAVOR,EQUIVALENT,EQUIVALENT,EQUIVALENT,FAVOR,False,MODEL_JUDGMENT
human_human_pilot,d3769de977ace19d,a,,"Deve haver fontes de recursos específicas e previstas para a prevenção de desastres, em vez de depender de medidas provisórias editadas após os desastres.",FAVOR,O país deve destinar recursos para previnir desastres,FAVOR,EQUIVALENT,EQUIVALENT,EQUIVALENT,FAVOR,False,MODEL_JUDGMENT
human_human_pilot,d3769de977ace19d,b,,"Deve haver recursos previstos no orçamento para prevenção e resposta a desastres, em vez de depender de medidas provisórias.",FAVOR,Devem haver recursos específicos alocados para a prevenção de desastres,FAVOR,EQUIVALENT,EQUIVALENT,EQUIVALENT,FAVOR,False,MODEL_JUDGMENT
human_human_pilot,36fb1e1240a12ac4,a,,Deve ser elaborada legislação específica sobre o sistema prisional para questões indígenas.,FAVOR,Deve existir uma lei específica para pessoas indígenas presas,FAVOR,EQUIVALENT,EQUIVALENT,EQUIVALENT,FAVOR,False,MODEL_JUDGMENT
human_human_pilot,36fb1e1240a12ac4,b,,Presença do agronegócio e mineração em terras indígenas.,AGAINST,O governo precisa garantir orçamento para a PNGATI,FAVOR,DIFFERENT,DIFFERENT,DIFFERENT,FAVOR,False,MODEL_JUDGMENT
human_human_pilot,36e4b11ff6345a11,a,,A gestão atual do Ministério da Saúde tem sido positiva.,FAVOR,O Ministério da Saúde voltou a coordenar o SUS junto aos Estados e Municípios,FAVOR,EQUIVALENT,DIFFERENT,UNCERTAIN,FAVOR,False,MODEL_JUDGMENT
human_human_pilot,36e4b11ff6345a11,b,,A gestão atual do Ministério dos Direitos Humanos tem sido positiva.,FAVOR,O governo está reabrindo espaço pra sociedade participar das políticas públicas,FAVOR,DIFFERENT,DIFFERENT,DIFFERENT,FAVOR,False,MODEL_JUDGMENT
human_human_pilot,de54c782d361768c,a,,Políticas de independência econômica para mulheres vítimas de violência devem ser adotadas para interromper o ciclo da violência.,FAVOR,Todas as cidades devem ter delegacia e centro de atendimento para mulheres,FAVOR,DIFFERENT,DIFFERENT,DIFFERENT,FAVOR,False,MODEL_JUDGMENT
human_human_pilot,de54c782d361768c,b,,Deve ser criado um programa de atenção à saúde de mulheres no climatério e na menopausa.,FAVOR,Deve ser criado um programa público focado na saúde das mulheres na menopausa,FAVOR,EQUIVALENT,EQUIVALENT,EQUIVALENT,FAVOR,False,MODEL_JUDGMENT
human_human_pilot,4cffd4e8a3906c01,a,,"O STF deve evitar o ativismo judicial, deixando ao Legislativo a criação e a modificação de leis.",FAVOR,O STF deve evitar o ativismo e deixar para o Congresso legislar,FAVOR,EQUIVALENT,EQUIVALENT,EQUIVALENT,FAVOR,False,MODEL_JUDGMENT
human_human_pilot,4cffd4e8a3906c01,b,,"Os critérios para renovação das concessões das distribuidoras de energia devem ser mais rigorosos, com obrigações, fiscalização e punição por descumprimento.",FAVOR,O governo precisa cobrar mais das distribuidoras de energia na antes de renovar as suas concessões,FAVOR,EQUIVALENT,EQUIVALENT,EQUIVALENT,FAVOR,False,MODEL_JUDGMENT
human_human_pilot,e001ebac1d8033f1,a,,"Deve ser criado um sistema nacional de apoio a vítimas de desastres, integrado ao Sistema Nacional de Proteção e Defesa Civil.",FAVOR,O país deve ter regras estabelecidas para ajudar as vítimas de desastres,FAVOR,EQUIVALENT,EQUIVALENT,EQUIVALENT,FAVOR,False,MODEL_JUDGMENT
human_human_pilot,e001ebac1d8033f1,b,,Deve ser criado um arcabouço legal de proteção às pessoas vulneráveis atingidas por desastres como enchentes e secas.,FAVOR,O país precisa proteger os mais vulneráveis quando acontecem desastres,FAVOR,EQUIVALENT,EQUIVALENT,EQUIVALENT,FAVOR,False,MODEL_JUDGMENT
human_human_pilot,e6a308550846aa5f,b,,O Brasil deve avançar no desenvolvimento de combustíveis de baixo carbono para substituir combustíveis fósseis no transporte.,FAVOR,Precisam haver critérios claros para a escolha de novos combustíveis,FAVOR,DIFFERENT,DIFFERENT,DIFFERENT,FAVOR,False,MODEL_JUDGMENT
human_human_expansion,06f6bf71ce0746e2,a,,"O poder público deve priorizar investimentos na prevenção de desastres, e não apenas na pronta resposta.",FAVOR,O poder público deve investir mais em prevenir desastres ao invés de agir só reativamente,FAVOR,EQUIVALENT,EQUIVALENT,EQUIVALENT,FAVOR,False,MODEL_JUDGMENT
human_human_expansion,06f6bf71ce0746e2,b,,O país deve ter fontes de recursos específicas para a prevenção de desastres.,FAVOR,O país deve destinar recursos específicas para a prevenção de desastres,FAVOR,EQUIVALENT,EQUIVALENT,EQUIVALENT,FAVOR,False,MODEL_JUDGMENT
human_human_expansion,16c67be32f60e074,a,,O Brasil deve fortalecer a transição para energia limpa e renovável como caminho para a soberania nacional.,FAVOR,O Brasil deve acelerar a troca para energia limpa,FAVOR,EQUIVALENT,EQUIVALENT,EQUIVALENT,FAVOR,False,MODEL_JUDGMENT
human_human_expansion,16c67be32f60e074,b,,O modelo atual das concessões de distribuição de energia elétrica deve ser modificado.,FAVOR,O modelo atual das distribuidoras de energia no Brasil deve mudar,FAVOR,EQUIVALENT,EQUIVALENT,EQUIVALENT,FAVOR,False,MODEL_JUDGMENT
human_human_expansion,1f862b43757396e1,a,,Deve-se regulamentar o lobby junto ao poder público,FAVOR,O Congresso deve juntar os projetos em debate e aprovar uma regulamentação do lobby,FAVOR,EQUIVALENT,EQUIVALENT,EQUIVALENT,FAVOR,False,MODEL_JUDGMENT
human_human_expansion,1f862b43757396e1,b,,Devemos regulamentar o trabalho de motoristas de aplicativo,FAVOR,O Congresso deve aprovar uma lei que regulamente o trabalho dos motoristas de aplicativo,FAVOR,EQUIVALENT,EQUIVALENT,EQUIVALENT,FAVOR,False,MODEL_JUDGMENT
human_human_expansion,370ab0f946469bab,a,,Existe uma discriminação cultural contra pessoas idosas que associa a velhice a algo ruim e ultrapassado.,FAVOR,A sociedade enxerga a velhice como algo ruim,FAVOR,EQUIVALENT,EQUIVALENT,EQUIVALENT,FAVOR,False,MODEL_JUDGMENT
human_human_expansion,370ab0f946469bab,b,,Precisamos de políticas públicas pensadas para os idosos.,FAVOR,A flexibilização das leis trabalhistas prejudicaram a aposentadoria das pessoas,FAVOR,DIFFERENT,DIFFERENT,DIFFERENT,FAVOR,False,MODEL_JUDGMENT
human_human_expansion,379d85fc73b5d187,a,,Deve ser aprovado o Estatuto dos Povos Ciganos para retirar essa população da invisibilidade.,FAVOR,Os povos ciganos sãoinvisibilizados por expulsões e pela falta de registro,FAVOR,EQUIVALENT,DIFFERENT,UNCERTAIN,FAVOR,False,MODEL_JUDGMENT
human_human_expansion,379d85fc73b5d187,b,,A economia do cuidado é uma questão invisível no Brasil que precisa ganhar visibilidade.,FAVOR,O trabalho de cuidado é um problema grande no Brasil e precisa sair da invisibilidade,FAVOR,EQUIVALENT,EQUIVALENT,EQUIVALENT,FAVOR,False,MODEL_JUDGMENT
human_human_expansion,3ebdfd5f91baeb30,a,,As políticas de fomento à cultura devem ter uma reserva para pessoas com deficiência.,FAVOR,Os editais de fomento à cultura devem reservar vagas para artistas com deficiência,FAVOR,EQUIVALENT,EQUIVALENT,EQUIVALENT,FAVOR,False,MODEL_JUDGMENT
human_human_expansion,3ebdfd5f91baeb30,b,,Deve ser criada uma subcomissão para acompanhar a implementação das leis e políticas públicas já aprovadas para pessoas com autismo.,FAVOR,A Comissão deve criar uma subcomissão para acompanhar se as leis sobre autismo estão sendo cumpridas,FAVOR,EQUIVALENT,EQUIVALENT,EQUIVALENT,FAVOR,False,MODEL_JUDGMENT
human_human_expansion,3f649c16713f4c6f,a,,"Os recursos das políticas para mulheres devem ser geridos diretamente pelo Ministério das Mulheres, e não pelo Ministério da Justiça.",FAVOR,O dinheiro das patrulhas e da Casa da Mulher Brasileira deve ficar com o Ministério das Mulheres,FAVOR,EQUIVALENT,EQUIVALENT,EQUIVALENT,FAVOR,False,MODEL_JUDGMENT
human_human_expansion,3f649c16713f4c6f,b,,Devem ser criadas políticas públicas de atenção à saúde das mulheres no climatério e na menopausa.,FAVOR,O Brasil deve criar políticas públicas para cuidar da saúde das mulheres na menopausa,FAVOR,EQUIVALENT,EQUIVALENT,EQUIVALENT,FAVOR,False,MODEL_JUDGMENT
human_human_expansion,406f53bbc7b4086a,a,,Pessoas autistas não devem ser tratadas como um fardo,FAVOR,Pessoas autistas conseguem ocupar espaços importantes na sociedade se tiverem apoio e acessibilidade,FAVOR,EQUIVALENT,DIFFERENT,UNCERTAIN,FAVOR,False,MODEL_JUDGMENT
human_human_expansion,406f53bbc7b4086a,b,,O suporte à pessoa autista não deve acabar aos 18 anos,FAVOR,"O autismo deve ser visto como uma neurodiversidade, com respeito às diferenças de cada pessoa autista",FAVOR,DIFFERENT,DIFFERENT,DIFFERENT,FAVOR,False,MODEL_JUDGMENT
human_human_expansion,42af9ecf027d72bc,a,,A Classificação Internacional de Funcionalidade deve ser incorporada à Classificação Internacional de Doenças.,FAVOR,A Classificação Internacional de Funcionalidade deve ser usada junto com a Classificação Internacional de Doenças,FAVOR,EQUIVALENT,EQUIVALENT,EQUIVALENT,FAVOR,False,MODEL_JUDGMENT
human_human_expansion,42af9ecf027d72bc,b,,O cuidado com as pessoas pode ser apropriado pelo mercado.,AGAINST,O cuidado com as pessoas pode ser tratado como um negócio,AGAINST,EQUIVALENT,EQUIVALENT,EQUIVALENT,AGAINST,False,MODEL_JUDGMENT
human_human_expansion,56076bd074c74d1a,a,,"O Brasil deve avançar no uso de tecnologias de registros distribuídos, como a blockchain.",FAVOR,O Brasil deve acompanhar os outros países no uso de blockchains,FAVOR,EQUIVALENT,EQUIVALENT,EQUIVALENT,FAVOR,False,MODEL_JUDGMENT
human_human_expansion,56076bd074c74d1a,b,,O Parlamento deve apoiar o fortalecimento da ANPD para proteger os dados pessoais dos cidadãos.,FAVOR,O Parlamento deve fortalecer a ANPD para que ela proteja melhor os dados dos cidadãos,FAVOR,EQUIVALENT,EQUIVALENT,EQUIVALENT,FAVOR,False,MODEL_JUDGMENT
human_human_expansion,597ab529d9e58c55,a,,A atual gestão do Ministério da Saúde está recuperando os hospitais federais do Rio de Janeiro.,FAVOR,A gestão atual está recuperando os hospitais federais do Rio de Janeiro,FAVOR,EQUIVALENT,EQUIVALENT,EQUIVALENT,FAVOR,False,MODEL_JUDGMENT
human_human_expansion,597ab529d9e58c55,b,,O PAC traz resultados positivos para a saúde no Brasil,FAVOR,A gestão atual está recuperando os hospitais federais do Rio de Janeiro,FAVOR,DIFFERENT,DIFFERENT,DIFFERENT,FAVOR,False,MODEL_JUDGMENT
human_human_expansion,62551a12ba0d40a1,a,,O Estado brasileiro deve se preparar para o envelhecimento da população.,FAVOR,O Estado brasileiro deve se preparar para o envelhecimento da população,FAVOR,EQUIVALENT,EQUIVALENT,EQUIVALENT,FAVOR,False,MODEL_JUDGMENT
human_human_expansion,62551a12ba0d40a1,b,,Os danos da mineração às populações atingidas são um problema antigo e negligenciado pela sociedade.,FAVOR,Os danos da mineração à população recebem a atenção que merecem,AGAINST,OPPOSITE_POLARITY,OPPOSITE_POLARITY,OPPOSITE_POLARITY,FAVOR,False,MODEL_JUDGMENT
human_human_expansion,6a7b7af41cec3ff3,a,,O cartão de crédito consignado precisa ser regulamentado,FAVOR,O cartão consignado é uma forma segura de crédito para o servidor,AGAINST,DIFFERENT,DIFFERENT,DIFFERENT,AGAINST,False,MODEL_JUDGMENT
human_human_expansion,6a7b7af41cec3ff3,b,,"Professores devem poder escolher sua carga horária, inclusive acumulando dois cargos públicos.",FAVOR,Professores da rede pública devem poder ter um segundo cargo público em qualquer área,FAVOR,DIFFERENT,EQUIVALENT,UNCERTAIN,FAVOR,False,MODEL_JUDGMENT
human_human_expansion,8034e650e53050e1,a,,Deve-se investir recursos para prevenção e resposta a desastres.,FAVOR,O Congresso deve derrubar o veto ao projeto que garante recursos contra desastres,FAVOR,EQUIVALENT,DIFFERENT,UNCERTAIN,FAVOR,False,MODEL_JUDGMENT
human_human_expansion,8034e650e53050e1,b,,é necessário preparar e conseguir infraestrutura para evitar que os desastres criem tantas mortes e é preciso também evitar que os próprios desastres aconteçam,FAVOR,Os desastres climáticos também são causados pela desigualdade e atingem mais os pobres e a população negra,FAVOR,DIFFERENT,DIFFERENT,DIFFERENT,FAVOR,False,MODEL_JUDGMENT
human_human_expansion,87fa10a79fe070e0,b,,A mineração mata e deve mudar.,FAVOR,O novo acordo de reparação de Mariana deve ser fechado logo,FAVOR,DIFFERENT,DIFFERENT,DIFFERENT,FAVOR,False,MODEL_JUDGMENT
human_human_expansion,892d7d3a6e934091,a,,A vacina para Covid-9 deve ser obrigatória para crianças,FAVOR,A Câmara e o Estado devem evitar que a cobertura vacinal caia ainda mais,FAVOR,DIFFERENT,DIFFERENT,DIFFERENT,FAVOR,False,MODEL_JUDGMENT
human_human_expansion,892d7d3a6e934091,b,,Campanhas contra a vacina da Covid-19 para crianças não devem ser admitidas.,FAVOR,O Brasil deve enfrentar o movimento antivacina e recuperar a cobertura de vacinação do povo,FAVOR,EQUIVALENT,DIFFERENT,UNCERTAIN,FAVOR,False,MODEL_JUDGMENT
human_human_expansion,8b9017a72effb414,a,,Devemos pensar em políticas públicas para as pessoas idosas,FAVOR,O preconceito contra idosos continua presente na sociedade e se espalhando,FAVOR,DIFFERENT,DIFFERENT,DIFFERENT,FAVOR,False,MODEL_JUDGMENT
human_human_expansion,8b9017a72effb414,b,,A Convenção Interamericana sobre a Proteção dos Direitos Humanos dos Idosos deve ser aprovada.,FAVOR,A Convenção Interamericana dos direitos das pessoas idosas deve ser aprovada como emenda constitucional,FAVOR,DIFFERENT,EQUIVALENT,UNCERTAIN,FAVOR,False,MODEL_JUDGMENT
human_human_expansion,8c2dfcbfad142a02,a,,O bem-estar animal é um componente essencial da sustentabilidade e da saúde única.,FAVOR,Cuidar do bem-estar dos animais ajuda a proteger o meio ambiente e a saúde humana,FAVOR,EQUIVALENT,EQUIVALENT,EQUIVALENT,FAVOR,False,MODEL_JUDGMENT
human_human_expansion,8c2dfcbfad142a02,b,,Políticas de bem-estar animal são importantes sobretudo para a preservação da vida humana na Terra.,FAVOR,Cuidar do bem-estar dos animais também é proteger a vida humana,FAVOR,EQUIVALENT,EQUIVALENT,EQUIVALENT,FAVOR,False,MODEL_JUDGMENT
human_human_expansion,90a4cc8b19325243,a,,A área da saúde deve dar mais atenção ao impacto da desigualdade social na ampliação dos riscos sanitários.,FAVOR,A área da saúde deve dar mais atenção a como a desigualdade social aumenta riscos para a população,FAVOR,EQUIVALENT,EQUIVALENT,EQUIVALENT,FAVOR,False,MODEL_JUDGMENT
human_human_expansion,90a4cc8b19325243,b,,Campanhas contra a vacina da Covid-19 para crianças não devem ser admitidas.,FAVOR,O Brasil deve enfrentar o movimento antivacina e recuperar a cobertura de vacinação do povo,FAVOR,EQUIVALENT,DIFFERENT,UNCERTAIN,FAVOR,False,MODEL_JUDGMENT
human_human_expansion,982501e57fbbcdcc,a,,O poder público deve priorizar investimentos na prevenção de desastres,FAVOR,O poder público deve investir mais em prevenir desastres ao invés de agir só reativamente,FAVOR,EQUIVALENT,EQUIVALENT,EQUIVALENT,FAVOR,False,MODEL_JUDGMENT
human_human_expansion,982501e57fbbcdcc,b,,Deve haver recursos orçamentários permanentes para a prevenção de desastres.,FAVOR,O Fundo de Calamidade Pública deve ter orçamento para prevenir e responder a desastres,FAVOR,EQUIVALENT,EQUIVALENT,EQUIVALENT,FAVOR,False,MODEL_JUDGMENT
human_human_expansion,99ca50f2ecb70ba4,a,,O IBAMA não cria obstáculos indevidos ao licenciamento da Petrobras.,FAVOR,O IBAMA dificulta de propósito as licenças da Petrobras,AGAINST,OPPOSITE_POLARITY,OPPOSITE_POLARITY,OPPOSITE_POLARITY,FAVOR,False,MODEL_JUDGMENT
human_human_expansion,99ca50f2ecb70ba4,b,,O IBAMA não cria obstáculos indevidos ao licenciamento da Petrobras.,FAVOR,O IBAMA dificulta de propósito as licenças da Petrobras,AGAINST,OPPOSITE_POLARITY,OPPOSITE_POLARITY,OPPOSITE_POLARITY,FAVOR,False,MODEL_JUDGMENT
human_human_expansion,9b028d8dc263fd18,a,,ICTs públicas devem ter autonomia,FAVOR,As ICTs públicas devem ter autonomia de gestão e de orçamento,FAVOR,EQUIVALENT,EQUIVALENT,EQUIVALENT,FAVOR,False,MODEL_JUDGMENT
human_human_expansion,9b028d8dc263fd18,b,,O PL da Lei do Bem deve ser aprovado,FAVOR,A Câmara deve votar o projeto que muda a Lei do Bem,FAVOR,EQUIVALENT,DIFFERENT,UNCERTAIN,FAVOR,False,MODEL_JUDGMENT
human_human_expansion,a9bdcddb335a5a07,a,,Políticas de independência econômica para mulheres vítimas de violência devem ser adotadas para interromper o ciclo da violência.,FAVOR,O poder público deve ajudar mulheres vítimas de violência a conquistar renda própria e romper o ciclo da violência,FAVOR,EQUIVALENT,EQUIVALENT,EQUIVALENT,FAVOR,False,MODEL_JUDGMENT
human_human_expansion,a9bdcddb335a5a07,b,,"Os recursos das políticas para mulheres devem ser geridos diretamente pelo Ministério das Mulheres, e não pelo Ministério da Justiça.",FAVOR,O dinheiro das patrulhas e da Casa da Mulher Brasileira deve ficar com o Ministério das Mulheres,FAVOR,EQUIVALENT,EQUIVALENT,EQUIVALENT,FAVOR,False,MODEL_JUDGMENT
human_human_expansion,b4a84fb6380ec371,a,,As políticas públicas devem enfrentar os efeitos do racismo desde a primeira infância.,FAVOR,O combate ao racismo deve começar já nos serviços públicos para crianças pequenas,FAVOR,EQUIVALENT,EQUIVALENT,EQUIVALENT,FAVOR,False,MODEL_JUDGMENT
human_human_expansion,b4a84fb6380ec371,b,,"Devmos enfrentar o racismo, em especial a mulheres durante a educação",FAVOR,O Governo Federal agiu bem na educação durante a pandemia,AGAINST,DIFFERENT,DIFFERENT,DIFFERENT,AGAINST,False,MODEL_JUDGMENT
human_human_expansion,e13d509a937ffa5f,a,,Os contratos de seguro de vida para idosos são abusivos,FAVOR,Os contratos dados para os idosos trazem informações claras e fáceis de entender,AGAINST,OPPOSITE_POLARITY,OPPOSITE_POLARITY,OPPOSITE_POLARITY,FAVOR,False,MODEL_JUDGMENT
human_human_expansion,e13d509a937ffa5f,b,,Devemos combater a obsolescência programada,FAVOR,"O fabricante deve continuar tendo que consertar um produto que foi feito para durar menos, mesmo depois que a garantia dele acabar",FAVOR,EQUIVALENT,EQUIVALENT,EQUIVALENT,FAVOR,False,MODEL_JUDGMENT
human_human_expansion,e2e808118c9ee9de,a,,"O Ministério da Saúde se omitiu no financiamento do tratamento da retinopatia diabética, transferindo o problema a estados e municípios.",FAVOR,O Ministério da Saúde faz a sua parte no tratamento da retinopatia diabética,AGAINST,OPPOSITE_POLARITY,OPPOSITE_POLARITY,OPPOSITE_POLARITY,FAVOR,False,MODEL_JUDGMENT
human_human_expansion,e2e808118c9ee9de,b,,O SUS precisa de ajustes para lidar melhor com doenças cardíacas complexas,FAVOR,As doenças do coração que surgem com o envelhecimento devem ser mais divulgadas,FAVOR,DIFFERENT,DIFFERENT,DIFFERENT,FAVOR,False,MODEL_JUDGMENT
human_human_expansion,f8189fa4faeb557c,a,,"Se o Brasil não estiver atento a questão de inovação e desenvolvimento científico, nós vamos ficar para trás",FAVOR,Institutos públicos de pesquisa devem poder comprar sem concorrência os equipamentos que só um fabricante produz,FAVOR,DIFFERENT,DIFFERENT,DIFFERENT,FAVOR,False,MODEL_JUDGMENT
human_human_expansion,f8189fa4faeb557c,b,,Faltam instituições que façam a ponte entre a academia e o setor produtivo,FAVOR,Institutos públicos de pesquisa devem continuar podendo contratar empresas diretamente para desenvolver equipamentos (como a lei já permite),FAVOR,DIFFERENT,DIFFERENT,DIFFERENT,FAVOR,False,MODEL_JUDGMENT
human_human_expansion,ffe531755c6def2e,a,,O projeto de lei atual que regulamenta o trabalho de motoristas de aplicativo deve ser aprovado.,AGAINST,A Câmara deve aprovar o projeto que regulamenta o trabalho dos motoristas de aplicativo,AGAINST,EQUIVALENT,EQUIVALENT,EQUIVALENT,AGAINST,False,MODEL_JUDGMENT
human_human_expansion,ffe531755c6def2e,b,,O projeto de lei atual que regulamenta o trabalho de motoristas de aplicativo deve ser aprovado.,AGAINST,A Câmara deve aprovar o projeto que regulamenta o trabalho dos motoristas de aplicativo,FAVOR,EQUIVALENT,EQUIVALENT,EQUIVALENT,FAVOR,False,MODEL_JUDGMENT
model_vs_gold_pilot,0138e27cd0f53d95,a,Qwen/Qwen2.5-72B-Instruct,Aprovação da Convenção Interamericana sobre a Proteção dos Direitos Humanos dos Idosos,FAVOR,O Brasil deve aprovar a Convenção Interamericana sobre a Proteção dos Direitos Humanos dos Idosos,FAVOR,EQUIVALENT,EQUIVALENT,EQUIVALENT,FAVOR,False,MODEL_JUDGMENT
model_vs_gold_pilot,0138e27cd0f53d95,b,Qwen/Qwen2.5-72B-Instruct,Consolidação de políticas públicas para idosos no contexto dos 20 anos do Estatuto do Idoso,FAVOR,Os direitos do Estatuto da Pessoa Idosa devem ser postos em prática,FAVOR,EQUIVALENT,EQUIVALENT,EQUIVALENT,FAVOR,False,MODEL_JUDGMENT
model_vs_gold_pilot,263f772b51bf1354,a,Qwen/Qwen2.5-72B-Instruct,O envelhecimento da população brasileira é um ganho das políticas públicas e requer um planejamento interdisciplinar e inclusivo.,FAVOR,O país deve planejar políticas públicas para o envelhecimento da população,FAVOR,EQUIVALENT,EQUIVALENT,EQUIVALENT,FAVOR,False,MODEL_JUDGMENT
model_vs_gold_pilot,263f772b51bf1354,b,Qwen/Qwen2.5-72B-Instruct,O envelhecimento da população brasileira é um ganho das políticas públicas e requer um planejamento interdisciplinar e inclusivo.,FAVOR,Gestores municipais devem tratar a política para a pessoa idosa com mais importância.,FAVOR,DIFFERENT,DIFFERENT,DIFFERENT,FAVOR,False,MODEL_JUDGMENT
model_vs_gold_pilot,2a22c99d1d3a678c,a,Qwen/Qwen2.5-72B-Instruct,"O atendimento primário deve resolver o problema da retinopatia diabética, mas há entraves na fila de espera para atendimento especializado.",FAVOR,Os pacientes diagnosticados com retinopatia diabética conseguem acompanhamento em tempo hábil pelo SUS,AGAINST,OPPOSITE_POLARITY,OPPOSITE_POLARITY,OPPOSITE_POLARITY,FAVOR,False,MODEL_JUDGMENT
model_vs_gold_pilot,2a22c99d1d3a678c,b,Qwen/Qwen2.5-72B-Instruct,"O SUS deve revisar e atualizar seus protocolos clínicos para incluir diretrizes claras e abrangentes para o diagnóstico, tratamento e acompanhamento do edema macular diabético.",FAVOR,O SUS precisa atualizar a forma como acompanha quem tem edema macular diabético,FAVOR,EQUIVALENT,EQUIVALENT,EQUIVALENT,FAVOR,False,MODEL_JUDGMENT
model_vs_gold_pilot,2e42e8583aea6939,a,Qwen/Qwen2.5-72B-Instruct,Ampliar o orçamento para o programa de combate à tuberculose,FAVOR,O Brasil deve aumentar o orçamento para o combate à tuberculose,FAVOR,EQUIVALENT,EQUIVALENT,EQUIVALENT,FAVOR,False,MODEL_JUDGMENT
model_vs_gold_pilot,2e42e8583aea6939,b,Qwen/Qwen2.5-72B-Instruct,Focar no Amazonas como projeto-piloto para a erradicação da tuberculose,FAVOR,O Amazonas deve ser o estado piloto para reunir as ações contra a tuberculose,FAVOR,EQUIVALENT,EQUIVALENT,EQUIVALENT,FAVOR,False,MODEL_JUDGMENT
model_vs_gold_pilot,3459768d16f576e5,a,Qwen/Qwen2.5-72B-Instruct,O saque-aniversário do FGTS deve ser mantido,FAVOR,O governo deve acabar com o saque-aniversário do FGTS,AGAINST,OPPOSITE_POLARITY,OPPOSITE_POLARITY,OPPOSITE_POLARITY,FAVOR,False,MODEL_JUDGMENT
model_vs_gold_pilot,3459768d16f576e5,b,Qwen/Qwen2.5-72B-Instruct,O saque-aniversário do FGTS deve ser mantido e aprimorado,FAVOR,O governo deve acabar com o saque-aniversário do FGTS,AGAINST,OPPOSITE_POLARITY,OPPOSITE_POLARITY,OPPOSITE_POLARITY,FAVOR,False,MODEL_JUDGMENT
model_vs_gold_pilot,36e4b11ff6345a11,a,Qwen/Qwen2.5-72B-Instruct,Reconstrução do sistema de saúde e retomada do diálogo com entes federados,FAVOR,O Ministério da Saúde voltou a coordenar o SUS junto aos Estados e Municípios e a resposta foi positiva,FAVOR,EQUIVALENT,DIFFERENT,UNCERTAIN,FAVOR,False,MODEL_JUDGMENT
model_vs_gold_pilot,36e4b11ff6345a11,b,Qwen/Qwen2.5-72B-Instruct,Reconstrução dos espaços de participação social e retomada de investimentos em políticas sociais,FAVOR,O governo está reabrindo espaço pra sociedade participar das políticas públicas,FAVOR,EQUIVALENT,EQUIVALENT,EQUIVALENT,FAVOR,False,MODEL_JUDGMENT
model_vs_gold_pilot,36fb1e1240a12ac4,a,Qwen/Qwen2.5-72B-Instruct,Criar uma legislação específica do sistema prisional carcerário para as questões indígenas,FAVOR,Deve existir uma lei específica para pessoas indígenas presas,FAVOR,EQUIVALENT,EQUIVALENT,EQUIVALENT,FAVOR,False,MODEL_JUDGMENT
model_vs_gold_pilot,36fb1e1240a12ac4,b,Qwen/Qwen2.5-72B-Instruct,Aprovar o Projeto de Lei 4347/21 para tornar permanente a Política Nacional de Gestão Territorial e Ambiental das Terras Indígenas,FAVOR,Presença do agronegócio e mineração em terras indígenas.,AGAINST,DIFFERENT,DIFFERENT,DIFFERENT,AGAINST,False,MODEL_JUDGMENT
model_vs_gold_pilot,4cffd4e8a3906c01,a,Qwen/Qwen2.5-72B-Instruct,"O Poder Judiciário, especialmente o Supremo, deve evitar legislar e se limitar a julgar casos concretos.",FAVOR,"O STF deve evitar o ativismo judicial, deixando ao Legislativo a criação e a modificação de leis.",FAVOR,EQUIVALENT,EQUIVALENT,EQUIVALENT,FAVOR,False,MODEL_JUDGMENT
model_vs_gold_pilot,4cffd4e8a3906c01,b,Qwen/Qwen2.5-72B-Instruct,As concessionárias de energia elétrica devem cumprir a lei e ser fiscalizadas de forma mais rigorosa.,FAVOR,O governo precisa cobrar mais das distribuidoras de energia na antes de renovar as suas concessões,FAVOR,EQUIVALENT,EQUIVALENT,EQUIVALENT,FAVOR,False,MODEL_JUDGMENT
model_vs_gold_pilot,8f79764e69daadf2,b,Qwen/Qwen2.5-72B-Instruct,Políticas integrativas e transversais para o envelhecimento saudável,FAVOR,A pauta da pessoa idosa deve ser uma prioridade para os gestores municipais,FAVOR,DIFFERENT,DIFFERENT,DIFFERENT,FAVOR,False,MODEL_JUDGMENT
model_vs_gold_pilot,af4d70f0c140e9c9,a,Qwen/Qwen2.5-72B-Instruct,É necessário mudar o Código Penal e fazer um trabalho conjunto para combater a violência nas escolas.,FAVOR,O país precisa regular as redes sociais pra frear o discurso de ódio,FAVOR,DIFFERENT,DIFFERENT,DIFFERENT,FAVOR,False,MODEL_JUDGMENT
model_vs_gold_pilot,af4d70f0c140e9c9,b,Qwen/Qwen2.5-72B-Instruct,É necessário direcionar recursos orçamentários para prevenção e combate à violência contra crianças e adolescentes.,FAVOR,O orçamento federal deve destinar recursos específicos para prevenção da violência contra crianças e adolescentes.,FAVOR,EQUIVALENT,EQUIVALENT,EQUIVALENT,FAVOR,False,MODEL_JUDGMENT
model_vs_gold_pilot,d3769de977ace19d,a,Qwen/Qwen2.5-72B-Instruct,Criar fontes de recursos específicas para a prevenção de desastres naturais,FAVOR,O país deve destinar recursos para previnir desastres,FAVOR,EQUIVALENT,EQUIVALENT,EQUIVALENT,FAVOR,False,MODEL_JUDGMENT
model_vs_gold_pilot,d3769de977ace19d,b,Qwen/Qwen2.5-72B-Instruct,Criar fontes de recursos específicas para a prevenção de desastres naturais,FAVOR,Devem haver recursos específicos alocados para a prevenção de desastres,FAVOR,EQUIVALENT,EQUIVALENT,EQUIVALENT,FAVOR,False,MODEL_JUDGMENT
model_vs_gold_pilot,d4c07b40fb424a0c,a,Qwen/Qwen2.5-72B-Instruct,Vacinação obrigatória contra a COVID-19 em crianças de 6 meses a 5 anos,AGAINST,A vacina contra a Covid-19 deve ser obrigatória para crianças de 6 meses a 5 anos,AGAINST,EQUIVALENT,EQUIVALENT,EQUIVALENT,AGAINST,False,MODEL_JUDGMENT
model_vs_gold_pilot,d4c07b40fb424a0c,b,Qwen/Qwen2.5-72B-Instruct,Vacinação obrigatória contra a COVID-19 em crianças de 6 meses a 5 anos,AGAINST,A vacina contra a Covid-19 deve ser obrigatória para crianças (não menciona idade diretamente),AGAINST,EQUIVALENT,EQUIVALENT,EQUIVALENT,AGAINST,False,MODEL_JUDGMENT
model_vs_gold_pilot,d4e87de87b4f3431,a,Qwen/Qwen2.5-72B-Instruct,A contratação da empresa Global X para fornecimento de insulina rápida é questionável devido a irregularidades.,AGAINST,Foi adequada a contratação dessa empresa pelo Ministério da Saúde.,AGAINST,OPPOSITE_POLARITY,OPPOSITE_POLARITY,OPPOSITE_POLARITY,FAVOR,False,MODEL_JUDGMENT
model_vs_gold_pilot,d4e87de87b4f3431,b,Qwen/Qwen2.5-72B-Instruct,"O Ministério deve ser mais criterioso na verificação e aprovação de despesas, especialmente com pessoas com histórico criminal.",AGAINST,O Ministério verifica quem recebe diárias e passagens,AGAINST,DIFFERENT,DIFFERENT,DIFFERENT,AGAINST,False,MODEL_JUDGMENT
model_vs_gold_pilot,de54c782d361768c,a,Qwen/Qwen2.5-72B-Instruct,Políticas públicas de proteção e independência econômica para mulheres vítimas de violência,FAVOR,Políticas de independência econômica para mulheres vítimas de violência devem ser adotadas para interromper o ciclo da violência.,FAVOR,EQUIVALENT,EQUIVALENT,EQUIVALENT,FAVOR,False,MODEL_JUDGMENT
model_vs_gold_pilot,de54c782d361768c,b,Qwen/Qwen2.5-72B-Instruct,Criação de políticas públicas para a saúde da mulher no climatério e menopausa,FAVOR,Deve ser criado um programa público focado na saúde das mulheres na menopausa,FAVOR,EQUIVALENT,EQUIVALENT,EQUIVALENT,FAVOR,False,MODEL_JUDGMENT
model_vs_gold_pilot,e001ebac1d8033f1,a,Qwen/Qwen2.5-72B-Instruct,"Criar um arcabouço legal que inclua um sistema nacional de apoio a vítimas de desastres, incluindo recuperação econômica e auxílio emergencial.",FAVOR,"Deve ser criado um sistema nacional de apoio a vítimas de desastres, integrado ao Sistema Nacional de Proteção e Defesa Civil.",FAVOR,EQUIVALENT,EQUIVALENT,EQUIVALENT,FAVOR,False,MODEL_JUDGMENT
model_vs_gold_pilot,e001ebac1d8033f1,b,Qwen/Qwen2.5-72B-Instruct,Criar um arcabouço legal que inclua a participação do Ministério do Desenvolvimento Social para proteger os cidadãos mais vulneráveis em desastres naturais.,FAVOR,O país precisa proteger os mais vulneráveis quando acontecem desastres,FAVOR,EQUIVALENT,EQUIVALENT,EQUIVALENT,FAVOR,False,MODEL_JUDGMENT
model_vs_gold_pilot,e6a308550846aa5f,b,Qwen/Qwen2.5-72B-Instruct,"Critérios para avançar no uso de biometano incluem disponibilidade, densidade energética, maturidade tecnológica, segurança, custo e sustentabilidade local",FAVOR,Precisam haver critérios claros para a escolha de novos combustíveis não fósseis.,FAVOR,EQUIVALENT,DIFFERENT,UNCERTAIN,FAVOR,False,MODEL_JUDGMENT
model_vs_gold_pilot,ebcdef50abd4418f,a,Qwen/Qwen2.5-72B-Instruct,"Políticas públicas e planos multifacetados são necessários para proteger mulheres e crianças indígenas, incluindo a demarcação e proteção de territórios indígenas.",FAVOR,Deve haver um plano de proteção para mulheres e crianças indígenas,FAVOR,EQUIVALENT,EQUIVALENT,EQUIVALENT,FAVOR,False,MODEL_JUDGMENT
model_vs_gold_pilot,ebcdef50abd4418f,b,Qwen/Qwen2.5-72B-Instruct,Planos e Conselhos são importantes para assegurar a intersetorialidade e participação da sociedade civil na implementação de políticas públicas para a população LGBTQIA+.,FAVOR,Precisam ser criados planos e conselhos para a população LGBTQIA+,FAVOR,EQUIVALENT,EQUIVALENT,EQUIVALENT,FAVOR,False,MODEL_JUDGMENT
model_vs_gold_pilot,0138e27cd0f53d95,a,meta-llama/Llama-3.3-70B-Instruct-Turbo,Aprovação da Convenção Interamericana sobre a Proteção dos Direitos Humanos dos Idosos,FAVOR,O Brasil deve aprovar a Convenção Interamericana sobre a Proteção dos Direitos Humanos dos Idosos,FAVOR,EQUIVALENT,EQUIVALENT,EQUIVALENT,FAVOR,False,MODEL_JUDGMENT
model_vs_gold_pilot,0138e27cd0f53d95,b,meta-llama/Llama-3.3-70B-Instruct-Turbo,Consolidação de políticas públicas para idosos no contexto dos 20 anos do Estatuto do Idoso,FAVOR,Os direitos do Estatuto da Pessoa Idosa devem ser postos em prática,FAVOR,EQUIVALENT,EQUIVALENT,EQUIVALENT,FAVOR,False,MODEL_JUDGMENT
model_vs_gold_pilot,24c599750bdd544f,a,meta-llama/Llama-3.3-70B-Instruct-Turbo,Regulamentação dos mercados digitais no Brasil,FAVOR,O país deve ter uma lei para os mercados digitais sem criar mais burocracia,FAVOR,EQUIVALENT,EQUIVALENT,EQUIVALENT,FAVOR,False,MODEL_JUDGMENT
model_vs_gold_pilot,24c599750bdd544f,b,meta-llama/Llama-3.3-70B-Instruct-Turbo,Regulamentação dos mercados digitais,FAVOR,Precisam ser criadas novas regras para os mercados digitais para garantir a livre concorrência e proteção dos consumidores,FAVOR,EQUIVALENT,EQUIVALENT,EQUIVALENT,FAVOR,False,MODEL_JUDGMENT
model_vs_gold_pilot,263f772b51bf1354,a,meta-llama/Llama-3.3-70B-Instruct-Turbo,O Estado deve priorizar políticas para o envelhecimento saudável da população,FAVOR,O país deve planejar políticas públicas para o envelhecimento da população,FAVOR,EQUIVALENT,EQUIVALENT,EQUIVALENT,FAVOR,False,MODEL_JUDGMENT
model_vs_gold_pilot,263f772b51bf1354,b,meta-llama/Llama-3.3-70B-Instruct-Turbo,O G20 deve incluir a agenda do envelhecimento saudável em suas discussões,FAVOR,Gestores municipais devem tratar a política para a pessoa idosa com mais importância.,FAVOR,DIFFERENT,DIFFERENT,DIFFERENT,FAVOR,False,MODEL_JUDGMENT
model_vs_gold_pilot,2a22c99d1d3a678c,a,meta-llama/Llama-3.3-70B-Instruct-Turbo,O atendimento primário deve resolver o problema da retinopatia diabética,FAVOR,Os pacientes diagnosticados com retinopatia diabética conseguem acompanhamento em tempo hábil pelo SUS,AGAINST,DIFFERENT,DIFFERENT,DIFFERENT,AGAINST,False,MODEL_JUDGMENT
model_vs_gold_pilot,2a22c99d1d3a678c,b,meta-llama/Llama-3.3-70B-Instruct-Turbo,"O SUS deve revisar e atualizar seus protocolos clínicos para incluir diretrizes claras e abrangentes para o diagnóstico, tratamento e acompanhamento do edema macular",FAVOR,O SUS precisa atualizar a forma como acompanha quem tem edema macular diabético,FAVOR,EQUIVALENT,EQUIVALENT,EQUIVALENT,FAVOR,False,MODEL_JUDGMENT
model_vs_gold_pilot,2e42e8583aea6939,a,meta-llama/Llama-3.3-70B-Instruct-Turbo,Aumento do orçamento para combater a tuberculose no Brasil,FAVOR,O Brasil deve aumentar o orçamento para o combate à tuberculose,FAVOR,EQUIVALENT,EQUIVALENT,EQUIVALENT,FAVOR,False,MODEL_JUDGMENT
model_vs_gold_pilot,2e42e8583aea6939,b,meta-llama/Llama-3.3-70B-Instruct-Turbo,Erradicação da tuberculose no Amazonas como projeto-piloto,FAVOR,O Amazonas deve ser o estado piloto para reunir as ações contra a tuberculose,FAVOR,EQUIVALENT,EQUIVALENT,EQUIVALENT,FAVOR,False,MODEL_JUDGMENT
model_vs_gold_pilot,3459768d16f576e5,a,meta-llama/Llama-3.3-70B-Instruct-Turbo,O saque-aniversário do FGTS não deve ser substituído,FAVOR,O governo deve acabar com o saque-aniversário do FGTS,AGAINST,OPPOSITE_POLARITY,OPPOSITE_POLARITY,OPPOSITE_POLARITY,FAVOR,False,MODEL_JUDGMENT
model_vs_gold_pilot,3459768d16f576e5,b,meta-llama/Llama-3.3-70B-Instruct-Turbo,O saque-aniversário do FGTS não deve ser substituído por um empréstimo consignado sem opções para o trabalhador,FAVOR,O governo deve acabar com o saque-aniversário do FGTS,AGAINST,OPPOSITE_POLARITY,DIFFERENT,UNCERTAIN,AGAINST,False,MODEL_JUDGMENT
model_vs_gold_pilot,36e4b11ff6345a11,a,meta-llama/Llama-3.3-70B-Instruct-Turbo,Reconstrução do Sistema Único de Saúde,FAVOR,O Ministério da Saúde voltou a coordenar o SUS junto aos Estados e Municípios e a resposta foi positiva,FAVOR,DIFFERENT,DIFFERENT,DIFFERENT,FAVOR,False,MODEL_JUDGMENT
model_vs_gold_pilot,36e4b11ff6345a11,b,meta-llama/Llama-3.3-70B-Instruct-Turbo,Reconstrução dos direitos humanos e sociais,FAVOR,O governo está reabrindo espaço pra sociedade participar das políticas públicas,FAVOR,EQUIVALENT,DIFFERENT,UNCERTAIN,FAVOR,False,MODEL_JUDGMENT
model_vs_gold_pilot,36fb1e1240a12ac4,a,meta-llama/Llama-3.3-70B-Instruct-Turbo,Legislação específica para o sistema prisional carcerário para questões indígenas,FAVOR,Deve existir uma lei específica para pessoas indígenas presas,FAVOR,EQUIVALENT,EQUIVALENT,EQUIVALENT,FAVOR,False,MODEL_JUDGMENT
model_vs_gold_pilot,36fb1e1240a12ac4,b,meta-llama/Llama-3.3-70B-Instruct-Turbo,Aprovação do Projeto de Lei 4347/21 para tornar permanente a Política Nacional de Gestão Territorial e Ambiental das Terras Indígenas,FAVOR,Presença do agronegócio e mineração em terras indígenas.,AGAINST,DIFFERENT,DIFFERENT,DIFFERENT,AGAINST,False,MODEL_JUDGMENT
model_vs_gold_pilot,4cffd4e8a3906c01,a,meta-llama/Llama-3.3-70B-Instruct-Turbo,O Supremo Tribunal Federal não deve legislar ou modificar leis existentes,AGAINST,"O STF deve evitar o ativismo judicial, deixando ao Legislativo a criação e a modificação de leis.",FAVOR,EQUIVALENT,EQUIVALENT,EQUIVALENT,FAVOR,False,MODEL_JUDGMENT
model_vs_gold_pilot,4cffd4e8a3906c01,b,meta-llama/Llama-3.3-70B-Instruct-Turbo,As concessionárias de energia elétrica devem cumprir a lei e ser fiscalizadas de forma mais firme,FAVOR,O governo precisa cobrar mais das distribuidoras de energia na antes de renovar as suas concessões,FAVOR,EQUIVALENT,EQUIVALENT,EQUIVALENT,FAVOR,False,MODEL_JUDGMENT
model_vs_gold_pilot,8f79764e69daadf2,b,meta-llama/Llama-3.3-70B-Instruct-Turbo,Políticas públicas devem priorizar o envelhecimento saudável,FAVOR,A pauta da pessoa idosa deve ser uma prioridade para os gestores municipais,FAVOR,EQUIVALENT,EQUIVALENT,EQUIVALENT,FAVOR,False,MODEL_JUDGMENT
model_vs_gold_pilot,af4d70f0c140e9c9,a,meta-llama/Llama-3.3-70B-Instruct-Turbo,Deve haver proteção das redes sociais e controle da disseminação de ódio,FAVOR,O país precisa regular as redes sociais pra frear o discurso de ódio,FAVOR,EQUIVALENT,EQUIVALENT,EQUIVALENT,FAVOR,False,MODEL_JUDGMENT
model_vs_gold_pilot,af4d70f0c140e9c9,b,meta-llama/Llama-3.3-70B-Instruct-Turbo,Deve haver alocação de recursos para proteger a infância e adolescência,FAVOR,O orçamento federal deve destinar recursos específicos para prevenção da violência contra crianças e adolescentes.,FAVOR,EQUIVALENT,EQUIVALENT,EQUIVALENT,FAVOR,False,MODEL_JUDGMENT
model_vs_gold_pilot,d3769de977ace19d,a,meta-llama/Llama-3.3-70B-Instruct-Turbo,País deve ter recursos financeiros para prevenção de desastres,FAVOR,O país deve destinar recursos para previnir desastres,FAVOR,EQUIVALENT,EQUIVALENT,EQUIVALENT,FAVOR,False,MODEL_JUDGMENT
model_vs_gold_pilot,d3769de977ace19d,b,meta-llama/Llama-3.3-70B-Instruct-Turbo,País deve ter recursos financeiros para prevenção de desastres,FAVOR,Devem haver recursos específicos alocados para a prevenção de desastres,FAVOR,EQUIVALENT,EQUIVALENT,EQUIVALENT,FAVOR,False,MODEL_JUDGMENT
model_vs_gold_pilot,d4c07b40fb424a0c,a,meta-llama/Llama-3.3-70B-Instruct-Turbo,A vacinação contra Covid-19 em crianças de 6 meses a 5 anos deve ser obrigatória,AGAINST,A vacina contra a Covid-19 deve ser obrigatória para crianças de 6 meses a 5 anos,AGAINST,EQUIVALENT,EQUIVALENT,EQUIVALENT,AGAINST,False,MODEL_JUDGMENT
model_vs_gold_pilot,d4c07b40fb424a0c,b,meta-llama/Llama-3.3-70B-Instruct-Turbo,A vacinação contra Covid-19 em crianças deve ser obrigatória,AGAINST,A vacina contra a Covid-19 deve ser obrigatória para crianças (não menciona idade diretamente),AGAINST,EQUIVALENT,EQUIVALENT,EQUIVALENT,AGAINST,False,MODEL_JUDGMENT
model_vs_gold_pilot,d4e87de87b4f3431,a,meta-llama/Llama-3.3-70B-Instruct-Turbo,O Ministério da Saúde deve avaliar critérios de contratação de empresas para compra de medicamentos,AGAINST,Foi adequada a contratação dessa empresa pelo Ministério da Saúde.,AGAINST,UNCERTAIN,DIFFERENT,UNCERTAIN,AGAINST,False,MODEL_JUDGMENT
model_vs_gold_pilot,d4e87de87b4f3431,b,meta-llama/Llama-3.3-70B-Instruct-Turbo,O Ministério deve ter transparência e critérios claros para o pagamento de diárias e passagens,AGAINST,O Ministério verifica quem recebe diárias e passagens,AGAINST,DIFFERENT,DIFFERENT,DIFFERENT,AGAINST,False,MODEL_JUDGMENT
model_vs_gold_pilot,de54c782d361768c,a,meta-llama/Llama-3.3-70B-Instruct-Turbo,Aumento da proteção às mulheres vítimas de violência,FAVOR,Políticas de independência econômica para mulheres vítimas de violência devem ser adotadas para interromper o ciclo da violência.,FAVOR,DIFFERENT,DIFFERENT,DIFFERENT,FAVOR,False,MODEL_JUDGMENT
model_vs_gold_pilot,de54c782d361768c,b,meta-llama/Llama-3.3-70B-Instruct-Turbo,Implementação de políticas públicas efetivas para a saúde da mulher no climatério e menopausa,FAVOR,Deve ser criado um programa público focado na saúde das mulheres na menopausa,FAVOR,EQUIVALENT,EQUIVALENT,EQUIVALENT,FAVOR,False,MODEL_JUDGMENT
model_vs_gold_pilot,e001ebac1d8033f1,a,meta-llama/Llama-3.3-70B-Instruct-Turbo,Criação de um sistema nacional de apoio a vítimas de desastres,FAVOR,"Deve ser criado um sistema nacional de apoio a vítimas de desastres, integrado ao Sistema Nacional de Proteção e Defesa Civil.",FAVOR,EQUIVALENT,EQUIVALENT,EQUIVALENT,FAVOR,False,MODEL_JUDGMENT
model_vs_gold_pilot,e001ebac1d8033f1,b,meta-llama/Llama-3.3-70B-Instruct-Turbo,Criação de um arcabouço legal para proteger cidadãos vulneráveis em desastres,FAVOR,O país precisa proteger os mais vulneráveis quando acontecem desastres,FAVOR,EQUIVALENT,EQUIVALENT,EQUIVALENT,FAVOR,False,MODEL_JUDGMENT
model_vs_gold_pilot,e6a308550846aa5f,b,meta-llama/Llama-3.3-70B-Instruct-Turbo,O biometano deve ser incentivado como combustível na matriz energética brasileira,FAVOR,Precisam haver critérios claros para a escolha de novos combustíveis não fósseis.,FAVOR,DIFFERENT,DIFFERENT,DIFFERENT,FAVOR,False,MODEL_JUDGMENT
model_vs_gold_pilot,ebcdef50abd4418f,a,meta-llama/Llama-3.3-70B-Instruct-Turbo,Proteção aos povos indígenas e suas terras,FAVOR,Deve haver um plano de proteção para mulheres e crianças indígenas,FAVOR,DIFFERENT,DIFFERENT,DIFFERENT,FAVOR,False,MODEL_JUDGMENT
model_vs_gold_pilot,ebcdef50abd4418f,b,meta-llama/Llama-3.3-70B-Instruct-Turbo,Implementação de políticas públicas para a população LGBTQIA+,FAVOR,Precisam ser criados planos e conselhos para a população LGBTQIA+,FAVOR,EQUIVALENT,EQUIVALENT,EQUIVALENT,FAVOR,False,MODEL_JUDGMENT
model_vs_gold_expansion,42af9ecf027d72bc,a,Qwen/Qwen2.5-72B-Instruct,Inclusão das pessoas com dor crônica no diagnóstico biopsicossocial e políticas multidisciplinares,FAVOR,A Classificação Internacional de Funcionalidade deve ser incorporada à Classificação Internacional de Doenças.,FAVOR,DIFFERENT,DIFFERENT,DIFFERENT,FAVOR,False,MODEL_JUDGMENT
model_vs_gold_expansion,42af9ecf027d72bc,b,Qwen/Qwen2.5-72B-Instruct,Reconhecimento do cuidado como trabalho e asseguramento do direito à aposentadoria das mães cuidadoras,FAVOR,O cuidado com as pessoas pode ser tratado como um negócio,AGAINST,DIFFERENT,DIFFERENT,DIFFERENT,AGAINST,False,MODEL_JUDGMENT
model_vs_gold_expansion,6a7b7af41cec3ff3,a,Qwen/Qwen2.5-72B-Instruct,Regulamentação do empréstimo consignado para servidores públicos deve ser apreciada atentamente devido aos riscos associados.,FAVOR,O cartão consignado é uma forma segura de crédito para o servidor,AGAINST,OPPOSITE_POLARITY,DIFFERENT,UNCERTAIN,AGAINST,False,MODEL_JUDGMENT
model_vs_gold_expansion,6a7b7af41cec3ff3,b,Qwen/Qwen2.5-72B-Instruct,Professores da rede pública devem ter a liberdade de escolher trabalhar em dois cargos públicos diferentes.,FAVOR,"Professores devem poder escolher sua carga horária, inclusive acumulando dois cargos públicos.",FAVOR,EQUIVALENT,EQUIVALENT,EQUIVALENT,FAVOR,False,MODEL_JUDGMENT
model_vs_gold_expansion,9b028d8dc263fd18,a,Qwen/Qwen2.5-72B-Instruct,"Avanços no marco legal da inovação, incluindo maior facilidade de remanejamento de recursos, dedicação de professores a projetos cooperativos, isenção de impostos, participação minoritária do Estado em empresas, contratação direta de ICTs, e outras medidas para melhorar a inovação no Brasil.",FAVOR,As ICTs públicas devem ter autonomia de gestão e de orçamento,FAVOR,EQUIVALENT,DIFFERENT,UNCERTAIN,FAVOR,False,MODEL_JUDGMENT
model_vs_gold_expansion,9b028d8dc263fd18,b,Qwen/Qwen2.5-72B-Instruct,"Aprovação e votação rápida do PL da Lei do Bem para incentivar a inovação e a colaboração entre universidades, empresas e governo.",FAVOR,A Câmara deve votar o projeto que muda a Lei do Bem,FAVOR,EQUIVALENT,EQUIVALENT,EQUIVALENT,FAVOR,False,MODEL_JUDGMENT
model_vs_gold_expansion,1f862b43757396e1,a,Qwen/Qwen2.5-72B-Instruct,Regulamentar o lobby junto ao poder público,FAVOR,O Congresso deve juntar os projetos em debate e aprovar uma regulamentação do lobby,FAVOR,EQUIVALENT,EQUIVALENT,EQUIVALENT,FAVOR,False,MODEL_JUDGMENT
model_vs_gold_expansion,1f862b43757396e1,b,Qwen/Qwen2.5-72B-Instruct,Legislar sobre o trabalho de motoristas de aplicativo,FAVOR,O Congresso deve aprovar uma lei que regulamente o trabalho dos motoristas de aplicativo,FAVOR,EQUIVALENT,EQUIVALENT,EQUIVALENT,FAVOR,False,MODEL_JUDGMENT
model_vs_gold_expansion,3ebdfd5f91baeb30,a,Qwen/Qwen2.5-72B-Instruct,Políticas de fomento cultural devem incluir pessoas com deficiência,FAVOR,Os editais de fomento à cultura devem reservar vagas para artistas com deficiência,FAVOR,EQUIVALENT,EQUIVALENT,EQUIVALENT,FAVOR,False,MODEL_JUDGMENT
model_vs_gold_expansion,3ebdfd5f91baeb30,b,Qwen/Qwen2.5-72B-Instruct,Políticas públicas para pessoas com autismo devem ser implementadas e fiscalizadas,FAVOR,A Comissão deve criar uma subcomissão para acompanhar se as leis sobre autismo estão sendo cumpridas,FAVOR,EQUIVALENT,EQUIVALENT,EQUIVALENT,FAVOR,False,MODEL_JUDGMENT
model_vs_gold_expansion,892d7d3a6e934091,a,Qwen/Qwen2.5-72B-Instruct,Vacinação é segura e importante para a saúde pública,FAVOR,A Câmara e o Estado devem evitar que a cobertura vacinal caia ainda mais,FAVOR,EQUIVALENT,DIFFERENT,UNCERTAIN,FAVOR,False,MODEL_JUDGMENT
model_vs_gold_expansion,892d7d3a6e934091,b,Qwen/Qwen2.5-72B-Instruct,Movimento antivacina é irresponsável e criminoso,AGAINST,O Brasil deve enfrentar o movimento antivacina e recuperar a cobertura de vacinação do povo,FAVOR,EQUIVALENT,DIFFERENT,UNCERTAIN,FAVOR,False,MODEL_JUDGMENT
model_vs_gold_expansion,90a4cc8b19325243,a,Qwen/Qwen2.5-72B-Instruct,Campanha antivacina é preocupante e precisa ser enfrentada,AGAINST,A área da saúde deve dar mais atenção a como a desigualdade social aumenta riscos para a população,FAVOR,DIFFERENT,DIFFERENT,DIFFERENT,FAVOR,False,MODEL_JUDGMENT
model_vs_gold_expansion,90a4cc8b19325243,b,Qwen/Qwen2.5-72B-Instruct,Movimento antivacina é criminosa e irresponsável,AGAINST,O Brasil deve enfrentar o movimento antivacina e recuperar a cobertura de vacinação do povo,FAVOR,EQUIVALENT,DIFFERENT,UNCERTAIN,FAVOR,False,MODEL_JUDGMENT
model_vs_gold_expansion,597ab529d9e58c55,a,Qwen/Qwen2.5-72B-Instruct,Autossuficiência na produção de insumos para a saúde,FAVOR,A gestão atual está recuperando os hospitais federais do Rio de Janeiro,FAVOR,DIFFERENT,DIFFERENT,DIFFERENT,FAVOR,False,MODEL_JUDGMENT
model_vs_gold_expansion,597ab529d9e58c55,b,Qwen/Qwen2.5-72B-Instruct,Combate à desinformação em saúde,FAVOR,A gestão atual está recuperando os hospitais federais do Rio de Janeiro,FAVOR,DIFFERENT,DIFFERENT,DIFFERENT,FAVOR,False,MODEL_JUDGMENT
model_vs_gold_expansion,406f53bbc7b4086a,a,Qwen/Qwen2.5-72B-Instruct,Pessoas autistas devem ser vistas como detentoras de direitos e plenas de cidadania,FAVOR,Pessoas autistas conseguem ocupar espaços importantes na sociedade se tiverem apoio e acessibilidade,FAVOR,EQUIVALENT,DIFFERENT,UNCERTAIN,FAVOR,False,MODEL_JUDGMENT
model_vs_gold_expansion,406f53bbc7b4086a,b,Qwen/Qwen2.5-72B-Instruct,Pessoas autistas devem ser vistas como detentoras de direitos e plenas de cidadania,FAVOR,"O autismo deve ser visto como uma neurodiversidade, com respeito às diferenças de cada pessoa autista",FAVOR,EQUIVALENT,EQUIVALENT,EQUIVALENT,FAVOR,False,MODEL_JUDGMENT
model_vs_gold_expansion,8034e650e53050e1,a,Qwen/Qwen2.5-72B-Instruct,É necessário reservar recursos orçamentários e estruturar as defesas civis para prevenir e responder a desastres socioambientais.,FAVOR,O Congresso deve derrubar o veto ao projeto que garante recursos contra desastres,FAVOR,EQUIVALENT,DIFFERENT,UNCERTAIN,FAVOR,False,MODEL_JUDGMENT
model_vs_gold_expansion,8034e650e53050e1,b,Qwen/Qwen2.5-72B-Instruct,É necessário adotar medidas urgentes para enfrentar as mudanças climáticas e prevenir desastres socioambientais.,FAVOR,Os desastres climáticos também são causados pela desigualdade e atingem mais os pobres e a população negra,FAVOR,DIFFERENT,DIFFERENT,DIFFERENT,FAVOR,False,MODEL_JUDGMENT
model_vs_gold_expansion,e13d509a937ffa5f,a,Qwen/Qwen2.5-72B-Instruct,"Projetos de lei devem garantir maior proteção aos consumidores idosos, especialmente em relação a seguros de vida.",FAVOR,Os contratos de seguro de vida para idosos são abusivos,FAVOR,EQUIVALENT,DIFFERENT,UNCERTAIN,FAVOR,False,MODEL_JUDGMENT
model_vs_gold_expansion,e13d509a937ffa5f,b,Qwen/Qwen2.5-72B-Instruct,Empresas devem ser notificadas para fornecer informações sobre a vida útil estimada de produtos e prazos de peças de reposição.,FAVOR,"O fabricante deve continuar tendo que consertar um produto que foi feito para durar menos, mesmo depois que a garantia dele acabar",FAVOR,DIFFERENT,DIFFERENT,DIFFERENT,FAVOR,False,MODEL_JUDGMENT
model_vs_gold_expansion,b4a84fb6380ec371,a,Qwen/Qwen2.5-72B-Instruct,"Políticas públicas devem incluir a questão racial para garantir o pleno desenvolvimento de crianças negras, indígenas, quilombolas e de terreiros.",FAVOR,O combate ao racismo deve começar já nos serviços públicos para crianças pequenas,FAVOR,EQUIVALENT,EQUIVALENT,EQUIVALENT,FAVOR,False,MODEL_JUDGMENT
model_vs_gold_expansion,b4a84fb6380ec371,b,Qwen/Qwen2.5-72B-Instruct,Políticas educacionais devem ser intersetoriais e incluir ações contra o racismo para garantir a segurança e o desenvolvimento de meninas e mulheres negras.,FAVOR,"Devemos enfrentar o racismo, em especial a mulheres durante a educação",FAVOR,EQUIVALENT,EQUIVALENT,EQUIVALENT,FAVOR,False,MODEL_JUDGMENT
model_vs_gold_expansion,8b9017a72effb414,a,Qwen/Qwen2.5-72B-Instruct,Ratificação da Convenção Interamericana sobre a Proteção dos Direitos Humanos dos Idosos,FAVOR,Devemos pensar em políticas públicas para as pessoas idosas,FAVOR,DIFFERENT,DIFFERENT,DIFFERENT,FAVOR,False,MODEL_JUDGMENT
model_vs_gold_expansion,8b9017a72effb414,b,Qwen/Qwen2.5-72B-Instruct,Ratificação da Convenção Interamericana sobre a Proteção dos Direitos Humanos dos Idosos,FAVOR,A Convenção Interamericana dos direitos das pessoas idosas deve ser aprovada como emenda constitucional,FAVOR,EQUIVALENT,EQUIVALENT,EQUIVALENT,FAVOR,False,MODEL_JUDGMENT
model_vs_gold_expansion,87fa10a79fe070e0,b,Qwen/Qwen2.5-72B-Instruct,A repactuação da reparação em Mariana deve ser concluída,AGAINST,O novo acordo de reparação de Mariana deve ser fechado logo,FAVOR,EQUIVALENT,EQUIVALENT,EQUIVALENT,FAVOR,False,MODEL_JUDGMENT
model_vs_gold_expansion,f8189fa4faeb557c,a,Qwen/Qwen2.5-72B-Instruct,"O Marco Legal da Inovação deve ser operacionalizado para facilitar a colaboração entre universidades, empresas e governo.",FAVOR,Institutos públicos de pesquisa devem poder comprar sem concorrência os equipamentos que só um fabricante produz,FAVOR,DIFFERENT,DIFFERENT,DIFFERENT,FAVOR,False,MODEL_JUDGMENT
model_vs_gold_expansion,f8189fa4faeb557c,b,Qwen/Qwen2.5-72B-Instruct,"A Lei do Bem deve ser aperfeiçoada e aplicada para facilitar a colaboração entre universidades, empresas e governo.",FAVOR,Institutos públicos de pesquisa devem continuar podendo contratar empresas diretamente para desenvolver equipamentos (como a lei já permite),FAVOR,EQUIVALENT,DIFFERENT,UNCERTAIN,FAVOR,False,MODEL_JUDGMENT
model_vs_gold_expansion,982501e57fbbcdcc,a,Qwen/Qwen2.5-72B-Instruct,Investir em prevenção de desastres em vez de focar apenas na pronta resposta,FAVOR,O poder público deve investir mais em prevenir desastres ao invés de agir só reativamente,FAVOR,EQUIVALENT,EQUIVALENT,EQUIVALENT,FAVOR,False,MODEL_JUDGMENT
model_vs_gold_expansion,982501e57fbbcdcc,b,Qwen/Qwen2.5-72B-Instruct,Investir em prevenção de desastres em vez de focar apenas na pronta resposta,FAVOR,O Fundo de Calamidade Pública deve ter orçamento para prevenir e responder a desastres,FAVOR,EQUIVALENT,DIFFERENT,UNCERTAIN,FAVOR,False,MODEL_JUDGMENT
model_vs_gold_expansion,ffe531755c6def2e,a,Qwen/Qwen2.5-72B-Instruct,O projeto de lei deve ser rejeitado integralmente.,AGAINST,A Câmara deve aprovar o projeto que regulamenta o trabalho dos motoristas de aplicativo,AGAINST,OPPOSITE_POLARITY,OPPOSITE_POLARITY,OPPOSITE_POLARITY,FAVOR,False,MODEL_JUDGMENT
model_vs_gold_expansion,ffe531755c6def2e,b,Qwen/Qwen2.5-72B-Instruct,O projeto de lei deve ser rejeitado e substituído por um novo projeto que atenda às necessidades dos motoristas.,AGAINST,A Câmara deve aprovar o projeto que regulamenta o trabalho dos motoristas de aplicativo,AGAINST,OPPOSITE_POLARITY,OPPOSITE_POLARITY,OPPOSITE_POLARITY,FAVOR,False,MODEL_JUDGMENT
model_vs_gold_expansion,06f6bf71ce0746e2,a,Qwen/Qwen2.5-72B-Instruct,"Recursos financeiros devem ser organizados e alocados para a prevenção de desastres naturais, incluindo 5% dos acordos judiciais e extrajudiciais.",FAVOR,O poder público deve investir mais em prevenir desastres ao invés de agir só reativamente,FAVOR,EQUIVALENT,EQUIVALENT,EQUIVALENT,FAVOR,False,MODEL_JUDGMENT
model_vs_gold_expansion,06f6bf71ce0746e2,b,Qwen/Qwen2.5-72B-Instruct,Recursos financeiros devem ser organizados e alocados para a prevenção de desastres naturais.,FAVOR,O país deve destinar recursos específicas para a prevenção de desastres,FAVOR,EQUIVALENT,EQUIVALENT,EQUIVALENT,FAVOR,False,MODEL_JUDGMENT
model_vs_gold_expansion,3f649c16713f4c6f,b,Qwen/Qwen2.5-72B-Instruct,Criar o Programa de Atenção a Mulheres na Menopausa e Climatério,FAVOR,O Brasil deve criar políticas públicas para cuidar da saúde das mulheres na menopausa,FAVOR,EQUIVALENT,EQUIVALENT,EQUIVALENT,FAVOR,False,MODEL_JUDGMENT
model_vs_gold_expansion,16c67be32f60e074,a,Qwen/Qwen2.5-72B-Instruct,A tarifa social é responsabilidade da União e a soberania nacional passa pela energia limpa e renovável.,FAVOR,O Brasil deve acelerar a troca para energia limpa,FAVOR,DIFFERENT,DIFFERENT,DIFFERENT,FAVOR,False,MODEL_JUDGMENT
model_vs_gold_expansion,16c67be32f60e074,b,Qwen/Qwen2.5-72B-Instruct,O modelo atual das concessionárias de energia no Brasil precisa ser modificado.,FAVOR,O modelo atual das concessões de distribuição de energia elétrica deve ser modificado.,FAVOR,EQUIVALENT,EQUIVALENT,EQUIVALENT,FAVOR,False,MODEL_JUDGMENT
model_vs_gold_expansion,e2e808118c9ee9de,a,Qwen/Qwen2.5-72B-Instruct,O Ministério da Saúde deve discutir e financiar o tratamento da retinopatia diabética,FAVOR,"O Ministério da Saúde se omitiu no financiamento do tratamento da retinopatia diabética, transferindo o problema a estados e municípios.",FAVOR,EQUIVALENT,DIFFERENT,UNCERTAIN,FAVOR,False,MODEL_JUDGMENT
model_vs_gold_expansion,e2e808118c9ee9de,b,Qwen/Qwen2.5-72B-Instruct,"Aprovação do Projeto de Lei nº 3.811, de 2019, que institui a Semana Nacional de Conscientização sobre a Cardiopatia Isquêmica",FAVOR,As doenças do coração que surgem com o envelhecimento devem ser mais divulgadas,FAVOR,DIFFERENT,DIFFERENT,DIFFERENT,FAVOR,False,MODEL_JUDGMENT
model_vs_gold_expansion,370ab0f946469bab,a,Qwen/Qwen2.5-72B-Instruct,Políticas públicas para idosos devem ser fortalecidas e melhoradas,FAVOR,Existe uma discriminação cultural contra pessoas idosas que associa a velhice a algo ruim e ultrapassado.,FAVOR,DIFFERENT,DIFFERENT,DIFFERENT,FAVOR,False,MODEL_JUDGMENT
model_vs_gold_expansion,370ab0f946469bab,b,Qwen/Qwen2.5-72B-Instruct,Políticas públicas para idosos devem ser fortalecidas e melhoradas,FAVOR,A flexibilização das leis trabalhistas prejudicaram a aposentadoria das pessoas,FAVOR,DIFFERENT,DIFFERENT,DIFFERENT,FAVOR,False,MODEL_JUDGMENT
model_vs_gold_expansion,56076bd074c74d1a,a,Qwen/Qwen2.5-72B-Instruct,Tecnologia blockchain deve ser utilizada para inovação e desenvolvimento no Brasil,FAVOR,"O Brasil deve avançar no uso de tecnologias de registros distribuídos, como a blockchain.",FAVOR,EQUIVALENT,EQUIVALENT,EQUIVALENT,FAVOR,False,MODEL_JUDGMENT
model_vs_gold_expansion,56076bd074c74d1a,b,Qwen/Qwen2.5-72B-Instruct,Proteção de dados pessoais do cidadão brasileiro deve ser fortalecida,FAVOR,O Parlamento deve fortalecer a ANPD para que ela proteja melhor os dados dos cidadãos,FAVOR,EQUIVALENT,EQUIVALENT,EQUIVALENT,FAVOR,False,MODEL_JUDGMENT
model_vs_gold_expansion,a9bdcddb335a5a07,a,Qwen/Qwen2.5-72B-Instruct,Políticas públicas de proteção à mulher devem ser ampliadas e incluir medidas como aluguel social e independência econômica,FAVOR,Políticas de independência econômica para mulheres vítimas de violência devem ser adotadas para interromper o ciclo da violência.,FAVOR,EQUIVALENT,EQUIVALENT,EQUIVALENT,FAVOR,False,MODEL_JUDGMENT
model_vs_gold_expansion,a9bdcddb335a5a07,b,Qwen/Qwen2.5-72B-Instruct,Recursos para políticas de proteção à mulher devem ser geridos diretamente pelo Ministério das Mulheres,FAVOR,"Os recursos das políticas para mulheres devem ser geridos diretamente pelo Ministério das Mulheres, e não pelo Ministério da Justiça.",FAVOR,EQUIVALENT,EQUIVALENT,EQUIVALENT,FAVOR,False,MODEL_JUDGMENT
model_vs_gold_expansion,379d85fc73b5d187,a,Qwen/Qwen2.5-72B-Instruct,Estatuto dos Povos Ciganos deve ser aprovado e implementado,FAVOR,Os povos ciganos são invisibilizados por expulsões e pela falta de registro,FAVOR,DIFFERENT,DIFFERENT,DIFFERENT,FAVOR,False,MODEL_JUDGMENT
model_vs_gold_expansion,379d85fc73b5d187,b,Qwen/Qwen2.5-72B-Instruct,Economia do cuidado deve ser reconhecida e implementada como política pública,FAVOR,A economia do cuidado é uma questão invisível no Brasil que precisa ganhar visibilidade.,FAVOR,EQUIVALENT,EQUIVALENT,EQUIVALENT,FAVOR,False,MODEL_JUDGMENT
model_vs_gold_expansion,99ca50f2ecb70ba4,a,Qwen/Qwen2.5-72B-Instruct,O IBAMA não concederá a licença para a exploração de petróleo no Bloco 59 da Margem Equatorial devido a problemas técnicos e ambientais.,AGAINST,O IBAMA não cria obstáculos indevidos ao licenciamento da Petrobras.,FAVOR,UNCERTAIN,OPPOSITE_POLARITY,UNCERTAIN,FAVOR,False,MODEL_JUDGMENT
model_vs_gold_expansion,99ca50f2ecb70ba4,b,Qwen/Qwen2.5-72B-Instruct,O IBAMA está aguardando o DNIT apresentar os estudos para a emissão da licença de instalação da BR-319.,FAVOR,O IBAMA não cria obstáculos indevidos ao licenciamento da Petrobras.,FAVOR,DIFFERENT,DIFFERENT,DIFFERENT,FAVOR,False,MODEL_JUDGMENT
model_vs_gold_expansion,8c2dfcbfad142a02,a,Qwen/Qwen2.5-72B-Instruct,O bem-estar animal é essencial para a sustentabilidade e saúde ambiental.,FAVOR,Cuidar do bem-estar dos animais ajuda a proteger o meio ambiente e a saúde humana,FAVOR,EQUIVALENT,EQUIVALENT,EQUIVALENT,FAVOR,False,MODEL_JUDGMENT
model_vs_gold_expansion,8c2dfcbfad142a02,b,Qwen/Qwen2.5-72B-Instruct,"O bem-estar animal é uma pauta econômica e ambiental importante, com impactos nas relações comerciais e na sustentabilidade.",FAVOR,Cuidar do bem-estar dos animais também é proteger a vida humana,FAVOR,EQUIVALENT,DIFFERENT,UNCERTAIN,FAVOR,False,MODEL_JUDGMENT
model_vs_gold_expansion,42af9ecf027d72bc,a,meta-llama/Llama-3.3-70B-Instruct-Turbo,Inclusão de pessoas com dor crônica no diagnóstico biopsicossocial,FAVOR,A Classificação Internacional de Funcionalidade deve ser incorporada à Classificação Internacional de Doenças.,FAVOR,DIFFERENT,DIFFERENT,DIFFERENT,FAVOR,False,MODEL_JUDGMENT
model_vs_gold_expansion,42af9ecf027d72bc,b,meta-llama/Llama-3.3-70B-Instruct-Turbo,Cuidado como direito fundamental e não mercantilizável,FAVOR,O cuidado com as pessoas pode ser tratado como um negócio,AGAINST,OPPOSITE_POLARITY,OPPOSITE_POLARITY,OPPOSITE_POLARITY,FAVOR,False,MODEL_JUDGMENT
model_vs_gold_expansion,6a7b7af41cec3ff3,a,meta-llama/Llama-3.3-70B-Instruct-Turbo,Regulamentação do empréstimo consignado para servidores públicos deve considerar riscos associados,FAVOR,O cartão consignado é uma forma segura de crédito para o servidor,AGAINST,DIFFERENT,DIFFERENT,DIFFERENT,AGAINST,False,MODEL_JUDGMENT
model_vs_gold_expansion,6a7b7af41cec3ff3,b,meta-llama/Llama-3.3-70B-Instruct-Turbo,Professores da rede pública devem ter liberdade para escolher trabalhar em mais de um cargo público,FAVOR,"Professores devem poder escolher sua carga horária, inclusive acumulando dois cargos públicos.",FAVOR,EQUIVALENT,EQUIVALENT,EQUIVALENT,FAVOR,False,MODEL_JUDGMENT
model_vs_gold_expansion,9b028d8dc263fd18,a,meta-llama/Llama-3.3-70B-Instruct-Turbo,O marco legal da inovação deve ser revisado para facilitar a operacionalização,FAVOR,As ICTs públicas devem ter autonomia de gestão e de orçamento,FAVOR,DIFFERENT,DIFFERENT,DIFFERENT,FAVOR,False,MODEL_JUDGMENT
model_vs_gold_expansion,9b028d8dc263fd18,b,meta-llama/Llama-3.3-70B-Instruct-Turbo,A Lei do Bem deve ser aprovada para incentivar a inovação no Brasil,FAVOR,A Câmara deve votar o projeto que muda a Lei do Bem,FAVOR,UNCERTAIN,DIFFERENT,UNCERTAIN,FAVOR,False,MODEL_JUDGMENT
model_vs_gold_expansion,1f862b43757396e1,a,meta-llama/Llama-3.3-70B-Instruct-Turbo,Regulamentação do lobby junto ao poder público,FAVOR,O Congresso deve juntar os projetos em debate e aprovar uma regulamentação do lobby,FAVOR,EQUIVALENT,EQUIVALENT,EQUIVALENT,FAVOR,False,MODEL_JUDGMENT
model_vs_gold_expansion,1f862b43757396e1,b,meta-llama/Llama-3.3-70B-Instruct-Turbo,Legislação para regulamentação do trabalho de motoristas de aplicativo,FAVOR,O Congresso deve aprovar uma lei que regulamente o trabalho dos motoristas de aplicativo,FAVOR,EQUIVALENT,EQUIVALENT,EQUIVALENT,FAVOR,False,MODEL_JUDGMENT
model_vs_gold_expansion,3ebdfd5f91baeb30,a,meta-llama/Llama-3.3-70B-Instruct-Turbo,Políticas de fomento devem incluir pessoas com deficiência para garantir inclusão em projetos culturais,FAVOR,Os editais de fomento à cultura devem reservar vagas para artistas com deficiência,FAVOR,EQUIVALENT,EQUIVALENT,EQUIVALENT,FAVOR,False,MODEL_JUDGMENT
model_vs_gold_expansion,3ebdfd5f91baeb30,b,meta-llama/Llama-3.3-70B-Instruct-Turbo,Políticas públicas devem ser implementadas para garantir inclusão de pessoas com autismo,FAVOR,A Comissão deve criar uma subcomissão para acompanhar se as leis sobre autismo estão sendo cumpridas,FAVOR,DIFFERENT,DIFFERENT,DIFFERENT,FAVOR,False,MODEL_JUDGMENT
model_vs_gold_expansion,892d7d3a6e934091,a,meta-llama/Llama-3.3-70B-Instruct-Turbo,Vacinação contra Covid-19 em crianças deve ser obrigatória,FAVOR,A Câmara e o Estado devem evitar que a cobertura vacinal caia ainda mais,FAVOR,DIFFERENT,DIFFERENT,DIFFERENT,FAVOR,False,MODEL_JUDGMENT
model_vs_gold_expansion,892d7d3a6e934091,b,meta-llama/Llama-3.3-70B-Instruct-Turbo,Vacinação contra Covid-19 em crianças deve ser obrigatória,FAVOR,O Brasil deve enfrentar o movimento antivacina e recuperar a cobertura de vacinação do povo,FAVOR,DIFFERENT,DIFFERENT,DIFFERENT,FAVOR,False,MODEL_JUDGMENT
model_vs_gold_expansion,90a4cc8b19325243,a,meta-llama/Llama-3.3-70B-Instruct-Turbo,A vacinação deve ser promovida e a desinformação sobre vacinas deve ser combatida,FAVOR,A área da saúde deve dar mais atenção a como a desigualdade social aumenta riscos para a população,FAVOR,DIFFERENT,DIFFERENT,DIFFERENT,FAVOR,False,MODEL_JUDGMENT
model_vs_gold_expansion,90a4cc8b19325243,b,meta-llama/Llama-3.3-70B-Instruct-Turbo,A vacinação deve ser promovida e a desinformação sobre vacinas deve ser combatida,FAVOR,O Brasil deve enfrentar o movimento antivacina e recuperar a cobertura de vacinação do povo,FAVOR,EQUIVALENT,EQUIVALENT,EQUIVALENT,FAVOR,False,MODEL_JUDGMENT
model_vs_gold_expansion,597ab529d9e58c55,a,meta-llama/Llama-3.3-70B-Instruct-Turbo,O Brasil deve ser autossuficiente na produção de insumos para a saúde,FAVOR,A gestão atual está recuperando os hospitais federais do Rio de Janeiro,FAVOR,DIFFERENT,DIFFERENT,DIFFERENT,FAVOR,False,MODEL_JUDGMENT
model_vs_gold_expansion,597ab529d9e58c55,b,meta-llama/Llama-3.3-70B-Instruct-Turbo,O Ministério da Saúde deve expandir a Atenção Primária em Saúde,FAVOR,A gestão atual está recuperando os hospitais federais do Rio de Janeiro,FAVOR,DIFFERENT,DIFFERENT,DIFFERENT,FAVOR,False,MODEL_JUDGMENT
model_vs_gold_expansion,406f53bbc7b4086a,a,meta-llama/Llama-3.3-70B-Instruct-Turbo,Pessoas autistas devem ser tratadas com dignidade e respeito,FAVOR,Pessoas autistas conseguem ocupar espaços importantes na sociedade se tiverem apoio e acessibilidade,FAVOR,DIFFERENT,DIFFERENT,DIFFERENT,FAVOR,False,MODEL_JUDGMENT
model_vs_gold_expansion,406f53bbc7b4086a,b,meta-llama/Llama-3.3-70B-Instruct-Turbo,Pessoas autistas devem ser tratadas com dignidade e respeito,FAVOR,"O autismo deve ser visto como uma neurodiversidade, com respeito às diferenças de cada pessoa autista",FAVOR,EQUIVALENT,EQUIVALENT,EQUIVALENT,FAVOR,False,MODEL_JUDGMENT
model_vs_gold_expansion,8034e650e53050e1,a,meta-llama/Llama-3.3-70B-Instruct-Turbo,O Estado deve reservar recursos para prevenção e resposta a desastres socioambientais,FAVOR,O Congresso deve derrubar o veto ao projeto que garante recursos contra desastres,FAVOR,EQUIVALENT,DIFFERENT,UNCERTAIN,FAVOR,False,MODEL_JUDGMENT
model_vs_gold_expansion,8034e650e53050e1,b,meta-llama/Llama-3.3-70B-Instruct-Turbo,O Estado deve preparar infraestrutura para evitar desastres socioambientais,FAVOR,Os desastres climáticos também são causados pela desigualdade e atingem mais os pobres e a população negra,FAVOR,DIFFERENT,DIFFERENT,DIFFERENT,FAVOR,False,MODEL_JUDGMENT
model_vs_gold_expansion,e13d509a937ffa5f,a,meta-llama/Llama-3.3-70B-Instruct-Turbo,Os contratos de seguro de vida devem ter critérios mais acessíveis para idosos,FAVOR,Os contratos de seguro de vida para idosos são abusivos,FAVOR,EQUIVALENT,DIFFERENT,UNCERTAIN,FAVOR,False,MODEL_JUDGMENT
model_vs_gold_expansion,e13d509a937ffa5f,b,meta-llama/Llama-3.3-70B-Instruct-Turbo,Fabricantes devem fornecer informações sobre a vida útil estimada dos produtos,FAVOR,"O fabricante deve continuar tendo que consertar um produto que foi feito para durar menos, mesmo depois que a garantia dele acabar",FAVOR,OPPOSITE_POLARITY,DIFFERENT,UNCERTAIN,FAVOR,False,MODEL_JUDGMENT
model_vs_gold_expansion,b4a84fb6380ec371,a,meta-llama/Llama-3.3-70B-Instruct-Turbo,Políticas públicas devem considerar a questão racial na primeira infância,FAVOR,O combate ao racismo deve começar já nos serviços públicos para crianças pequenas,FAVOR,EQUIVALENT,EQUIVALENT,EQUIVALENT,FAVOR,False,MODEL_JUDGMENT
model_vs_gold_expansion,b4a84fb6380ec371,b,meta-llama/Llama-3.3-70B-Instruct-Turbo,Educação deve ser adaptada para atender às necessidades de meninas e mulheres negras,FAVOR,"Devemos enfrentar o racismo, em especial a mulheres durante a educação",FAVOR,EQUIVALENT,EQUIVALENT,EQUIVALENT,FAVOR,False,MODEL_JUDGMENT
model_vs_gold_expansion,8b9017a72effb414,a,meta-llama/Llama-3.3-70B-Instruct-Turbo,A Convenção Interamericana sobre a Proteção dos Direitos Humanos dos Idosos deve ser ratificada,FAVOR,Devemos pensar em políticas públicas para as pessoas idosas,FAVOR,DIFFERENT,DIFFERENT,DIFFERENT,FAVOR,False,MODEL_JUDGMENT
model_vs_gold_expansion,8b9017a72effb414,b,meta-llama/Llama-3.3-70B-Instruct-Turbo,A Convenção Interamericana sobre a Proteção dos Direitos Humanos dos Idosos deve ser ratificada,FAVOR,A Convenção Interamericana dos direitos das pessoas idosas deve ser aprovada como emenda constitucional,FAVOR,DIFFERENT,DIFFERENT,DIFFERENT,FAVOR,False,MODEL_JUDGMENT
model_vs_gold_expansion,87fa10a79fe070e0,a,meta-llama/Llama-3.3-70B-Instruct-Turbo,A Fundação Renova deve ser obrigada a comparecer e a reparar os danos causados,AGAINST,O Ministério Público Federal e a Justiça cobram a Fundação Renova como deveriam,AGAINST,EQUIVALENT,DIFFERENT,UNCERTAIN,AGAINST,False,MODEL_JUDGMENT
model_vs_gold_expansion,87fa10a79fe070e0,b,meta-llama/Llama-3.3-70B-Instruct-Turbo,O Governo Federal deve cassar o direito minerário das empresas responsáveis por danos ambientais,AGAINST,O novo acordo de reparação de Mariana deve ser fechado logo,FAVOR,DIFFERENT,DIFFERENT,DIFFERENT,FAVOR,False,MODEL_JUDGMENT
model_vs_gold_expansion,f8189fa4faeb557c,a,meta-llama/Llama-3.3-70B-Instruct-Turbo,O Marco Legal da Inovação deve ser operacionalizado para facilitar a inovação,FAVOR,Institutos públicos de pesquisa devem poder comprar sem concorrência os equipamentos que só um fabricante produz,FAVOR,EQUIVALENT,DIFFERENT,UNCERTAIN,FAVOR,False,MODEL_JUDGMENT
model_vs_gold_expansion,f8189fa4faeb557c,b,meta-llama/Llama-3.3-70B-Instruct-Turbo,A Lei do Bem deve ser aplicada e utilizada para promover a inovação,FAVOR,Institutos públicos de pesquisa devem continuar podendo contratar empresas diretamente para desenvolver equipamentos (como a lei já permite),FAVOR,DIFFERENT,DIFFERENT,DIFFERENT,FAVOR,False,MODEL_JUDGMENT
model_vs_gold_expansion,982501e57fbbcdcc,a,meta-llama/Llama-3.3-70B-Instruct-Turbo,Investimento em prevenção de desastres é necessário,FAVOR,O poder público deve investir mais em prevenir desastres ao invés de agir só reativamente,FAVOR,EQUIVALENT,EQUIVALENT,EQUIVALENT,FAVOR,False,MODEL_JUDGMENT
model_vs_gold_expansion,982501e57fbbcdcc,b,meta-llama/Llama-3.3-70B-Instruct-Turbo,Investimento em prevenção de desastres é necessário,FAVOR,O Fundo de Calamidade Pública deve ter orçamento para prevenir e responder a desastres,FAVOR,EQUIVALENT,DIFFERENT,UNCERTAIN,FAVOR,False,MODEL_JUDGMENT
model_vs_gold_expansion,ffe531755c6def2e,a,meta-llama/Llama-3.3-70B-Instruct-Turbo,Rejeição do projeto de lei de regulamentação do trabalho de motoristas de aplicativo,AGAINST,A Câmara deve aprovar o projeto que regulamenta o trabalho dos motoristas de aplicativo,AGAINST,OPPOSITE_POLARITY,OPPOSITE_POLARITY,OPPOSITE_POLARITY,FAVOR,False,MODEL_JUDGMENT
model_vs_gold_expansion,ffe531755c6def2e,b,meta-llama/Llama-3.3-70B-Instruct-Turbo,Rejeição do projeto de lei de regulamentação do trabalho de motoristas de aplicativo e aprovação de um novo projeto que atenda às necessidades dos motoristas,AGAINST,A Câmara deve aprovar o projeto que regulamenta o trabalho dos motoristas de aplicativo,AGAINST,OPPOSITE_POLARITY,OPPOSITE_POLARITY,OPPOSITE_POLARITY,FAVOR,False,MODEL_JUDGMENT
model_vs_gold_expansion,06f6bf71ce0746e2,a,meta-llama/Llama-3.3-70B-Instruct-Turbo,O Governo deve investir em prevenção de desastres,FAVOR,O poder público deve investir mais em prevenir desastres ao invés de agir só reativamente,FAVOR,EQUIVALENT,EQUIVALENT,EQUIVALENT,FAVOR,False,MODEL_JUDGMENT
model_vs_gold_expansion,06f6bf71ce0746e2,b,meta-llama/Llama-3.3-70B-Instruct-Turbo,O País deve ter recursos financeiros específicos para a prevenção de desastres,FAVOR,O país deve destinar recursos específicas para a prevenção de desastres,FAVOR,EQUIVALENT,EQUIVALENT,EQUIVALENT,FAVOR,False,MODEL_JUDGMENT
model_vs_gold_expansion,3f649c16713f4c6f,a,meta-llama/Llama-3.3-70B-Instruct-Turbo,Recurso direto para o Ministério das Mulheres,FAVOR,"Os recursos das políticas para mulheres devem ser geridos diretamente pelo Ministério das Mulheres, e não pelo Ministério da Justiça.",FAVOR,EQUIVALENT,EQUIVALENT,EQUIVALENT,FAVOR,False,MODEL_JUDGMENT
model_vs_gold_expansion,3f649c16713f4c6f,b,meta-llama/Llama-3.3-70B-Instruct-Turbo,Criação do Programa de Atenção a Mulheres na Menopausa e Climatério,FAVOR,O Brasil deve criar políticas públicas para cuidar da saúde das mulheres na menopausa,FAVOR,EQUIVALENT,EQUIVALENT,EQUIVALENT,FAVOR,False,MODEL_JUDGMENT
model_vs_gold_expansion,16c67be32f60e074,a,meta-llama/Llama-3.3-70B-Instruct-Turbo,A geração e a distribuição de energia devem ser separadas,FAVOR,O Brasil deve acelerar a troca para energia limpa,FAVOR,DIFFERENT,DIFFERENT,DIFFERENT,FAVOR,False,MODEL_JUDGMENT
model_vs_gold_expansion,16c67be32f60e074,b,meta-llama/Llama-3.3-70B-Instruct-Turbo,O modelo atual das concessionárias de energia no Brasil precisa ser modificado,FAVOR,O modelo atual das concessões de distribuição de energia elétrica deve ser modificado.,FAVOR,EQUIVALENT,EQUIVALENT,EQUIVALENT,FAVOR,False,MODEL_JUDGMENT
model_vs_gold_expansion,e2e808118c9ee9de,a,meta-llama/Llama-3.3-70B-Instruct-Turbo,Financiamento para tratamento da retinopatia diabética,AGAINST,"O Ministério da Saúde se omitiu no financiamento do tratamento da retinopatia diabética, transferindo o problema a estados e municípios.",FAVOR,DIFFERENT,EQUIVALENT,UNCERTAIN,FAVOR,False,MODEL_JUDGMENT
model_vs_gold_expansion,e2e808118c9ee9de,b,meta-llama/Llama-3.3-70B-Instruct-Turbo,Aprovação do Projeto de Lei nº 3.811,FAVOR,As doenças do coração que surgem com o envelhecimento devem ser mais divulgadas,FAVOR,DIFFERENT,DIFFERENT,DIFFERENT,FAVOR,False,MODEL_JUDGMENT
model_vs_gold_expansion,370ab0f946469bab,a,meta-llama/Llama-3.3-70B-Instruct-Turbo,Ratificação da Convenção Interamericana sobre a Proteção dos Direitos Humanos dos Idosos,FAVOR,Existe uma discriminação cultural contra pessoas idosas que associa a velhice a algo ruim e ultrapassado.,FAVOR,DIFFERENT,DIFFERENT,DIFFERENT,FAVOR,False,MODEL_JUDGMENT
model_vs_gold_expansion,370ab0f946469bab,b,meta-llama/Llama-3.3-70B-Instruct-Turbo,Aprovação da convenção com status de emenda constitucional para garantir direitos da pessoa idosa,FAVOR,A flexibilização das leis trabalhistas prejudicaram a aposentadoria das pessoas,FAVOR,DIFFERENT,DIFFERENT,DIFFERENT,FAVOR,False,MODEL_JUDGMENT
model_vs_gold_expansion,56076bd074c74d1a,a,meta-llama/Llama-3.3-70B-Instruct-Turbo,O Brasil deve adotar a tecnologia blockchain no serviço público,FAVOR,"O Brasil deve avançar no uso de tecnologias de registros distribuídos, como a blockchain.",FAVOR,EQUIVALENT,EQUIVALENT,EQUIVALENT,FAVOR,False,MODEL_JUDGMENT
model_vs_gold_expansion,56076bd074c74d1a,b,meta-llama/Llama-3.3-70B-Instruct-Turbo,A ANPD deve ter mais eficiência para proteger os dados do cidadão brasileiro,FAVOR,O Parlamento deve fortalecer a ANPD para que ela proteja melhor os dados dos cidadãos,FAVOR,EQUIVALENT,EQUIVALENT,EQUIVALENT,FAVOR,False,MODEL_JUDGMENT
model_vs_gold_expansion,a9bdcddb335a5a07,a,meta-llama/Llama-3.3-70B-Instruct-Turbo,"Deve haver uma rede de proteção para vítimas de violência, incluindo DEAMs e Núcleos Especializados de Atendimento em todas as cidades brasileiras",FAVOR,Políticas de independência econômica para mulheres vítimas de violência devem ser adotadas para interromper o ciclo da violência.,FAVOR,DIFFERENT,DIFFERENT,DIFFERENT,FAVOR,False,MODEL_JUDGMENT
model_vs_gold_expansion,a9bdcddb335a5a07,b,meta-llama/Llama-3.3-70B-Instruct-Turbo,Recursos para o Ministério das Mulheres devem ser gerenciados diretamente por ele,FAVOR,"Os recursos das políticas para mulheres devem ser geridos diretamente pelo Ministério das Mulheres, e não pelo Ministério da Justiça.",FAVOR,EQUIVALENT,EQUIVALENT,EQUIVALENT,FAVOR,False,MODEL_JUDGMENT
model_vs_gold_expansion,379d85fc73b5d187,a,meta-llama/Llama-3.3-70B-Instruct-Turbo,O Estatuto dos Povos Ciganos deve ser instituído,FAVOR,Os povos ciganos são invisibilizados por expulsões e pela falta de registro,FAVOR,DIFFERENT,DIFFERENT,DIFFERENT,FAVOR,False,MODEL_JUDGMENT
model_vs_gold_expansion,379d85fc73b5d187,b,meta-llama/Llama-3.3-70B-Instruct-Turbo,A economia do cuidado deve ser incluída no cálculo do PIB,FAVOR,A economia do cuidado é uma questão invisível no Brasil que precisa ganhar visibilidade.,FAVOR,DIFFERENT,DIFFERENT,DIFFERENT,FAVOR,False,MODEL_JUDGMENT
model_vs_gold_expansion,99ca50f2ecb70ba4,a,meta-llama/Llama-3.3-70B-Instruct-Turbo,O IBAMA deve conceder licenças para a exploração de petróleo na região da Margem Equatorial,AGAINST,O IBAMA não cria obstáculos indevidos ao licenciamento da Petrobras.,FAVOR,UNCERTAIN,DIFFERENT,UNCERTAIN,FAVOR,False,MODEL_JUDGMENT
model_vs_gold_expansion,99ca50f2ecb70ba4,b,meta-llama/Llama-3.3-70B-Instruct-Turbo,O IBAMA deve conceder licenças para a exploração de petróleo na região da Foz do Amazonas,FAVOR,O IBAMA não cria obstáculos indevidos ao licenciamento da Petrobras.,FAVOR,UNCERTAIN,UNCERTAIN,UNCERTAIN,FAVOR,False,MODEL_JUDGMENT
model_vs_gold_expansion,8c2dfcbfad142a02,a,meta-llama/Llama-3.3-70B-Instruct-Turbo,Bem-estar animal é essencial para a sustentabilidade,FAVOR,Cuidar do bem-estar dos animais ajuda a proteger o meio ambiente e a saúde humana,FAVOR,EQUIVALENT,EQUIVALENT,EQUIVALENT,FAVOR,False,MODEL_JUDGMENT
model_vs_gold_expansion,8c2dfcbfad142a02,b,meta-llama/Llama-3.3-70B-Instruct-Turbo,Bem-estar animal é uma pauta econômica importante para os países,FAVOR,Cuidar do bem-estar dos animais também é proteger a vida humana,FAVOR,DIFFERENT,DIFFERENT,DIFFERENT,FAVOR,False,MODEL_JUDGMENT
model_vs_gold_expansion,62551a12ba0d40a1,a,meta-llama/Llama-3.3-70B-Instruct-Turbo,O Estado brasileiro deve se preparar para atender às mudanças demográficas,FAVOR,O Estado brasileiro deve se preparar para o envelhecimento da população,FAVOR,EQUIVALENT,EQUIVALENT,EQUIVALENT,FAVOR,False,MODEL_JUDGMENT
within_pair_gold,06f6bf71ce0746e2,ab,,O poder público deve investir mais em prevenir desastres ao invés de agir só reativamente,FAVOR,O país deve destinar recursos específicas para a prevenção de desastres,FAVOR,EQUIVALENT,EQUIVALENT,EQUIVALENT,FAVOR,False,MODEL_JUDGMENT
within_pair_gold,24c599750bdd544f,ab,,O país deve ter uma lei para os mercados digitais sem criar mais burocracia,FAVOR,Precisam ser criadas novas regras para os mercados digitais para garantir a livre concorrência e proteção dos consumidores,FAVOR,DIFFERENT,EQUIVALENT,UNCERTAIN,FAVOR,False,MODEL_JUDGMENT
within_pair_gold,3459768d16f576e5,ab,,O governo deve acabar com o saque-aniversário do FGTS,AGAINST,O governo deve acabar com o saque-aniversário do FGTS,AGAINST,EQUIVALENT,EQUIVALENT,EQUIVALENT,AGAINST,False,MODEL_JUDGMENT
within_pair_gold,597ab529d9e58c55,ab,,A gestão atual está recuperando os hospitais federais do Rio de Janeiro,FAVOR,A gestão atual está recuperando os hospitais federais do Rio de Janeiro,FAVOR,EQUIVALENT,EQUIVALENT,EQUIVALENT,FAVOR,False,MODEL_JUDGMENT
within_pair_gold,892d7d3a6e934091,ab,,A Câmara e o Estado devem evitar que a cobertura vacinal caia ainda mais,FAVOR,O Brasil deve enfrentar o movimento antivacina e recuperar a cobertura de vacinação do povo,FAVOR,EQUIVALENT,EQUIVALENT,EQUIVALENT,FAVOR,False,MODEL_JUDGMENT
within_pair_gold,8c2dfcbfad142a02,ab,,Cuidar do bem-estar dos animais ajuda a proteger o meio ambiente e a saúde humana,FAVOR,Cuidar do bem-estar dos animais também é proteger a vida humana,FAVOR,EQUIVALENT,EQUIVALENT,EQUIVALENT,FAVOR,False,MODEL_JUDGMENT
within_pair_gold,982501e57fbbcdcc,ab,,O poder público deve investir mais em prevenir desastres ao invés de agir só reativamente,FAVOR,O Fundo de Calamidade Pública deve ter orçamento para prevenir e responder a desastres,FAVOR,EQUIVALENT,EQUIVALENT,EQUIVALENT,FAVOR,False,MODEL_JUDGMENT
within_pair_gold,99ca50f2ecb70ba4,ab,,O IBAMA não cria obstáculos indevidos ao licenciamento da Petrobras.,FAVOR,O IBAMA não cria obstáculos indevidos ao licenciamento da Petrobras.,FAVOR,EQUIVALENT,EQUIVALENT,EQUIVALENT,FAVOR,False,MODEL_JUDGMENT
within_pair_gold,d3769de977ace19d,ab,,O país deve destinar recursos para previnir desastres,FAVOR,Devem haver recursos específicos alocados para a prevenção de desastres,FAVOR,EQUIVALENT,EQUIVALENT,EQUIVALENT,FAVOR,False,MODEL_JUDGMENT
within_pair_gold,d4c07b40fb424a0c,ab,,A vacina contra a Covid-19 deve ser obrigatória para crianças de 6 meses a 5 anos,AGAINST,A vacina contra a Covid-19 deve ser obrigatória para crianças (não menciona idade diretamente),AGAINST,EQUIVALENT,EQUIVALENT,EQUIVALENT,AGAINST,False,MODEL_JUDGMENT
within_pair_gold,e001ebac1d8033f1,ab,,"Deve ser criado um sistema nacional de apoio a vítimas de desastres, integrado ao Sistema Nacional de Proteção e Defesa Civil.",FAVOR,O país precisa proteger os mais vulneráveis quando acontecem desastres,FAVOR,EQUIVALENT,DIFFERENT,UNCERTAIN,FAVOR,False,MODEL_JUDGMENT
within_pair_gold,ffe531755c6def2e,ab,,A Câmara deve aprovar o projeto que regulamenta o trabalho dos motoristas de aplicativo,AGAINST,A Câmara deve aprovar o projeto que regulamenta o trabalho dos motoristas de aplicativo,AGAINST,EQUIVALENT,EQUIVALENT,EQUIVALENT,AGAINST,False,MODEL_JUDGMENT
within_pair_model_pilot,263f772b51bf1354,ab,Qwen/Qwen2.5-72B-Instruct,O envelhecimento da população brasileira é um ganho das políticas públicas e requer um planejamento interdisciplinar e inclusivo.,FAVOR,O envelhecimento da população brasileira é um ganho das políticas públicas e requer um planejamento interdisciplinar e inclusivo.,FAVOR,EQUIVALENT,EQUIVALENT,EQUIVALENT,FAVOR,False,MODEL_JUDGMENT
within_pair_model_pilot,3459768d16f576e5,ab,Qwen/Qwen2.5-72B-Instruct,O saque-aniversário do FGTS deve ser mantido,FAVOR,O saque-aniversário do FGTS deve ser mantido e aprimorado,FAVOR,EQUIVALENT,EQUIVALENT,EQUIVALENT,FAVOR,False,MODEL_JUDGMENT
within_pair_model_pilot,d3769de977ace19d,ab,Qwen/Qwen2.5-72B-Instruct,Criar fontes de recursos específicas para a prevenção de desastres naturais,FAVOR,Criar fontes de recursos específicas para a prevenção de desastres naturais,FAVOR,EQUIVALENT,EQUIVALENT,EQUIVALENT,FAVOR,False,MODEL_JUDGMENT
within_pair_model_pilot,d4c07b40fb424a0c,ab,Qwen/Qwen2.5-72B-Instruct,Vacinação obrigatória contra a COVID-19 em crianças de 6 meses a 5 anos,AGAINST,Vacinação obrigatória contra a COVID-19 em crianças de 6 meses a 5 anos,AGAINST,EQUIVALENT,EQUIVALENT,EQUIVALENT,AGAINST,False,MODEL_JUDGMENT
within_pair_model_pilot,e001ebac1d8033f1,ab,Qwen/Qwen2.5-72B-Instruct,"Criar um arcabouço legal que inclua um sistema nacional de apoio a vítimas de desastres, incluindo recuperação econômica e auxílio emergencial.",FAVOR,Criar um arcabouço legal que inclua a participação do Ministério do Desenvolvimento Social para proteger os cidadãos mais vulneráveis em desastres naturais.,FAVOR,DIFFERENT,DIFFERENT,DIFFERENT,FAVOR,False,MODEL_JUDGMENT
within_pair_model_pilot,24c599750bdd544f,ab,meta-llama/Llama-3.3-70B-Instruct-Turbo,Regulamentação dos mercados digitais no Brasil,FAVOR,Regulamentação dos mercados digitais,FAVOR,EQUIVALENT,EQUIVALENT,EQUIVALENT,FAVOR,False,MODEL_JUDGMENT
within_pair_model_pilot,d3769de977ace19d,ab,meta-llama/Llama-3.3-70B-Instruct-Turbo,País deve ter recursos financeiros para prevenção de desastres,FAVOR,País deve ter recursos financeiros para prevenção de desastres,FAVOR,EQUIVALENT,EQUIVALENT,EQUIVALENT,FAVOR,False,MODEL_JUDGMENT
within_pair_model_pilot,d4c07b40fb424a0c,ab,meta-llama/Llama-3.3-70B-Instruct-Turbo,A vacinação contra Covid-19 em crianças de 6 meses a 5 anos deve ser obrigatória,AGAINST,A vacinação contra Covid-19 em crianças deve ser obrigatória,AGAINST,EQUIVALENT,EQUIVALENT,EQUIVALENT,AGAINST,False,MODEL_JUDGMENT
within_pair_model_expansion,90a4cc8b19325243,ab,Qwen/Qwen2.5-72B-Instruct,Campanha antivacina é preocupante e precisa ser enfrentada,AGAINST,Movimento antivacina é criminosa e irresponsável,AGAINST,EQUIVALENT,EQUIVALENT,EQUIVALENT,AGAINST,False,MODEL_JUDGMENT
within_pair_model_expansion,406f53bbc7b4086a,ab,Qwen/Qwen2.5-72B-Instruct,Pessoas autistas devem ser vistas como detentoras de direitos e plenas de cidadania,FAVOR,Pessoas autistas devem ser vistas como detentoras de direitos e plenas de cidadania,FAVOR,EQUIVALENT,EQUIVALENT,EQUIVALENT,FAVOR,False,MODEL_JUDGMENT
within_pair_model_expansion,8b9017a72effb414,ab,Qwen/Qwen2.5-72B-Instruct,Ratificação da Convenção Interamericana sobre a Proteção dos Direitos Humanos dos Idosos,FAVOR,Ratificação da Convenção Interamericana sobre a Proteção dos Direitos Humanos dos Idosos,FAVOR,EQUIVALENT,EQUIVALENT,EQUIVALENT,FAVOR,False,MODEL_JUDGMENT
within_pair_model_expansion,f8189fa4faeb557c,ab,Qwen/Qwen2.5-72B-Instruct,"O Marco Legal da Inovação deve ser operacionalizado para facilitar a colaboração entre universidades, empresas e governo.",FAVOR,"A Lei do Bem deve ser aperfeiçoada e aplicada para facilitar a colaboração entre universidades, empresas e governo.",FAVOR,DIFFERENT,DIFFERENT,DIFFERENT,FAVOR,False,MODEL_JUDGMENT
within_pair_model_expansion,982501e57fbbcdcc,ab,Qwen/Qwen2.5-72B-Instruct,Investir em prevenção de desastres em vez de focar apenas na pronta resposta,FAVOR,Investir em prevenção de desastres em vez de focar apenas na pronta resposta,FAVOR,EQUIVALENT,EQUIVALENT,EQUIVALENT,FAVOR,False,MODEL_JUDGMENT
within_pair_model_expansion,ffe531755c6def2e,ab,Qwen/Qwen2.5-72B-Instruct,O projeto de lei deve ser rejeitado integralmente.,AGAINST,O projeto de lei deve ser rejeitado e substituído por um novo projeto que atenda às necessidades dos motoristas.,AGAINST,DIFFERENT,EQUIVALENT,UNCERTAIN,AGAINST,False,MODEL_JUDGMENT
within_pair_model_expansion,06f6bf71ce0746e2,ab,Qwen/Qwen2.5-72B-Instruct,"Recursos financeiros devem ser organizados e alocados para a prevenção de desastres naturais, incluindo 5% dos acordos judiciais e extrajudiciais.",FAVOR,Recursos financeiros devem ser organizados e alocados para a prevenção de desastres naturais.,FAVOR,EQUIVALENT,EQUIVALENT,EQUIVALENT,FAVOR,False,MODEL_JUDGMENT
within_pair_model_expansion,370ab0f946469bab,ab,Qwen/Qwen2.5-72B-Instruct,Políticas públicas para idosos devem ser fortalecidas e melhoradas,FAVOR,Políticas públicas para idosos devem ser fortalecidas e melhoradas,FAVOR,EQUIVALENT,EQUIVALENT,EQUIVALENT,FAVOR,False,MODEL_JUDGMENT
within_pair_model_expansion,8c2dfcbfad142a02,ab,Qwen/Qwen2.5-72B-Instruct,O bem-estar animal é essencial para a sustentabilidade e saúde ambiental.,FAVOR,"O bem-estar animal é uma pauta econômica e ambiental importante, com impactos nas relações comerciais e na sustentabilidade.",FAVOR,EQUIVALENT,EQUIVALENT,EQUIVALENT,FAVOR,False,MODEL_JUDGMENT
within_pair_model_expansion,892d7d3a6e934091,ab,meta-llama/Llama-3.3-70B-Instruct-Turbo,Vacinação contra Covid-19 em crianças deve ser obrigatória,FAVOR,Vacinação contra Covid-19 em crianças deve ser obrigatória,FAVOR,EQUIVALENT,EQUIVALENT,EQUIVALENT,FAVOR,False,MODEL_JUDGMENT
within_pair_model_expansion,90a4cc8b19325243,ab,meta-llama/Llama-3.3-70B-Instruct-Turbo,A vacinação deve ser promovida e a desinformação sobre vacinas deve ser combatida,FAVOR,A vacinação deve ser promovida e a desinformação sobre vacinas deve ser combatida,FAVOR,EQUIVALENT,EQUIVALENT,EQUIVALENT,FAVOR,False,MODEL_JUDGMENT
within_pair_model_expansion,406f53bbc7b4086a,ab,meta-llama/Llama-3.3-70B-Instruct-Turbo,Pessoas autistas devem ser tratadas com dignidade e respeito,FAVOR,Pessoas autistas devem ser tratadas com dignidade e respeito,FAVOR,EQUIVALENT,EQUIVALENT,EQUIVALENT,FAVOR,False,MODEL_JUDGMENT
within_pair_model_expansion,8b9017a72effb414,ab,meta-llama/Llama-3.3-70B-Instruct-Turbo,A Convenção Interamericana sobre a Proteção dos Direitos Humanos dos Idosos deve ser ratificada,FAVOR,A Convenção Interamericana sobre a Proteção dos Direitos Humanos dos Idosos deve ser ratificada,FAVOR,EQUIVALENT,EQUIVALENT,EQUIVALENT,FAVOR,False,MODEL_JUDGMENT
within_pair_model_expansion,982501e57fbbcdcc,ab,meta-llama/Llama-3.3-70B-Instruct-Turbo,Investimento em prevenção de desastres é necessário,FAVOR,Investimento em prevenção de desastres é necessário,FAVOR,EQUIVALENT,EQUIVALENT,EQUIVALENT,FAVOR,False,MODEL_JUDGMENT
