spec_id,source_pair_id,gold_round,operation,source_relation,expected_relation,target_proposition_a,target_proposition_b,original_stance_b,expected_verifier_stance,label_source
syn_32b437e93a86,0138e27cd0f53d95,pilot,REVERSE_ON_INCOMPARABLE,INCOMPARABLE,INCOMPARABLE,O Brasil deve aprovar a Convenção Interamericana sobre a Proteção dos Direitos Humanos dos Idosos,Os direitos do Estatuto da Pessoa Idosa devem ser postos em prática,FAVOR,AGAINST,SYNTHETIC_EXPECTED
syn_b3fc86880943,06f6bf71ce0746e2,expansion,REVERSE_ON_COMPARABLE,STANCE_MAINTAINED,STANCE_REVERSED,O poder público deve investir mais em prevenir desastres ao invés de agir só reativamente,O país deve destinar recursos específicas para a prevenção de desastres,FAVOR,AGAINST,SYNTHETIC_EXPECTED
syn_d249b2daa820,06f6bf71ce0746e2,expansion,NEGATED_PARAPHRASE,STANCE_MAINTAINED,STANCE_MAINTAINED,O poder público deve investir mais em prevenir desastres ao invés de agir só reativamente,O país deve destinar recursos específicas para a prevenção de desastres,FAVOR,FAVOR,SYNTHETIC_EXPECTED
syn_9d79ea135ad4,06f6bf71ce0746e2,expansion,SHIFT_PROPOSITION,STANCE_MAINTAINED,INCOMPARABLE,O poder público deve investir mais em prevenir desastres ao invés de agir só reativamente,O país deve destinar recursos específicas para a prevenção de desastres,FAVOR,NOT_ADDRESSED,SYNTHETIC_EXPECTED
syn_022cab59aa7e,16c67be32f60e074,expansion,REVERSE_ON_INCOMPARABLE,INCOMPARABLE,INCOMPARABLE,O Brasil deve acelerar a troca para energia limpa,O modelo atual das concessões de distribuição de energia elétrica deve ser modificado.,FAVOR,AGAINST,SYNTHETIC_EXPECTED
syn_6d7f969a506d,1f862b43757396e1,expansion,REVERSE_ON_INCOMPARABLE,INCOMPARABLE,INCOMPARABLE,O Congresso deve juntar os projetos em debate e aprovar uma regulamentação do lobby,O Congresso deve aprovar uma lei que regulamente o trabalho dos motoristas de aplicativo,FAVOR,AGAINST,SYNTHETIC_EXPECTED
syn_5454cbce028e,24c599750bdd544f,pilot,REVERSE_ON_COMPARABLE,STANCE_MAINTAINED,STANCE_REVERSED,O país deve ter uma lei para os mercados digitais sem criar mais burocracia,Precisam ser criadas novas regras para os mercados digitais para garantir a livre concorrência e proteção dos consumidores,FAVOR,AGAINST,SYNTHETIC_EXPECTED
syn_760d4868fd2e,24c599750bdd544f,pilot,NEGATED_PARAPHRASE,STANCE_MAINTAINED,STANCE_MAINTAINED,O país deve ter uma lei para os mercados digitais sem criar mais burocracia,Precisam ser criadas novas regras para os mercados digitais para garantir a livre concorrência e proteção dos consumidores,FAVOR,FAVOR,SYNTHETIC_EXPECTED
syn_53fc3867f4df,24c599750bdd544f,pilot,SHIFT_PROPOSITION,STANCE_MAINTAINED,INCOMPARABLE,O país deve ter uma lei para os mercados digitais sem criar mais burocracia,Precisam ser criadas novas regras para os mercados digitais para garantir a livre concorrência e proteção dos consumidores,FAVOR,NOT_ADDRESSED,SYNTHETIC_EXPECTED
syn_ff8a23c3a556,2a22c99d1d3a678c,pilot,REVERSE_ON_INCOMPARABLE,INCOMPARABLE,INCOMPARABLE,Os pacientes diagnosticados com retinopatia diabética conseguem acompanhamento em tempo hábil pelo SUS,O SUS precisa atualizar a forma como acompanha quem tem edema macular diabético,FAVOR,AGAINST,SYNTHETIC_EXPECTED
syn_2f8b7031e619,2e42e8583aea6939,pilot,REVERSE_ON_INCOMPARABLE,INCOMPARABLE,INCOMPARABLE,O Brasil deve aumentar o orçamento para o combate à tuberculose,O Amazonas deve ser o estado piloto para reunir as ações contra a tuberculose,FAVOR,AGAINST,SYNTHETIC_EXPECTED
syn_0ac5080652b3,3459768d16f576e5,pilot,REVERSE_ON_COMPARABLE,STANCE_MAINTAINED,STANCE_REVERSED,O governo deve acabar com o saque-aniversário do FGTS,O governo deve acabar com o saque-aniversário do FGTS,AGAINST,FAVOR,SYNTHETIC_EXPECTED
syn_4b28e3ad9815,3459768d16f576e5,pilot,NEGATED_PARAPHRASE,STANCE_MAINTAINED,STANCE_MAINTAINED,O governo deve acabar com o saque-aniversário do FGTS,O governo deve acabar com o saque-aniversário do FGTS,AGAINST,AGAINST,SYNTHETIC_EXPECTED
syn_2905cc0189f9,3459768d16f576e5,pilot,SHIFT_PROPOSITION,STANCE_MAINTAINED,INCOMPARABLE,O governo deve acabar com o saque-aniversário do FGTS,O governo deve acabar com o saque-aniversário do FGTS,AGAINST,NOT_ADDRESSED,SYNTHETIC_EXPECTED
syn_4beb4932f683,36e4b11ff6345a11,pilot,REVERSE_ON_INCOMPARABLE,INCOMPARABLE,INCOMPARABLE,O Ministério da Saúde voltou a coordenar o SUS junto aos Estados e Municípios e a resposta foi positiva,O governo está reabrindo espaço pra sociedade participar das políticas públicas,FAVOR,AGAINST,SYNTHETIC_EXPECTED
syn_b83aa843b536,36fb1e1240a12ac4,pilot,REVERSE_ON_INCOMPARABLE,INCOMPARABLE,INCOMPARABLE,Deve existir uma lei específica para pessoas indígenas presas,Presença do agronegócio e mineração em terras indígenas.,AGAINST,FAVOR,SYNTHETIC_EXPECTED
syn_5643fc3dc180,370ab0f946469bab,expansion,REVERSE_ON_INCOMPARABLE,INCOMPARABLE,INCOMPARABLE,Existe uma discriminação cultural contra pessoas idosas que associa a velhice a algo ruim e ultrapassado.,A flexibilização das leis trabalhistas prejudicaram a aposentadoria das pessoas,FAVOR,AGAINST,SYNTHETIC_EXPECTED
syn_0ea3427ca13e,379d85fc73b5d187,expansion,REVERSE_ON_INCOMPARABLE,INCOMPARABLE,INCOMPARABLE,Os povos ciganos são invisibilizados por expulsões e pela falta de registro,A economia do cuidado é uma questão invisível no Brasil que precisa ganhar visibilidade.,FAVOR,AGAINST,SYNTHETIC_EXPECTED
syn_7aadeaaa8c51,3ebdfd5f91baeb30,expansion,REVERSE_ON_INCOMPARABLE,INCOMPARABLE,INCOMPARABLE,Os editais de fomento à cultura devem reservar vagas para artistas com deficiência,A Comissão deve criar uma subcomissão para acompanhar se as leis sobre autismo estão sendo cumpridas,FAVOR,AGAINST,SYNTHETIC_EXPECTED
syn_f5be8667bfcc,3f649c16713f4c6f,expansion,REVERSE_ON_INCOMPARABLE,INCOMPARABLE,INCOMPARABLE,"Os recursos das políticas para mulheres devem ser geridos diretamente pelo Ministério das Mulheres, e não pelo Ministério da Justiça.",O Brasil deve criar políticas públicas para cuidar da saúde das mulheres na menopausa,FAVOR,AGAINST,SYNTHETIC_EXPECTED
syn_63e2902b848b,406f53bbc7b4086a,expansion,REVERSE_ON_INCOMPARABLE,INCOMPARABLE,INCOMPARABLE,Pessoas autistas conseguem ocupar espaços importantes na sociedade se tiverem apoio e acessibilidade,"O autismo deve ser visto como uma neurodiversidade, com respeito às diferenças de cada pessoa autista",FAVOR,AGAINST,SYNTHETIC_EXPECTED
syn_db8efe8d8fb9,42af9ecf027d72bc,expansion,REVERSE_ON_INCOMPARABLE,INCOMPARABLE,INCOMPARABLE,A Classificação Internacional de Funcionalidade deve ser incorporada à Classificação Internacional de Doenças.,O cuidado com as pessoas pode ser tratado como um negócio,AGAINST,FAVOR,SYNTHETIC_EXPECTED
syn_09f474008dad,4cffd4e8a3906c01,pilot,REVERSE_ON_INCOMPARABLE,INCOMPARABLE,INCOMPARABLE,"O STF deve evitar o ativismo judicial, deixando ao Legislativo a criação e a modificação de leis.",O governo precisa cobrar mais das distribuidoras de energia na antes de renovar as suas concessões,FAVOR,AGAINST,SYNTHETIC_EXPECTED
syn_d1e41da15367,56076bd074c74d1a,expansion,REVERSE_ON_INCOMPARABLE,INCOMPARABLE,INCOMPARABLE,"O Brasil deve avançar no uso de tecnologias de registros distribuídos, como a blockchain.",O Parlamento deve fortalecer a ANPD para que ela proteja melhor os dados dos cidadãos,FAVOR,AGAINST,SYNTHETIC_EXPECTED
syn_04585703f194,597ab529d9e58c55,expansion,REVERSE_ON_COMPARABLE,STANCE_MAINTAINED,STANCE_REVERSED,A gestão atual está recuperando os hospitais federais do Rio de Janeiro,A gestão atual está recuperando os hospitais federais do Rio de Janeiro,FAVOR,AGAINST,SYNTHETIC_EXPECTED
syn_a2e1c7af28c4,597ab529d9e58c55,expansion,NEGATED_PARAPHRASE,STANCE_MAINTAINED,STANCE_MAINTAINED,A gestão atual está recuperando os hospitais federais do Rio de Janeiro,A gestão atual está recuperando os hospitais federais do Rio de Janeiro,FAVOR,FAVOR,SYNTHETIC_EXPECTED
syn_d74e40cc683a,597ab529d9e58c55,expansion,SHIFT_PROPOSITION,STANCE_MAINTAINED,INCOMPARABLE,A gestão atual está recuperando os hospitais federais do Rio de Janeiro,A gestão atual está recuperando os hospitais federais do Rio de Janeiro,FAVOR,NOT_ADDRESSED,SYNTHETIC_EXPECTED
syn_93386bb00302,62551a12ba0d40a1,expansion,REVERSE_ON_INCOMPARABLE,INCOMPARABLE,INCOMPARABLE,O Estado brasileiro deve se preparar para o envelhecimento da população,Os danos da mineração à população recebem a atenção que merecem,AGAINST,FAVOR,SYNTHETIC_EXPECTED
syn_773d4b38ed34,6a7b7af41cec3ff3,expansion,REVERSE_ON_INCOMPARABLE,INCOMPARABLE,INCOMPARABLE,O cartão consignado é uma forma segura de crédito para o servidor,"Professores devem poder escolher sua carga horária, inclusive acumulando dois cargos públicos.",FAVOR,AGAINST,SYNTHETIC_EXPECTED
syn_360ffbf33ea0,8034e650e53050e1,expansion,REVERSE_ON_INCOMPARABLE,INCOMPARABLE,INCOMPARABLE,O Congresso deve derrubar o veto ao projeto que garante recursos contra desastres,Os desastres climáticos também são causados pela desigualdade e atingem mais os pobres e a população negra,FAVOR,AGAINST,SYNTHETIC_EXPECTED
syn_2cb04a2e6369,87fa10a79fe070e0,expansion,REVERSE_ON_INCOMPARABLE,INCOMPARABLE,INCOMPARABLE,O Ministério Público Federal e a Justiça cobram a Fundação Renova como deveriam,O novo acordo de reparação de Mariana deve ser fechado logo,FAVOR,AGAINST,SYNTHETIC_EXPECTED
syn_bdd5f1305472,892d7d3a6e934091,expansion,REVERSE_ON_COMPARABLE,STANCE_MAINTAINED,STANCE_REVERSED,A Câmara e o Estado devem evitar que a cobertura vacinal caia ainda mais,O Brasil deve enfrentar o movimento antivacina e recuperar a cobertura de vacinação do povo,FAVOR,AGAINST,SYNTHETIC_EXPECTED
syn_c6fb523e5490,892d7d3a6e934091,expansion,NEGATED_PARAPHRASE,STANCE_MAINTAINED,STANCE_MAINTAINED,A Câmara e o Estado devem evitar que a cobertura vacinal caia ainda mais,O Brasil deve enfrentar o movimento antivacina e recuperar a cobertura de vacinação do povo,FAVOR,FAVOR,SYNTHETIC_EXPECTED
syn_29711045c8d6,892d7d3a6e934091,expansion,SHIFT_PROPOSITION,STANCE_MAINTAINED,INCOMPARABLE,A Câmara e o Estado devem evitar que a cobertura vacinal caia ainda mais,O Brasil deve enfrentar o movimento antivacina e recuperar a cobertura de vacinação do povo,FAVOR,NOT_ADDRESSED,SYNTHETIC_EXPECTED
syn_9ec876c670b6,8b9017a72effb414,expansion,REVERSE_ON_INCOMPARABLE,INCOMPARABLE,INCOMPARABLE,Devemos pensar em políticas públicas para as pessoas idosas,A Convenção Interamericana dos direitos das pessoas idosas deve ser aprovada como emenda constitucional,FAVOR,AGAINST,SYNTHETIC_EXPECTED
syn_75ca94eb2c50,8c2dfcbfad142a02,expansion,REVERSE_ON_COMPARABLE,STANCE_MAINTAINED,STANCE_REVERSED,Cuidar do bem-estar dos animais ajuda a proteger o meio ambiente e a saúde humana,Cuidar do bem-estar dos animais também é proteger a vida humana,FAVOR,AGAINST,SYNTHETIC_EXPECTED
syn_dac3e7097e45,8c2dfcbfad142a02,expansion,NEGATED_PARAPHRASE,STANCE_MAINTAINED,STANCE_MAINTAINED,Cuidar do bem-estar dos animais ajuda a proteger o meio ambiente e a saúde humana,Cuidar do bem-estar dos animais também é proteger a vida humana,FAVOR,FAVOR,SYNTHETIC_EXPECTED
syn_6c7cba78c0ae,8c2dfcbfad142a02,expansion,SHIFT_PROPOSITION,STANCE_MAINTAINED,INCOMPARABLE,Cuidar do bem-estar dos animais ajuda a proteger o meio ambiente e a saúde humana,Cuidar do bem-estar dos animais também é proteger a vida humana,FAVOR,NOT_ADDRESSED,SYNTHETIC_EXPECTED
syn_589e490ddb47,90a4cc8b19325243,expansion,REVERSE_ON_INCOMPARABLE,INCOMPARABLE,INCOMPARABLE,A área da saúde deve dar mais atenção a como a desigualdade social aumenta riscos para a população,O Brasil deve enfrentar o movimento antivacina e recuperar a cobertura de vacinação do povo,FAVOR,AGAINST,SYNTHETIC_EXPECTED
syn_78ad7ca2c13e,982501e57fbbcdcc,expansion,REVERSE_ON_COMPARABLE,STANCE_MAINTAINED,STANCE_REVERSED,O poder público deve investir mais em prevenir desastres ao invés de agir só reativamente,O Fundo de Calamidade Pública deve ter orçamento para prevenir e responder a desastres,FAVOR,AGAINST,SYNTHETIC_EXPECTED
syn_f9f6e6e8c346,982501e57fbbcdcc,expansion,NEGATED_PARAPHRASE,STANCE_MAINTAINED,STANCE_MAINTAINED,O poder público deve investir mais em prevenir desastres ao invés de agir só reativamente,O Fundo de Calamidade Pública deve ter orçamento para prevenir e responder a desastres,FAVOR,FAVOR,SYNTHETIC_EXPECTED
syn_e86aac1a18eb,982501e57fbbcdcc,expansion,SHIFT_PROPOSITION,STANCE_MAINTAINED,INCOMPARABLE,O poder público deve investir mais em prevenir desastres ao invés de agir só reativamente,O Fundo de Calamidade Pública deve ter orçamento para prevenir e responder a desastres,FAVOR,NOT_ADDRESSED,SYNTHETIC_EXPECTED
syn_8eebc1559742,99ca50f2ecb70ba4,expansion,REVERSE_ON_COMPARABLE,STANCE_MAINTAINED,STANCE_REVERSED,O IBAMA não cria obstáculos indevidos ao licenciamento da Petrobras.,O IBAMA não cria obstáculos indevidos ao licenciamento da Petrobras.,FAVOR,AGAINST,SYNTHETIC_EXPECTED
syn_1442abdf8533,99ca50f2ecb70ba4,expansion,NEGATED_PARAPHRASE,STANCE_MAINTAINED,STANCE_MAINTAINED,O IBAMA não cria obstáculos indevidos ao licenciamento da Petrobras.,O IBAMA não cria obstáculos indevidos ao licenciamento da Petrobras.,FAVOR,FAVOR,SYNTHETIC_EXPECTED
syn_4bf60b1054be,99ca50f2ecb70ba4,expansion,SHIFT_PROPOSITION,STANCE_MAINTAINED,INCOMPARABLE,O IBAMA não cria obstáculos indevidos ao licenciamento da Petrobras.,O IBAMA não cria obstáculos indevidos ao licenciamento da Petrobras.,FAVOR,NOT_ADDRESSED,SYNTHETIC_EXPECTED
syn_62bc327e1375,9b028d8dc263fd18,expansion,REVERSE_ON_INCOMPARABLE,INCOMPARABLE,INCOMPARABLE,As ICTs públicas devem ter autonomia de gestão e de orçamento,A Câmara deve votar o projeto que muda a Lei do Bem,FAVOR,AGAINST,SYNTHETIC_EXPECTED
syn_a48f3ff2e646,a9bdcddb335a5a07,expansion,REVERSE_ON_INCOMPARABLE,INCOMPARABLE,INCOMPARABLE,Políticas de independência econômica para mulheres vítimas de violência devem ser adotadas para interromper o ciclo da violência.,"Os recursos das políticas para mulheres devem ser geridos diretamente pelo Ministério das Mulheres, e não pelo Ministério da Justiça.",FAVOR,AGAINST,SYNTHETIC_EXPECTED
syn_73fc87b8e147,af4d70f0c140e9c9,pilot,REVERSE_ON_INCOMPARABLE,INCOMPARABLE,INCOMPARABLE,O país precisa regular as redes sociais pra frear o discurso de ódio,O orçamento federal deve destinar recursos específicos para prevenção da violência contra crianças e adolescentes.,FAVOR,AGAINST,SYNTHETIC_EXPECTED
syn_c8db79ea72b4,b4a84fb6380ec371,expansion,REVERSE_ON_INCOMPARABLE,INCOMPARABLE,INCOMPARABLE,O combate ao racismo deve começar já nos serviços públicos para crianças pequenas,"Devemos enfrentar o racismo, em especial a mulheres durante a educação",FAVOR,AGAINST,SYNTHETIC_EXPECTED
syn_08d56e3017bc,d3769de977ace19d,pilot,REVERSE_ON_COMPARABLE,STANCE_MAINTAINED,STANCE_REVERSED,O país deve destinar recursos para previnir desastres,Devem haver recursos específicos alocados para a prevenção de desastres,FAVOR,AGAINST,SYNTHETIC_EXPECTED
syn_8b8a272f4fab,d3769de977ace19d,pilot,NEGATED_PARAPHRASE,STANCE_MAINTAINED,STANCE_MAINTAINED,O país deve destinar recursos para previnir desastres,Devem haver recursos específicos alocados para a prevenção de desastres,FAVOR,FAVOR,SYNTHETIC_EXPECTED
syn_d81cb919efaa,d3769de977ace19d,pilot,SHIFT_PROPOSITION,STANCE_MAINTAINED,INCOMPARABLE,O país deve destinar recursos para previnir desastres,Devem haver recursos específicos alocados para a prevenção de desastres,FAVOR,NOT_ADDRESSED,SYNTHETIC_EXPECTED
syn_0b14888f2521,d4c07b40fb424a0c,pilot,REVERSE_ON_COMPARABLE,STANCE_MAINTAINED,STANCE_REVERSED,A vacina contra a Covid-19 deve ser obrigatória para crianças de 6 meses a 5 anos,A vacina contra a Covid-19 deve ser obrigatória para crianças (não menciona idade diretamente),AGAINST,FAVOR,SYNTHETIC_EXPECTED
syn_b3a9b90f5e23,d4c07b40fb424a0c,pilot,NEGATED_PARAPHRASE,STANCE_MAINTAINED,STANCE_MAINTAINED,A vacina contra a Covid-19 deve ser obrigatória para crianças de 6 meses a 5 anos,A vacina contra a Covid-19 deve ser obrigatória para crianças (não menciona idade diretamente),AGAINST,AGAINST,SYNTHETIC_EXPECTED
syn_afdaab6d2eb3,d4c07b40fb424a0c,pilot,SHIFT_PROPOSITION,STANCE_MAINTAINED,INCOMPARABLE,A vacina contra a Covid-19 deve ser obrigatória para crianças de 6 meses a 5 anos,A vacina contra a Covid-19 deve ser obrigatória para crianças (não menciona idade diretamente),AGAINST,NOT_ADDRESSED,SYNTHETIC_EXPECTED
syn_247c348ae931,d4e87de87b4f3431,pilot,REVERSE_ON_INCOMPARABLE,INCOMPARABLE,INCOMPARABLE,Foi adequada a contratação dessa empresa pelo Ministério da Saúde.,O Ministério verifica quem recebe diárias e passagens,AGAINST,FAVOR,SYNTHETIC_EXPECTED
syn_c6a2a29ef0b4,de54c782d361768c,pilot,REVERSE_ON_INCOMPARABLE,INCOMPARABLE,INCOMPARABLE,Políticas de independência econômica para mulheres vítimas de violência devem ser adotadas para interromper o ciclo da violência.,Deve ser criado um programa público focado na saúde das mulheres na menopausa,FAVOR,AGAINST,SYNTHETIC_EXPECTED
syn_db7a3f8f200d,e001ebac1d8033f1,pilot,REVERSE_ON_COMPARABLE,STANCE_MAINTAINED,STANCE_REVERSED,"Deve ser criado um sistema nacional de apoio a vítimas de desastres, integrado ao Sistema Nacional de Proteção e Defesa Civil.",O país precisa proteger os mais vulneráveis quando acontecem desastres,FAVOR,AGAINST,SYNTHETIC_EXPECTED
syn_aac24a0f849c,e001ebac1d8033f1,pilot,NEGATED_PARAPHRASE,STANCE_MAINTAINED,STANCE_MAINTAINED,"Deve ser criado um sistema nacional de apoio a vítimas de desastres, integrado ao Sistema Nacional de Proteção e Defesa Civil.",O país precisa proteger os mais vulneráveis quando acontecem desastres,FAVOR,FAVOR,SYNTHETIC_EXPECTED
syn_7f48e74c939f,e001ebac1d8033f1,pilot,SHIFT_PROPOSITION,STANCE_MAINTAINED,INCOMPARABLE,"Deve ser criado um sistema nacional de apoio a vítimas de desastres, integrado ao Sistema Nacional de Proteção e Defesa Civil.",O país precisa proteger os mais vulneráveis quando acontecem desastres,FAVOR,NOT_ADDRESSED,SYNTHETIC_EXPECTED
syn_e7ba8f110044,e13d509a937ffa5f,expansion,REVERSE_ON_INCOMPARABLE,INCOMPARABLE,INCOMPARABLE,Os contratos de seguro de vida para idosos são abusivos,"O fabricante deve continuar tendo que consertar um produto que foi feito para durar menos, mesmo depois que a garantia dele acabar",FAVOR,AGAINST,SYNTHETIC_EXPECTED
syn_b447f632f4d7,e2e808118c9ee9de,expansion,REVERSE_ON_INCOMPARABLE,INCOMPARABLE,INCOMPARABLE,"O Ministério da Saúde se omitiu no financiamento do tratamento da retinopatia diabética, transferindo o problema a estados e municípios.",As doenças do coração que surgem com o envelhecimento devem ser mais divulgadas,FAVOR,AGAINST,SYNTHETIC_EXPECTED
syn_8dfd859600d4,e6a308550846aa5f,pilot,REVERSE_ON_INCOMPARABLE,INCOMPARABLE,INCOMPARABLE,O Congresso deve criar um marco regulatório para a transição energética,Precisam haver critérios claros para a escolha de novos combustíveis não fósseis.,FAVOR,AGAINST,SYNTHETIC_EXPECTED
syn_fbdffc354704,ebcdef50abd4418f,pilot,REVERSE_ON_INCOMPARABLE,INCOMPARABLE,INCOMPARABLE,Deve haver um plano de proteção para mulheres e crianças indígenas,Precisam ser criados planos e conselhos para a população LGBTQIA+,FAVOR,AGAINST,SYNTHETIC_EXPECTED
syn_6f89da01829d,ffe531755c6def2e,expansion,REVERSE_ON_COMPARABLE,STANCE_MAINTAINED,STANCE_REVERSED,A Câmara deve aprovar o projeto que regulamenta o trabalho dos motoristas de aplicativo,A Câmara deve aprovar o projeto que regulamenta o trabalho dos motoristas de aplicativo,AGAINST,FAVOR,SYNTHETIC_EXPECTED
syn_cbd48cb23569,ffe531755c6def2e,expansion,NEGATED_PARAPHRASE,STANCE_MAINTAINED,STANCE_MAINTAINED,A Câmara deve aprovar o projeto que regulamenta o trabalho dos motoristas de aplicativo,A Câmara deve aprovar o projeto que regulamenta o trabalho dos motoristas de aplicativo,AGAINST,AGAINST,SYNTHETIC_EXPECTED
syn_32eb1fccde21,ffe531755c6def2e,expansion,SHIFT_PROPOSITION,STANCE_MAINTAINED,INCOMPARABLE,A Câmara deve aprovar o projeto que regulamenta o trabalho dos motoristas de aplicativo,A Câmara deve aprovar o projeto que regulamenta o trabalho dos motoristas de aplicativo,AGAINST,NOT_ADDRESSED,SYNTHETIC_EXPECTED
