spec_id,source_pair_id,gold_round,operation,expected_relation,model,A_end_to_end,B_forced_comparability,C_structured_with_gate,same_proposition,stance_a,stance_b,malformed_output,original_A_end_to_end,original_B_forced_comparability,original_C_structured_with_gate,label_source
syn_d249b2daa820,06f6bf71ce0746e2,expansion,NEGATED_PARAPHRASE,STANCE_MAINTAINED,Qwen/Qwen2.5-72B-Instruct,STANCE_MAINTAINED,STANCE_MAINTAINED,STANCE_MAINTAINED,YES,FAVOR,FAVOR,False,STANCE_MAINTAINED,STANCE_MAINTAINED,STANCE_MAINTAINED,MODEL_PREDICTION_ON_SYNTHETIC
syn_d249b2daa820,06f6bf71ce0746e2,expansion,NEGATED_PARAPHRASE,STANCE_MAINTAINED,meta-llama/Llama-3.3-70B-Instruct-Turbo,STANCE_MAINTAINED,STANCE_MAINTAINED,STANCE_MAINTAINED,YES,FAVOR,FAVOR,False,STANCE_MAINTAINED,STANCE_MAINTAINED,INCOMPARABLE,MODEL_PREDICTION_ON_SYNTHETIC
syn_9d79ea135ad4,06f6bf71ce0746e2,expansion,SHIFT_PROPOSITION,INCOMPARABLE,Qwen/Qwen2.5-72B-Instruct,STANCE_MAINTAINED,STANCE_MAINTAINED,STANCE_MAINTAINED,YES,FAVOR,FAVOR,False,STANCE_MAINTAINED,STANCE_MAINTAINED,STANCE_MAINTAINED,MODEL_PREDICTION_ON_SYNTHETIC
syn_9d79ea135ad4,06f6bf71ce0746e2,expansion,SHIFT_PROPOSITION,INCOMPARABLE,meta-llama/Llama-3.3-70B-Instruct-Turbo,STANCE_MAINTAINED,STANCE_MAINTAINED,INCOMPARABLE,NO,FAVOR,FAVOR,False,STANCE_MAINTAINED,STANCE_MAINTAINED,INCOMPARABLE,MODEL_PREDICTION_ON_SYNTHETIC
syn_022cab59aa7e,16c67be32f60e074,expansion,REVERSE_ON_INCOMPARABLE,INCOMPARABLE,Qwen/Qwen2.5-72B-Instruct,INCOMPARABLE,STANCE_MAINTAINED,INCOMPARABLE,NO,FAVOR,FAVOR,False,STANCE_MAINTAINED,STANCE_MAINTAINED,INCOMPARABLE,MODEL_PREDICTION_ON_SYNTHETIC
syn_022cab59aa7e,16c67be32f60e074,expansion,REVERSE_ON_INCOMPARABLE,INCOMPARABLE,meta-llama/Llama-3.3-70B-Instruct-Turbo,INCOMPARABLE,STANCE_MAINTAINED,INCOMPARABLE,NO,FAVOR,FAVOR,False,INCOMPARABLE,STANCE_MAINTAINED,INCOMPARABLE,MODEL_PREDICTION_ON_SYNTHETIC
syn_6d7f969a506d,1f862b43757396e1,expansion,REVERSE_ON_INCOMPARABLE,INCOMPARABLE,Qwen/Qwen2.5-72B-Instruct,INCOMPARABLE,STANCE_MAINTAINED,INCOMPARABLE,NO,FAVOR,FAVOR,False,INCOMPARABLE,STANCE_MAINTAINED,INCOMPARABLE,MODEL_PREDICTION_ON_SYNTHETIC
syn_6d7f969a506d,1f862b43757396e1,expansion,REVERSE_ON_INCOMPARABLE,INCOMPARABLE,meta-llama/Llama-3.3-70B-Instruct-Turbo,INCOMPARABLE,STANCE_REVERSED,INCOMPARABLE,NO,FAVOR,AGAINST,False,INCOMPARABLE,STANCE_MAINTAINED,INCOMPARABLE,MODEL_PREDICTION_ON_SYNTHETIC
syn_5454cbce028e,24c599750bdd544f,pilot,REVERSE_ON_COMPARABLE,STANCE_REVERSED,Qwen/Qwen2.5-72B-Instruct,STANCE_MAINTAINED,INSUFFICIENT_EVIDENCE,INSUFFICIENT_EVIDENCE,NO,UNCERTAIN,AGAINST,False,STANCE_MAINTAINED,INSUFFICIENT_EVIDENCE,INSUFFICIENT_EVIDENCE,MODEL_PREDICTION_ON_SYNTHETIC
syn_5454cbce028e,24c599750bdd544f,pilot,REVERSE_ON_COMPARABLE,STANCE_REVERSED,meta-llama/Llama-3.3-70B-Instruct-Turbo,STANCE_MAINTAINED,STANCE_MAINTAINED,STANCE_MAINTAINED,YES,FAVOR,FAVOR,False,STANCE_MAINTAINED,STANCE_MAINTAINED,STANCE_MAINTAINED,MODEL_PREDICTION_ON_SYNTHETIC
syn_760d4868fd2e,24c599750bdd544f,pilot,NEGATED_PARAPHRASE,STANCE_MAINTAINED,Qwen/Qwen2.5-72B-Instruct,STANCE_MAINTAINED,INSUFFICIENT_EVIDENCE,INSUFFICIENT_EVIDENCE,UNCERTAIN,UNCERTAIN,UNCERTAIN,False,STANCE_MAINTAINED,INSUFFICIENT_EVIDENCE,INSUFFICIENT_EVIDENCE,MODEL_PREDICTION_ON_SYNTHETIC
syn_760d4868fd2e,24c599750bdd544f,pilot,NEGATED_PARAPHRASE,STANCE_MAINTAINED,meta-llama/Llama-3.3-70B-Instruct-Turbo,STANCE_MAINTAINED,STANCE_MAINTAINED,STANCE_MAINTAINED,YES,FAVOR,FAVOR,False,STANCE_MAINTAINED,STANCE_MAINTAINED,STANCE_MAINTAINED,MODEL_PREDICTION_ON_SYNTHETIC
syn_53fc3867f4df,24c599750bdd544f,pilot,SHIFT_PROPOSITION,INCOMPARABLE,Qwen/Qwen2.5-72B-Instruct,STANCE_MAINTAINED,INSUFFICIENT_EVIDENCE,INSUFFICIENT_EVIDENCE,UNCERTAIN,UNCERTAIN,UNCERTAIN,False,STANCE_MAINTAINED,INSUFFICIENT_EVIDENCE,INSUFFICIENT_EVIDENCE,MODEL_PREDICTION_ON_SYNTHETIC
syn_53fc3867f4df,24c599750bdd544f,pilot,SHIFT_PROPOSITION,INCOMPARABLE,meta-llama/Llama-3.3-70B-Instruct-Turbo,STANCE_MAINTAINED,STANCE_MAINTAINED,STANCE_MAINTAINED,YES,FAVOR,FAVOR,False,STANCE_MAINTAINED,STANCE_MAINTAINED,STANCE_MAINTAINED,MODEL_PREDICTION_ON_SYNTHETIC
syn_ff8a23c3a556,2a22c99d1d3a678c,pilot,REVERSE_ON_INCOMPARABLE,INCOMPARABLE,Qwen/Qwen2.5-72B-Instruct,INCOMPARABLE,STANCE_MAINTAINED,INCOMPARABLE,NO,FAVOR,FAVOR,False,INCOMPARABLE,STANCE_MAINTAINED,INCOMPARABLE,MODEL_PREDICTION_ON_SYNTHETIC
syn_ff8a23c3a556,2a22c99d1d3a678c,pilot,REVERSE_ON_INCOMPARABLE,INCOMPARABLE,meta-llama/Llama-3.3-70B-Instruct-Turbo,INCOMPARABLE,STANCE_MAINTAINED,INCOMPARABLE,NO,FAVOR,FAVOR,False,INCOMPARABLE,STANCE_MAINTAINED,INCOMPARABLE,MODEL_PREDICTION_ON_SYNTHETIC
syn_2f8b7031e619,2e42e8583aea6939,pilot,REVERSE_ON_INCOMPARABLE,INCOMPARABLE,Qwen/Qwen2.5-72B-Instruct,STANCE_MAINTAINED,STANCE_MAINTAINED,INCOMPARABLE,NO,FAVOR,FAVOR,False,STANCE_MAINTAINED,STANCE_MAINTAINED,INCOMPARABLE,MODEL_PREDICTION_ON_SYNTHETIC
syn_2f8b7031e619,2e42e8583aea6939,pilot,REVERSE_ON_INCOMPARABLE,INCOMPARABLE,meta-llama/Llama-3.3-70B-Instruct-Turbo,STANCE_MAINTAINED,STANCE_MAINTAINED,INCOMPARABLE,NO,FAVOR,FAVOR,False,STANCE_MAINTAINED,STANCE_MAINTAINED,INCOMPARABLE,MODEL_PREDICTION_ON_SYNTHETIC
syn_2905cc0189f9,3459768d16f576e5,pilot,SHIFT_PROPOSITION,INCOMPARABLE,Qwen/Qwen2.5-72B-Instruct,STANCE_MAINTAINED,STANCE_MAINTAINED,STANCE_MAINTAINED,YES,FAVOR,FAVOR,False,STANCE_MAINTAINED,STANCE_MAINTAINED,STANCE_MAINTAINED,MODEL_PREDICTION_ON_SYNTHETIC
syn_2905cc0189f9,3459768d16f576e5,pilot,SHIFT_PROPOSITION,INCOMPARABLE,meta-llama/Llama-3.3-70B-Instruct-Turbo,STANCE_MAINTAINED,STANCE_MAINTAINED,INCOMPARABLE,NO,FAVOR,FAVOR,False,STANCE_MAINTAINED,STANCE_MAINTAINED,INCOMPARABLE,MODEL_PREDICTION_ON_SYNTHETIC
syn_0ea3427ca13e,379d85fc73b5d187,expansion,REVERSE_ON_INCOMPARABLE,INCOMPARABLE,Qwen/Qwen2.5-72B-Instruct,INCOMPARABLE,RELATION_UNCERTAIN,INCOMPARABLE,NO,FAVOR,UNCERTAIN,False,INCOMPARABLE,STANCE_MAINTAINED,INCOMPARABLE,MODEL_PREDICTION_ON_SYNTHETIC
syn_0ea3427ca13e,379d85fc73b5d187,expansion,REVERSE_ON_INCOMPARABLE,INCOMPARABLE,meta-llama/Llama-3.3-70B-Instruct-Turbo,INCOMPARABLE,RELATION_UNCERTAIN,INCOMPARABLE,NO,FAVOR,UNCERTAIN,False,INCOMPARABLE,STANCE_MAINTAINED,INCOMPARABLE,MODEL_PREDICTION_ON_SYNTHETIC
syn_7aadeaaa8c51,3ebdfd5f91baeb30,expansion,REVERSE_ON_INCOMPARABLE,INCOMPARABLE,Qwen/Qwen2.5-72B-Instruct,INCOMPARABLE,STANCE_MAINTAINED,INCOMPARABLE,NO,FAVOR,FAVOR,False,INCOMPARABLE,STANCE_MAINTAINED,INCOMPARABLE,MODEL_PREDICTION_ON_SYNTHETIC
syn_7aadeaaa8c51,3ebdfd5f91baeb30,expansion,REVERSE_ON_INCOMPARABLE,INCOMPARABLE,meta-llama/Llama-3.3-70B-Instruct-Turbo,INCOMPARABLE,STANCE_MAINTAINED,INCOMPARABLE,NO,FAVOR,FAVOR,False,INCOMPARABLE,STANCE_MAINTAINED,INCOMPARABLE,MODEL_PREDICTION_ON_SYNTHETIC
syn_f5be8667bfcc,3f649c16713f4c6f,expansion,REVERSE_ON_INCOMPARABLE,INCOMPARABLE,Qwen/Qwen2.5-72B-Instruct,INCOMPARABLE,STANCE_MAINTAINED,INCOMPARABLE,NO,FAVOR,FAVOR,False,INCOMPARABLE,INSUFFICIENT_EVIDENCE,INSUFFICIENT_EVIDENCE,MODEL_PREDICTION_ON_SYNTHETIC
syn_f5be8667bfcc,3f649c16713f4c6f,expansion,REVERSE_ON_INCOMPARABLE,INCOMPARABLE,meta-llama/Llama-3.3-70B-Instruct-Turbo,INCOMPARABLE,STANCE_MAINTAINED,INCOMPARABLE,NO,AGAINST,AGAINST,False,INCOMPARABLE,STANCE_MAINTAINED,INCOMPARABLE,MODEL_PREDICTION_ON_SYNTHETIC
syn_db8efe8d8fb9,42af9ecf027d72bc,expansion,REVERSE_ON_INCOMPARABLE,INCOMPARABLE,Qwen/Qwen2.5-72B-Instruct,INCOMPARABLE,STANCE_MAINTAINED,INCOMPARABLE,NO,FAVOR,FAVOR,False,INCOMPARABLE,STANCE_MAINTAINED,INCOMPARABLE,MODEL_PREDICTION_ON_SYNTHETIC
syn_db8efe8d8fb9,42af9ecf027d72bc,expansion,REVERSE_ON_INCOMPARABLE,INCOMPARABLE,meta-llama/Llama-3.3-70B-Instruct-Turbo,INCOMPARABLE,STANCE_MAINTAINED,INCOMPARABLE,NO,FAVOR,FAVOR,False,INCOMPARABLE,STANCE_MAINTAINED,INCOMPARABLE,MODEL_PREDICTION_ON_SYNTHETIC
syn_09f474008dad,4cffd4e8a3906c01,pilot,REVERSE_ON_INCOMPARABLE,INCOMPARABLE,Qwen/Qwen2.5-72B-Instruct,INCOMPARABLE,STANCE_MAINTAINED,INCOMPARABLE,NO,FAVOR,FAVOR,False,INCOMPARABLE,STANCE_MAINTAINED,INCOMPARABLE,MODEL_PREDICTION_ON_SYNTHETIC
syn_09f474008dad,4cffd4e8a3906c01,pilot,REVERSE_ON_INCOMPARABLE,INCOMPARABLE,meta-llama/Llama-3.3-70B-Instruct-Turbo,INCOMPARABLE,STANCE_REVERSED,INCOMPARABLE,NO,AGAINST,FAVOR,False,INCOMPARABLE,STANCE_REVERSED,INCOMPARABLE,MODEL_PREDICTION_ON_SYNTHETIC
syn_04585703f194,597ab529d9e58c55,expansion,REVERSE_ON_COMPARABLE,STANCE_REVERSED,Qwen/Qwen2.5-72B-Instruct,INCOMPARABLE,STANCE_MAINTAINED,INCOMPARABLE,NO,FAVOR,FAVOR,False,STANCE_MAINTAINED,STANCE_MAINTAINED,INCOMPARABLE,MODEL_PREDICTION_ON_SYNTHETIC
syn_04585703f194,597ab529d9e58c55,expansion,REVERSE_ON_COMPARABLE,STANCE_REVERSED,meta-llama/Llama-3.3-70B-Instruct-Turbo,INCOMPARABLE,STANCE_MAINTAINED,INCOMPARABLE,NO,FAVOR,FAVOR,False,STANCE_MAINTAINED,STANCE_MAINTAINED,INCOMPARABLE,MODEL_PREDICTION_ON_SYNTHETIC
syn_93386bb00302,62551a12ba0d40a1,expansion,REVERSE_ON_INCOMPARABLE,INCOMPARABLE,Qwen/Qwen2.5-72B-Instruct,INCOMPARABLE,INSUFFICIENT_EVIDENCE,INSUFFICIENT_EVIDENCE,NO,UNCERTAIN,UNCERTAIN,False,INCOMPARABLE,INSUFFICIENT_EVIDENCE,INSUFFICIENT_EVIDENCE,MODEL_PREDICTION_ON_SYNTHETIC
syn_93386bb00302,62551a12ba0d40a1,expansion,REVERSE_ON_INCOMPARABLE,INCOMPARABLE,meta-llama/Llama-3.3-70B-Instruct-Turbo,INCOMPARABLE,INSUFFICIENT_EVIDENCE,INSUFFICIENT_EVIDENCE,NO,UNCERTAIN,UNCERTAIN,False,INCOMPARABLE,INSUFFICIENT_EVIDENCE,INSUFFICIENT_EVIDENCE,MODEL_PREDICTION_ON_SYNTHETIC
syn_c6fb523e5490,892d7d3a6e934091,expansion,NEGATED_PARAPHRASE,STANCE_MAINTAINED,Qwen/Qwen2.5-72B-Instruct,STANCE_MAINTAINED,STANCE_REVERSED,INCOMPARABLE,NO,FAVOR,AGAINST,False,STANCE_MAINTAINED,STANCE_REVERSED,INCOMPARABLE,MODEL_PREDICTION_ON_SYNTHETIC
syn_c6fb523e5490,892d7d3a6e934091,expansion,NEGATED_PARAPHRASE,STANCE_MAINTAINED,meta-llama/Llama-3.3-70B-Instruct-Turbo,STANCE_MAINTAINED,STANCE_MAINTAINED,STANCE_MAINTAINED,YES,FAVOR,FAVOR,False,STANCE_MAINTAINED,STANCE_MAINTAINED,STANCE_MAINTAINED,MODEL_PREDICTION_ON_SYNTHETIC
syn_9ec876c670b6,8b9017a72effb414,expansion,REVERSE_ON_INCOMPARABLE,INCOMPARABLE,Qwen/Qwen2.5-72B-Instruct,STANCE_REVERSED,STANCE_REVERSED,STANCE_REVERSED,YES,FAVOR,AGAINST,False,STANCE_MAINTAINED,STANCE_MAINTAINED,STANCE_MAINTAINED,MODEL_PREDICTION_ON_SYNTHETIC
syn_9ec876c670b6,8b9017a72effb414,expansion,REVERSE_ON_INCOMPARABLE,INCOMPARABLE,meta-llama/Llama-3.3-70B-Instruct-Turbo,STANCE_REVERSED,STANCE_REVERSED,INCOMPARABLE,NO,FAVOR,AGAINST,False,STANCE_MAINTAINED,STANCE_MAINTAINED,STANCE_MAINTAINED,MODEL_PREDICTION_ON_SYNTHETIC
syn_75ca94eb2c50,8c2dfcbfad142a02,expansion,REVERSE_ON_COMPARABLE,STANCE_REVERSED,Qwen/Qwen2.5-72B-Instruct,STANCE_MAINTAINED,STANCE_MAINTAINED,STANCE_MAINTAINED,YES,FAVOR,FAVOR,False,STANCE_MAINTAINED,STANCE_MAINTAINED,STANCE_MAINTAINED,MODEL_PREDICTION_ON_SYNTHETIC
syn_75ca94eb2c50,8c2dfcbfad142a02,expansion,REVERSE_ON_COMPARABLE,STANCE_REVERSED,meta-llama/Llama-3.3-70B-Instruct-Turbo,STANCE_MAINTAINED,STANCE_MAINTAINED,INCOMPARABLE,NO,FAVOR,FAVOR,False,STANCE_MAINTAINED,STANCE_MAINTAINED,INCOMPARABLE,MODEL_PREDICTION_ON_SYNTHETIC
syn_6c7cba78c0ae,8c2dfcbfad142a02,expansion,SHIFT_PROPOSITION,INCOMPARABLE,Qwen/Qwen2.5-72B-Instruct,STANCE_MAINTAINED,STANCE_MAINTAINED,INCOMPARABLE,NO,FAVOR,FAVOR,False,STANCE_MAINTAINED,STANCE_MAINTAINED,STANCE_MAINTAINED,MODEL_PREDICTION_ON_SYNTHETIC
syn_6c7cba78c0ae,8c2dfcbfad142a02,expansion,SHIFT_PROPOSITION,INCOMPARABLE,meta-llama/Llama-3.3-70B-Instruct-Turbo,STANCE_MAINTAINED,STANCE_MAINTAINED,INCOMPARABLE,NO,FAVOR,FAVOR,False,STANCE_MAINTAINED,STANCE_MAINTAINED,INCOMPARABLE,MODEL_PREDICTION_ON_SYNTHETIC
syn_78ad7ca2c13e,982501e57fbbcdcc,expansion,REVERSE_ON_COMPARABLE,STANCE_REVERSED,Qwen/Qwen2.5-72B-Instruct,STANCE_REVERSED,STANCE_MAINTAINED,INCOMPARABLE,NO,FAVOR,FAVOR,False,STANCE_MAINTAINED,STANCE_MAINTAINED,STANCE_MAINTAINED,MODEL_PREDICTION_ON_SYNTHETIC
syn_78ad7ca2c13e,982501e57fbbcdcc,expansion,REVERSE_ON_COMPARABLE,STANCE_REVERSED,meta-llama/Llama-3.3-70B-Instruct-Turbo,STANCE_REVERSED,STANCE_REVERSED,INCOMPARABLE,NO,FAVOR,AGAINST,False,STANCE_MAINTAINED,STANCE_MAINTAINED,STANCE_MAINTAINED,MODEL_PREDICTION_ON_SYNTHETIC
syn_f9f6e6e8c346,982501e57fbbcdcc,expansion,NEGATED_PARAPHRASE,STANCE_MAINTAINED,Qwen/Qwen2.5-72B-Instruct,STANCE_MAINTAINED,STANCE_MAINTAINED,STANCE_MAINTAINED,YES,FAVOR,FAVOR,False,STANCE_MAINTAINED,STANCE_MAINTAINED,STANCE_MAINTAINED,MODEL_PREDICTION_ON_SYNTHETIC
syn_f9f6e6e8c346,982501e57fbbcdcc,expansion,NEGATED_PARAPHRASE,STANCE_MAINTAINED,meta-llama/Llama-3.3-70B-Instruct-Turbo,STANCE_MAINTAINED,STANCE_MAINTAINED,INCOMPARABLE,NO,FAVOR,FAVOR,False,STANCE_MAINTAINED,STANCE_MAINTAINED,STANCE_MAINTAINED,MODEL_PREDICTION_ON_SYNTHETIC
syn_e86aac1a18eb,982501e57fbbcdcc,expansion,SHIFT_PROPOSITION,INCOMPARABLE,Qwen/Qwen2.5-72B-Instruct,STANCE_MAINTAINED,STANCE_MAINTAINED,INCOMPARABLE,NO,FAVOR,FAVOR,False,STANCE_MAINTAINED,STANCE_MAINTAINED,STANCE_MAINTAINED,MODEL_PREDICTION_ON_SYNTHETIC
syn_e86aac1a18eb,982501e57fbbcdcc,expansion,SHIFT_PROPOSITION,INCOMPARABLE,meta-llama/Llama-3.3-70B-Instruct-Turbo,STANCE_MAINTAINED,STANCE_MAINTAINED,INCOMPARABLE,NO,FAVOR,FAVOR,False,STANCE_MAINTAINED,STANCE_MAINTAINED,STANCE_MAINTAINED,MODEL_PREDICTION_ON_SYNTHETIC
syn_62bc327e1375,9b028d8dc263fd18,expansion,REVERSE_ON_INCOMPARABLE,INCOMPARABLE,Qwen/Qwen2.5-72B-Instruct,STANCE_REVERSED,STANCE_REVERSED,INCOMPARABLE,NO,FAVOR,AGAINST,False,STANCE_MAINTAINED,STANCE_MAINTAINED,INCOMPARABLE,MODEL_PREDICTION_ON_SYNTHETIC
syn_62bc327e1375,9b028d8dc263fd18,expansion,REVERSE_ON_INCOMPARABLE,INCOMPARABLE,meta-llama/Llama-3.3-70B-Instruct-Turbo,STANCE_MAINTAINED,STANCE_REVERSED,INCOMPARABLE,NO,FAVOR,AGAINST,False,STANCE_MAINTAINED,STANCE_MAINTAINED,INCOMPARABLE,MODEL_PREDICTION_ON_SYNTHETIC
syn_a48f3ff2e646,a9bdcddb335a5a07,expansion,REVERSE_ON_INCOMPARABLE,INCOMPARABLE,Qwen/Qwen2.5-72B-Instruct,INCOMPARABLE,STANCE_MAINTAINED,INCOMPARABLE,NO,FAVOR,FAVOR,False,INCOMPARABLE,STANCE_MAINTAINED,INCOMPARABLE,MODEL_PREDICTION_ON_SYNTHETIC
syn_a48f3ff2e646,a9bdcddb335a5a07,expansion,REVERSE_ON_INCOMPARABLE,INCOMPARABLE,meta-llama/Llama-3.3-70B-Instruct-Turbo,INCOMPARABLE,STANCE_MAINTAINED,INCOMPARABLE,NO,FAVOR,FAVOR,False,INCOMPARABLE,STANCE_MAINTAINED,INCOMPARABLE,MODEL_PREDICTION_ON_SYNTHETIC
syn_73fc87b8e147,af4d70f0c140e9c9,pilot,REVERSE_ON_INCOMPARABLE,INCOMPARABLE,Qwen/Qwen2.5-72B-Instruct,INCOMPARABLE,STANCE_MAINTAINED,INCOMPARABLE,NO,FAVOR,FAVOR,False,INCOMPARABLE,STANCE_MAINTAINED,INCOMPARABLE,MODEL_PREDICTION_ON_SYNTHETIC
syn_73fc87b8e147,af4d70f0c140e9c9,pilot,REVERSE_ON_INCOMPARABLE,INCOMPARABLE,meta-llama/Llama-3.3-70B-Instruct-Turbo,INCOMPARABLE,STANCE_MAINTAINED,INCOMPARABLE,NO,FAVOR,FAVOR,False,INCOMPARABLE,STANCE_MAINTAINED,INCOMPARABLE,MODEL_PREDICTION_ON_SYNTHETIC
syn_08d56e3017bc,d3769de977ace19d,pilot,REVERSE_ON_COMPARABLE,STANCE_REVERSED,Qwen/Qwen2.5-72B-Instruct,STANCE_REVERSED,STANCE_REVERSED,STANCE_REVERSED,YES,FAVOR,AGAINST,False,STANCE_MAINTAINED,STANCE_MAINTAINED,STANCE_MAINTAINED,MODEL_PREDICTION_ON_SYNTHETIC
syn_08d56e3017bc,d3769de977ace19d,pilot,REVERSE_ON_COMPARABLE,STANCE_REVERSED,meta-llama/Llama-3.3-70B-Instruct-Turbo,STANCE_REVERSED,STANCE_REVERSED,INCOMPARABLE,NO,FAVOR,AGAINST,False,STANCE_MAINTAINED,STANCE_MAINTAINED,STANCE_MAINTAINED,MODEL_PREDICTION_ON_SYNTHETIC
syn_8b8a272f4fab,d3769de977ace19d,pilot,NEGATED_PARAPHRASE,STANCE_MAINTAINED,Qwen/Qwen2.5-72B-Instruct,STANCE_MAINTAINED,STANCE_MAINTAINED,STANCE_MAINTAINED,YES,FAVOR,FAVOR,False,STANCE_MAINTAINED,STANCE_MAINTAINED,STANCE_MAINTAINED,MODEL_PREDICTION_ON_SYNTHETIC
syn_8b8a272f4fab,d3769de977ace19d,pilot,NEGATED_PARAPHRASE,STANCE_MAINTAINED,meta-llama/Llama-3.3-70B-Instruct-Turbo,STANCE_MAINTAINED,STANCE_MAINTAINED,STANCE_MAINTAINED,YES,FAVOR,FAVOR,False,STANCE_MAINTAINED,STANCE_MAINTAINED,STANCE_MAINTAINED,MODEL_PREDICTION_ON_SYNTHETIC
syn_b3a9b90f5e23,d4c07b40fb424a0c,pilot,NEGATED_PARAPHRASE,STANCE_MAINTAINED,Qwen/Qwen2.5-72B-Instruct,STANCE_MAINTAINED,STANCE_MAINTAINED,STANCE_MAINTAINED,YES,FAVOR,FAVOR,False,STANCE_MAINTAINED,STANCE_MAINTAINED,STANCE_MAINTAINED,MODEL_PREDICTION_ON_SYNTHETIC
syn_b3a9b90f5e23,d4c07b40fb424a0c,pilot,NEGATED_PARAPHRASE,STANCE_MAINTAINED,meta-llama/Llama-3.3-70B-Instruct-Turbo,STANCE_MAINTAINED,STANCE_MAINTAINED,STANCE_MAINTAINED,YES,AGAINST,AGAINST,False,STANCE_MAINTAINED,STANCE_MAINTAINED,STANCE_MAINTAINED,MODEL_PREDICTION_ON_SYNTHETIC
syn_afdaab6d2eb3,d4c07b40fb424a0c,pilot,SHIFT_PROPOSITION,INCOMPARABLE,Qwen/Qwen2.5-72B-Instruct,STANCE_MAINTAINED,STANCE_MAINTAINED,STANCE_MAINTAINED,YES,AGAINST,AGAINST,False,STANCE_MAINTAINED,STANCE_MAINTAINED,STANCE_MAINTAINED,MODEL_PREDICTION_ON_SYNTHETIC
syn_afdaab6d2eb3,d4c07b40fb424a0c,pilot,SHIFT_PROPOSITION,INCOMPARABLE,meta-llama/Llama-3.3-70B-Instruct-Turbo,STANCE_MAINTAINED,STANCE_MAINTAINED,STANCE_MAINTAINED,YES,AGAINST,AGAINST,False,STANCE_MAINTAINED,STANCE_MAINTAINED,STANCE_MAINTAINED,MODEL_PREDICTION_ON_SYNTHETIC
syn_c6a2a29ef0b4,de54c782d361768c,pilot,REVERSE_ON_INCOMPARABLE,INCOMPARABLE,Qwen/Qwen2.5-72B-Instruct,INCOMPARABLE,STANCE_REVERSED,INCOMPARABLE,NO,FAVOR,AGAINST,False,INCOMPARABLE,STANCE_MAINTAINED,INCOMPARABLE,MODEL_PREDICTION_ON_SYNTHETIC
syn_c6a2a29ef0b4,de54c782d361768c,pilot,REVERSE_ON_INCOMPARABLE,INCOMPARABLE,meta-llama/Llama-3.3-70B-Instruct-Turbo,INCOMPARABLE,STANCE_REVERSED,INCOMPARABLE,NO,FAVOR,AGAINST,False,INCOMPARABLE,STANCE_MAINTAINED,INCOMPARABLE,MODEL_PREDICTION_ON_SYNTHETIC
syn_db7a3f8f200d,e001ebac1d8033f1,pilot,REVERSE_ON_COMPARABLE,STANCE_REVERSED,Qwen/Qwen2.5-72B-Instruct,STANCE_REVERSED,STANCE_REVERSED,INCOMPARABLE,NO,FAVOR,AGAINST,False,STANCE_MAINTAINED,STANCE_MAINTAINED,STANCE_MAINTAINED,MODEL_PREDICTION_ON_SYNTHETIC
syn_db7a3f8f200d,e001ebac1d8033f1,pilot,REVERSE_ON_COMPARABLE,STANCE_REVERSED,meta-llama/Llama-3.3-70B-Instruct-Turbo,INCOMPARABLE,STANCE_REVERSED,INCOMPARABLE,NO,FAVOR,AGAINST,False,STANCE_MAINTAINED,STANCE_MAINTAINED,INCOMPARABLE,MODEL_PREDICTION_ON_SYNTHETIC
syn_7f48e74c939f,e001ebac1d8033f1,pilot,SHIFT_PROPOSITION,INCOMPARABLE,Qwen/Qwen2.5-72B-Instruct,STANCE_MAINTAINED,STANCE_MAINTAINED,STANCE_MAINTAINED,YES,FAVOR,FAVOR,False,STANCE_MAINTAINED,STANCE_MAINTAINED,STANCE_MAINTAINED,MODEL_PREDICTION_ON_SYNTHETIC
syn_7f48e74c939f,e001ebac1d8033f1,pilot,SHIFT_PROPOSITION,INCOMPARABLE,meta-llama/Llama-3.3-70B-Instruct-Turbo,STANCE_MAINTAINED,STANCE_MAINTAINED,INCOMPARABLE,NO,FAVOR,FAVOR,False,STANCE_MAINTAINED,STANCE_MAINTAINED,INCOMPARABLE,MODEL_PREDICTION_ON_SYNTHETIC
syn_e7ba8f110044,e13d509a937ffa5f,expansion,REVERSE_ON_INCOMPARABLE,INCOMPARABLE,Qwen/Qwen2.5-72B-Instruct,INCOMPARABLE,STANCE_MAINTAINED,INCOMPARABLE,NO,FAVOR,FAVOR,False,INCOMPARABLE,STANCE_MAINTAINED,INCOMPARABLE,MODEL_PREDICTION_ON_SYNTHETIC
syn_e7ba8f110044,e13d509a937ffa5f,expansion,REVERSE_ON_INCOMPARABLE,INCOMPARABLE,meta-llama/Llama-3.3-70B-Instruct-Turbo,INCOMPARABLE,STANCE_MAINTAINED,INCOMPARABLE,NO,FAVOR,FAVOR,False,INCOMPARABLE,STANCE_MAINTAINED,INCOMPARABLE,MODEL_PREDICTION_ON_SYNTHETIC
syn_8dfd859600d4,e6a308550846aa5f,pilot,REVERSE_ON_INCOMPARABLE,INCOMPARABLE,Qwen/Qwen2.5-72B-Instruct,INCOMPARABLE,INSUFFICIENT_EVIDENCE,INSUFFICIENT_EVIDENCE,NO,UNCERTAIN,AGAINST,False,INCOMPARABLE,INSUFFICIENT_EVIDENCE,INSUFFICIENT_EVIDENCE,MODEL_PREDICTION_ON_SYNTHETIC
syn_8dfd859600d4,e6a308550846aa5f,pilot,REVERSE_ON_INCOMPARABLE,INCOMPARABLE,meta-llama/Llama-3.3-70B-Instruct-Turbo,INCOMPARABLE,STANCE_MAINTAINED,INCOMPARABLE,NO,FAVOR,FAVOR,False,INCOMPARABLE,INSUFFICIENT_EVIDENCE,INSUFFICIENT_EVIDENCE,MODEL_PREDICTION_ON_SYNTHETIC
syn_6f89da01829d,ffe531755c6def2e,expansion,REVERSE_ON_COMPARABLE,STANCE_REVERSED,Qwen/Qwen2.5-72B-Instruct,STANCE_REVERSED,STANCE_REVERSED,INCOMPARABLE,NO,AGAINST,FAVOR,False,STANCE_MAINTAINED,STANCE_MAINTAINED,STANCE_MAINTAINED,MODEL_PREDICTION_ON_SYNTHETIC
syn_6f89da01829d,ffe531755c6def2e,expansion,REVERSE_ON_COMPARABLE,STANCE_REVERSED,meta-llama/Llama-3.3-70B-Instruct-Turbo,STANCE_REVERSED,STANCE_REVERSED,INCOMPARABLE,NO,AGAINST,FAVOR,False,STANCE_MAINTAINED,STANCE_MAINTAINED,INCOMPARABLE,MODEL_PREDICTION_ON_SYNTHETIC
syn_cbd48cb23569,ffe531755c6def2e,expansion,NEGATED_PARAPHRASE,STANCE_MAINTAINED,Qwen/Qwen2.5-72B-Instruct,STANCE_MAINTAINED,STANCE_MAINTAINED,INCOMPARABLE,NO,AGAINST,AGAINST,False,STANCE_MAINTAINED,STANCE_MAINTAINED,STANCE_MAINTAINED,MODEL_PREDICTION_ON_SYNTHETIC
syn_cbd48cb23569,ffe531755c6def2e,expansion,NEGATED_PARAPHRASE,STANCE_MAINTAINED,meta-llama/Llama-3.3-70B-Instruct-Turbo,STANCE_MAINTAINED,STANCE_MAINTAINED,INCOMPARABLE,NO,AGAINST,AGAINST,False,STANCE_MAINTAINED,STANCE_MAINTAINED,INCOMPARABLE,MODEL_PREDICTION_ON_SYNTHETIC
syn_32eb1fccde21,ffe531755c6def2e,expansion,SHIFT_PROPOSITION,INCOMPARABLE,Qwen/Qwen2.5-72B-Instruct,STANCE_MAINTAINED,STANCE_MAINTAINED,INCOMPARABLE,NO,AGAINST,AGAINST,False,STANCE_MAINTAINED,STANCE_MAINTAINED,STANCE_MAINTAINED,MODEL_PREDICTION_ON_SYNTHETIC
syn_32eb1fccde21,ffe531755c6def2e,expansion,SHIFT_PROPOSITION,INCOMPARABLE,meta-llama/Llama-3.3-70B-Instruct-Turbo,STANCE_MAINTAINED,STANCE_MAINTAINED,INCOMPARABLE,NO,AGAINST,AGAINST,False,STANCE_MAINTAINED,STANCE_MAINTAINED,INCOMPARABLE,MODEL_PREDICTION_ON_SYNTHETIC
